z,x,y
0.652583658695221,0,0
0.6613336354494095,1,0
0.6650935262441635,2,0
0.6627202928066254,3,0
0.6622592955827713,4,0
0.671360969543457,5,0
0.6710680574178696,6,0
0.6683324575424194,7,0
0.6716962456703186,8,0
0.6848016977310181,9,0
0.6918192505836487,10,0
0.6890936642885208,11,0
0.6894883811473846,12,0
0.6964061558246613,13,0
0.7008062452077866,14,0
0.689533457159996,15,0
0.6815153211355209,16,0
0.6773120313882828,17,0
0.6689554005861282,18,0
0.6483416259288788,19,0
0.6359572559595108,20,0
0.6243039667606354,21,0
0.6182753965258598,22,0
0.6220310106873512,23,0
0.6194151341915131,24,0
0.6254797875881195,25,0
0.6355367600917816,26,0
0.6388684809207916,27,0
0.6491527110338211,28,0
0.6518914848566055,29,0
0.6414143592119217,30,0
0.6372097283601761,31,0
0.631805956363678,32,0
0.6323070973157883,33,0
0.628945991396904,34,0
0.6226834356784821,35,0
0.622065506875515,36,0
0.643342062830925,37,0
0.646381139755249,38,0
0.6484328359365463,39,0
0.6431784927845001,40,0
0.6377272307872772,41,0
0.6268348693847656,42,0
0.6212551891803741,43,0
0.6068223193287849,44,0
0.5901662036776543,45,0
0.577349454164505,46,0
0.5752461552619934,47,0
0.572544664144516,48,0
0.5797241106629372,49,0
0.5817387253046036,50,0
0.5895533338189125,51,0
0.5988310500979424,52,0
0.6046190038323402,53,0
0.6086059585213661,54,0
0.610994316637516,55,0
0.6180184558033943,56,0
0.6260136216878891,57,0
0.6304383873939514,58,0
0.6329101026058197,59,0
0.6440094411373138,60,0
0.6424912214279175,61,0
0.6394280195236206,62,0
0.6341834664344788,63,0
0.6351942867040634,64,0
0.6477878540754318,65,0
0.6499145328998566,66,0
0.6456557363271713,67,0
0.6551133543252945,68,0
0.6794441789388657,69,0
0.6957162618637085,70,0
0.7117767184972763,71,0
0.7305268198251724,72,0
0.735571414232254,73,0
0.7425773441791534,74,0
0.7444414049386978,75,0
0.7431173324584961,76,0
0.7541541755199432,77,0
0.7551926970481873,78,0
0.7587554454803467,79,0
0.7639724910259247,80,0
0.7690979242324829,81,0
0.7701813876628876,82,0
0.7673935890197754,83,0
0.7639835476875305,84,0
0.7547836601734161,85,0
0.7496494203805923,86,0
0.7434242516756058,87,0
0.7378321439027786,88,0
0.7363843023777008,89,0
0.7297604531049728,90,0
0.7247367352247238,91,0
0.7247284650802612,92,0
0.7217581868171692,93,0
0.7133257538080215,94,0
0.7003457099199295,95,0
0.6957534402608871,96,0
0.6857636868953705,97,0
0.6831900030374527,98,0
0.6692111492156982,99,0
0.6677117496728897,100,0
0.6653569489717484,101,0
0.6586421877145767,102,0
0.6530382335186005,103,0
0.6487598717212677,104,0
0.6393163055181503,105,0
0.6336811482906342,106,0
0.6323271840810776,107,0
0.6427772492170334,108,0
0.6468196660280228,109,0
0.6486109495162964,110,0
0.6469168961048126,111,0
0.6463024914264679,112,0
0.6462276577949524,113,0
0.6494532525539398,114,0
0.6413805931806564,115,0
0.631239503622055,116,0
0.6257864981889725,117,0
0.6144195050001144,118,0
0.6127368435263634,119,0
0.610973484814167,120,0
0.6075511202216148,121,0
0.5975009724497795,122,0
0.5928764939308167,123,0
0.5884216725826263,124,0
0.6020437106490135,125,0
0.6111393496394157,126,0
0.6068988293409348,127,0
0.6044599264860153,128,0
0.6013766974210739,129,0
0.5988792777061462,130,0
0.5996564850211143,131,0
0.6066213473677635,132,0
0.610776998102665,133,0
0.6075781285762787,134,0
0.5911408290266991,135,0
0.5906040444970131,136,0
0.5916987806558609,137,0
0.5888885408639908,138,0
0.5849603191018105,139,0
0.5870338901877403,140,0
0.5836119279265404,141,0
0.5803288519382477,142,0
0.5771313086152077,143,0
0.5733100473880768,144,0
0.5790065973997116,145,0
0.583942323923111,146,0
0.5867182463407516,147,0
0.585429385304451,148,0
0.5814347639679909,149,0
0.6641052812337875,0,1
0.670112356543541,1,1
0.6730605512857437,2,1
0.6735479831695557,3,1
0.6734178066253662,4,1
0.6738726943731308,5,1
0.6763066053390503,6,1
0.6749528050422668,7,1
0.6780492812395096,8,1
0.6848680078983307,9,1
0.6950208097696304,10,1
0.6909644305706024,11,1
0.6867202073335648,12,1
0.6855379492044449,13,1
0.6913329660892487,14,1
0.6861584037542343,15,1
0.6813351064920425,16,1
0.6748345047235489,17,1
0.6708169430494308,18,1
0.656686082482338,19,1
0.6443679481744766,20,1
0.6263402551412582,21,1
0.6176315099000931,22,1
0.61827801913023,23,1
0.609943076968193,24,1
0.6065970659255981,25,1
0.614334836602211,26,1
0.6257919520139694,27,1
0.6351940929889679,28,1
0.6342529356479645,29,1
0.624663919210434,30,1
0.625090166926384,31,1
0.6247047260403633,32,1
0.6247031316161156,33,1
0.6215668991208076,34,1
0.6185743436217308,35,1
0.626057043671608,36,1
0.6339308768510818,37,1
0.6459124386310577,38,1
0.6511075645685196,39,1
0.6487179696559906,40,1
0.637569397687912,41,1
0.6249856129288673,42,1
0.6166590303182602,43,1
0.6024531722068787,44,1
0.5880063697695732,45,1
0.5749341398477554,46,1
0.5808597207069397,47,1
0.5780623704195023,48,1
0.5805399864912033,49,1
0.5827318653464317,50,1
0.5836829468607903,51,1
0.5855805799365044,52,1
0.5945495963096619,53,1
0.5984774008393288,54,1
0.6055398881435394,55,1
0.6084991171956062,56,1
0.6105067059397697,57,1
0.6187168136239052,58,1
0.6272367686033249,59,1
0.6340794265270233,60,1
0.636610358953476,61,1
0.6356240808963776,62,1
0.6357613950967789,63,1
0.6385844796895981,64,1
0.6456798911094666,65,1
0.6504346281290054,66,1
0.6464197337627411,67,1
0.6539449840784073,68,1
0.6716308146715164,69,1
0.6867229640483856,70,1
0.6996154636144638,71,1
0.7148994952440262,72,1
0.7202287912368774,73,1
0.7224845290184021,74,1
0.7334265559911728,75,1
0.738349661231041,76,1
0.7379429787397385,77,1
0.7383790165185928,78,1
0.7441200166940689,79,1
0.7480819523334503,80,1
0.7519351541996002,81,1
0.7540114521980286,82,1
0.7535493671894073,83,1
0.7502329349517822,84,1
0.7436719685792923,85,1
0.7376194149255753,86,1
0.7331435680389404,87,1
0.7307339608669281,88,1
0.7273748219013214,89,1
0.7254290282726288,90,1
0.7196137011051178,91,1
0.7203438580036163,92,1
0.7129217386245728,93,1
0.7063178420066833,94,1
0.6982609778642654,95,1
0.6913242340087891,96,1
0.6839013695716858,97,1
0.6722942590713501,98,1
0.6613955199718475,99,1
0.6614196747541428,100,1
0.6622425019741058,101,1
0.6562398374080658,102,1
0.6456779390573502,103,1
0.6414824426174164,104,1
0.6355654150247574,105,1
0.6319911777973175,106,1
0.6306274384260178,107,1
0.6360386908054352,108,1
0.6464376598596573,109,1
0.6555072963237762,110,1
0.6587839275598526,111,1
0.6583798825740814,112,1
0.6583897769451141,113,1
0.6546281725168228,114,1
0.6433588862419128,115,1
0.6465415060520172,116,1
0.6429911702871323,117,1
0.6347629427909851,118,1
0.6262717694044113,119,1
0.6238875165581703,120,1
0.6165641993284225,121,1
0.606714740395546,122,1
0.6031163036823273,123,1
0.6002416610717773,124,1
0.6146562471985817,125,1
0.6198678314685822,126,1
0.6121506094932556,127,1
0.6067047268152237,128,1
0.6037770211696625,129,1
0.5967947542667389,130,1
0.6070101633667946,131,1
0.610608421266079,132,1
0.6097199097275734,133,1
0.6075733527541161,134,1
0.5919651463627815,135,1
0.5898289233446121,136,1
0.5876249149441719,137,1
0.5862514674663544,138,1
0.5858600065112114,139,1
0.5858578085899353,140,1
0.5824327170848846,141,1
0.5828272700309753,142,1
0.5785820931196213,143,1
0.5751553326845169,144,1
0.5786335170269012,145,1
0.582160085439682,146,1
0.5849490240216255,147,1
0.5807288363575935,148,1
0.5759383887052536,149,1
0.6755644977092743,0,2
0.6772868931293488,1,2
0.6761397570371628,2,2
0.6742895096540451,3,2
0.6734290719032288,4,2
0.6765853315591812,5,2
0.6798873096704483,6,2
0.6807443350553513,7,2
0.6820304989814758,8,2
0.6865266859531403,9,2
0.6906274408102036,10,2
0.6866978406906128,11,2
0.6796620935201645,12,2
0.6794185191392899,13,2
0.6824000030755997,14,2
0.6788225322961807,15,2
0.6667714864015579,16,2
0.6655881255865097,17,2
0.6677054613828659,18,2
0.6542515903711319,19,2
0.6376090198755264,20,2
0.6225277706980705,21,2
0.6136198490858078,22,2
0.6052282229065895,23,2
0.5969896391034126,24,2
0.5949841737747192,25,2
0.6004712358117104,26,2
0.6117558255791664,27,2
0.6147383376955986,28,2
0.6151532679796219,29,2
0.6121554598212242,30,2
0.6078343465924263,31,2
0.6070232316851616,32,2
0.6140588372945786,33,2
0.6106378734111786,34,2
0.6063958257436752,35,2
0.6165587529540062,36,2
0.6243827566504478,37,2
0.6404348462820053,38,2
0.6445194631814957,39,2
0.644086480140686,40,2
0.6364608854055405,41,2
0.6280340403318405,42,2
0.6158562377095222,43,2
0.6024945080280304,44,2
0.5885897278785706,45,2
0.5763302817940712,46,2
0.5854254812002182,47,2
0.5809543877840042,48,2
0.5809235647320747,49,2
0.5787317082285881,50,2
0.5789417549967766,51,2
0.5813090652227402,52,2
0.5916663706302643,53,2
0.596504844725132,54,2
0.5994607135653496,55,2
0.6031131520867348,56,2
0.6065539643168449,57,2
0.6136762425303459,58,2
0.6217502281069756,59,2
0.6317324787378311,60,2
0.6339436769485474,61,2
0.6347161680459976,62,2
0.635722205042839,63,2
0.6398844420909882,64,2
0.6404505372047424,65,2
0.640395313501358,66,2
0.6422526091337204,67,2
0.650862380862236,68,2
0.661756619811058,69,2
0.6814828366041183,70,2
0.6915661990642548,71,2
0.697632685303688,72,2
0.7009748816490173,73,2
0.7083244770765305,74,2
0.7144170552492142,75,2
0.721473291516304,76,2
0.7217051088809967,77,2
0.7218472957611084,78,2
0.7277221381664276,79,2
0.7311733216047287,80,2
0.7348234802484512,81,2
0.7371249794960022,82,2
0.7350871413946152,83,2
0.7320347726345062,84,2
0.7284819334745407,85,2
0.7276957631111145,86,2
0.7225400060415268,87,2
0.7194377928972244,88,2
0.7183849215507507,89,2
0.7221203595399857,90,2
0.7133607119321823,91,2
0.7115673124790192,92,2
0.7063211798667908,93,2
0.6980755031108856,94,2
0.6918203979730606,95,2
0.6838662624359131,96,2
0.6747114807367325,97,2
0.6657562255859375,98,2
0.659156396985054,99,2
0.655717208981514,100,2
0.6570143103599548,101,2
0.6508277058601379,102,2
0.641039103269577,103,2
0.6371685415506363,104,2
0.6325411200523376,105,2
0.6317782551050186,106,2
0.6339897960424423,107,2
0.6371085047721863,108,2
0.6459490805864334,109,2
0.6578041017055511,110,2
0.6663755625486374,111,2
0.6687250882387161,112,2
0.6657124906778336,113,2
0.6612060964107513,114,2
0.6584903448820114,115,2
0.6558592617511749,116,2
0.6541982442140579,117,2
0.644873633980751,118,2
0.6372022330760956,119,2
0.6325409859418869,120,2
0.6257053315639496,121,2
0.6166156679391861,122,2
0.6085748746991158,123,2
0.6102053001523018,124,2
0.6228009462356567,125,2
0.6226262971758842,126,2
0.6132465451955795,127,2
0.6112961918115616,128,2
0.6078052669763565,129,2
0.6054647564888,130,2
0.6109182313084602,131,2
0.6138503178954124,132,2
0.6092406958341599,133,2
0.6073612570762634,134,2
0.5939696878194809,135,2
0.589628130197525,136,2
0.5866386666893959,137,2
0.5852006077766418,138,2
0.5837488174438477,139,2
0.5845022201538086,140,2
0.5801483318209648,141,2
0.5803916081786156,142,2
0.5783234387636185,143,2
0.5822339430451393,144,2
0.5804824158549309,145,2
0.5829769149422646,146,2
0.5820015966892242,147,2
0.5808704122900963,148,2
0.5750890150666237,149,2
0.6763975620269775,0,3
0.6790354400873184,1,3
0.6819489300251007,2,3
0.6769747883081436,3,3
0.673694372177124,4,3
0.676424190402031,5,3
0.6802599430084229,6,3
0.6818639039993286,7,3
0.6806285381317139,8,3
0.6866432726383209,9,3
0.6812939345836639,10,3
0.6782739907503128,11,3
0.6706083565950394,12,3
0.6766935735940933,13,3
0.6773199886083603,14,3
0.6722511202096939,15,3
0.6673741489648819,16,3
0.6607939153909683,17,3
0.6624012142419815,18,3
0.6467976868152618,19,3
0.6255096942186356,20,3
0.6150325685739517,21,3
0.605119988322258,22,3
0.6009027287364006,23,3
0.5893997997045517,24,3
0.5817745923995972,25,3
0.5819311141967773,26,3
0.5933460146188736,27,3
0.5975248143076897,28,3
0.6022818386554718,29,3
0.59586551040411,30,3
0.589674636721611,31,3
0.5911291465163231,32,3
0.6005076766014099,33,3
0.6027477607131004,34,3
0.6037085130810738,35,3
0.6099969893693924,36,3
0.6204427629709244,37,3
0.6314941197633743,38,3
0.6335416585206985,39,3
0.6352658569812775,40,3
0.6344020664691925,41,3
0.6242751851677895,42,3
0.6133409440517426,43,3
0.5980644077062607,44,3
0.5931434333324432,45,3
0.5862074419856071,46,3
0.5840582177042961,47,3
0.5851725339889526,48,3
0.5819942206144333,49,3
0.5826287195086479,50,3
0.5799966380000114,51,3
0.5806900262832642,52,3
0.5868890136480331,53,3
0.5876404494047165,54,3
0.591466598212719,55,3
0.5911811888217926,56,3
0.5974721312522888,57,3
0.6041033715009689,58,3
0.6194571256637573,59,3
0.6352902948856354,60,3
0.6337330490350723,61,3
0.632273718714714,62,3
0.6309811770915985,63,3
0.6412347704172134,64,3
0.6375715285539627,65,3
0.6498044580221176,66,3
0.6488374620676041,67,3
0.6464889645576477,68,3
0.6545029133558273,69,3
0.670606330037117,70,3
0.6774824112653732,71,3
0.6820900291204453,72,3
0.6860498934984207,73,3
0.6913292855024338,74,3
0.6970566064119339,75,3
0.7046936750411987,76,3
0.7063636630773544,77,3
0.7080963104963303,78,3
0.7131191790103912,79,3
0.7198000848293304,80,3
0.7231239974498749,81,3
0.7221484482288361,82,3
0.7196914106607437,83,3
0.7143658995628357,84,3
0.7069461345672607,85,3
0.7127472013235092,86,3
0.7088783085346222,87,3
0.7077367454767227,88,3
0.7108532339334488,89,3
0.7053942978382111,90,3
0.7030676007270813,91,3
0.7007464468479156,92,3
0.6997290402650833,93,3
0.6961715817451477,94,3
0.6904303580522537,95,3
0.673803299665451,96,3
0.6674734950065613,97,3
0.656128779053688,98,3
0.6536720246076584,99,3
0.6552045047283173,100,3
0.6506403535604477,101,3
0.6505564004182816,102,3
0.6415879726409912,103,3
0.6370742321014404,104,3
0.6347031742334366,105,3
0.6335214227437973,106,3
0.634478971362114,107,3
0.6347222179174423,108,3
0.6478980332612991,109,3
0.6574588865041733,110,3
0.6708570271730423,111,3
0.6716936975717545,112,3
0.6702994257211685,113,3
0.6691395938396454,114,3
0.6721964329481125,115,3
0.6747454404830933,116,3
0.6609295457601547,117,3
0.6488024741411209,118,3
0.6440103948116302,119,3
0.6453648060560226,120,3
0.640870526432991,121,3
0.6287058889865875,122,3
0.6213312745094299,123,3
0.6210308745503426,124,3
0.6277318298816681,125,3
0.6286889463663101,126,3
0.621390238404274,127,3
0.6178066655993462,128,3
0.6124285012483597,129,3
0.6057313159108162,130,3
0.6140165403485298,131,3
0.6153041198849678,132,3
0.6102325022220612,133,3
0.6068788021802902,134,3
0.5939388275146484,135,3
0.5878020375967026,136,3
0.5849370136857033,137,3
0.5822596549987793,138,3
0.5735724866390228,139,3
0.5783903747797012,140,3
0.5737370252609253,141,3
0.5706472173333168,142,3
0.5744515806436539,143,3
0.577700786292553,144,3
0.5776053890585899,145,3
0.5758170336484909,146,3
0.576573945581913,147,3
0.5770215317606926,148,3
0.5742360651493073,149,3
0.6772463917732239,0,4
0.6826134920120239,1,4
0.6813673824071884,2,4
0.6817241758108139,3,4
0.6792428642511368,4,4
0.6765980124473572,5,4
0.6793496161699295,6,4
0.6765877157449722,7,4
0.6746216267347336,8,4
0.686532124876976,9,4
0.6819320917129517,10,4
0.67472705245018,11,4
0.6691597104072571,12,4
0.6738014966249466,13,4
0.667865201830864,14,4
0.6695360541343689,15,4
0.6653700023889542,16,4
0.6556098312139511,17,4
0.6475655883550644,18,4
0.6380705535411835,19,4
0.6234013736248016,20,4
0.610067829489708,21,4
0.5985902473330498,22,4
0.5899300947785378,23,4
0.5772947296500206,24,4
0.5714397728443146,25,4
0.5746811628341675,26,4
0.5798675194382668,27,4
0.5813365280628204,28,4
0.579650804400444,29,4
0.5744622722268105,30,4
0.5708432421088219,31,4
0.5710521787405014,32,4
0.5802016779780388,33,4
0.5923172831535339,34,4
0.5999382138252258,35,4
0.6094684675335884,36,4
0.6130110695958138,37,4
0.6221426427364349,38,4
0.6279914677143097,39,4
0.6260124444961548,40,4
0.6249942481517792,41,4
0.6273861825466156,42,4
0.6130276992917061,43,4
0.6029654145240784,44,4
0.6001379191875458,45,4
0.5956030786037445,46,4
0.5936943739652634,47,4
0.58639245480299,48,4
0.5785424187779427,49,4
0.5768503695726395,50,4
0.5759074091911316,51,4
0.5791147947311401,52,4
0.5832798257470131,53,4
0.58392134308815,54,4
0.5901971235871315,55,4
0.5864269435405731,56,4
0.5863395556807518,57,4
0.5935244113206863,58,4
0.6097729951143265,59,4
0.622908465564251,60,4
0.6353343725204468,61,4
0.6341511309146881,62,4
0.6316468566656113,63,4
0.6368780583143234,64,4
0.638781949877739,65,4
0.6470983326435089,66,4
0.645626962184906,67,4
0.6508408188819885,68,4
0.658151239156723,69,4
0.6642230451107025,70,4
0.6714958697557449,71,4
0.6733332574367523,72,4
0.6764233112335205,73,4
0.6774627566337585,74,4
0.6826135516166687,75,4
0.6959889382123947,76,4
0.696887269616127,77,4
0.6955236345529556,78,4
0.7015638947486877,79,4
0.7047698646783829,80,4
0.7082289606332779,81,4
0.710506334900856,82,4
0.7065926641225815,83,4
0.6981442719697952,84,4
0.6983464807271957,85,4
0.6992541700601578,86,4
0.6999228894710541,87,4
0.7003050446510315,88,4
0.6974452435970306,89,4
0.6939196288585663,90,4
0.6927451342344284,91,4
0.6897623836994171,92,4
0.6959511488676071,93,4
0.6951728612184525,94,4
0.686504065990448,95,4
0.6735497862100601,96,4
0.6633510291576385,97,4
0.6563771963119507,98,4
0.6544856578111649,99,4
0.6581187695264816,100,4
0.6535086929798126,101,4
0.6427062898874283,102,4
0.6377813071012497,103,4
0.6322270631790161,104,4
0.6343062371015549,105,4
0.6354307979345322,106,4
0.6365737617015839,107,4
0.638332337141037,108,4
0.6494161039590836,109,4
0.6607781499624252,110,4
0.6677975803613663,111,4
0.6720576882362366,112,4
0.6758745610713959,113,4
0.6765866428613663,114,4
0.6840046495199203,115,4
0.6812587082386017,116,4
0.6744483560323715,117,4
0.6625928580760956,118,4
0.6571145802736282,119,4
0.6573273688554764,120,4
0.654153510928154,121,4
0.6470303237438202,122,4
0.6448851376771927,123,4
0.6430718302726746,124,4
0.640269935131073,125,4
0.64615897834301,126,4
0.6358572244644165,127,4
0.6274619549512863,128,4
0.6219216361641884,129,4
0.6169151663780212,130,4
0.6170089319348335,131,4
0.6151599511504173,132,4
0.6099602803587914,133,4
0.6014709398150444,134,4
0.5953952595591545,135,4
0.587504081428051,136,4
0.5817083939909935,137,4
0.580518901348114,138,4
0.575324758887291,139,4
0.5749994739890099,140,4
0.5690582543611526,141,4
0.568167045712471,142,4
0.5659312829375267,143,4
0.5682356655597687,144,4
0.5706934928894043,145,4
0.5696603879332542,146,4
0.5728788450360298,147,4
0.5758190676569939,148,4
0.5668399408459663,149,4
0.677815392613411,0,5
0.6742972284555435,1,5
0.6736983358860016,2,5
0.6793763488531113,3,5
0.679873451590538,4,5
0.6765352785587311,5,5
0.6758476793766022,6,5
0.6661584079265594,7,5
0.6689472943544388,8,5
0.6800249367952347,9,5
0.684484452009201,10,5
0.6797023415565491,11,5
0.6681923419237137,12,5
0.6582902371883392,13,5
0.6628057211637497,14,5
0.6629566252231598,15,5
0.6654521822929382,16,5
0.6451096832752228,17,5
0.6311493217945099,18,5
0.6236480250954628,19,5
0.6167955994606018,20,5
0.6025886088609695,21,5
0.5907840207219124,22,5
0.5769046097993851,23,5
0.5635232031345367,24,5
0.5632448270916939,25,5
0.5694510564208031,26,5
0.5729455798864365,27,5
0.5691086277365685,28,5
0.5646252781152725,29,5
0.5597963072359562,30,5
0.5577868930995464,31,5
0.5532790198922157,32,5
0.5699641183018684,33,5
0.5875247195363045,34,5
0.5948838368058205,35,5
0.6064186319708824,36,5
0.6171159595251083,37,5
0.6247463375329971,38,5
0.6209414750337601,39,5
0.6187060624361038,40,5
0.6166076883673668,41,5
0.6225758120417595,42,5
0.6168279200792313,43,5
0.6093224808573723,44,5
0.6071784198284149,45,5
0.6030749455094337,46,5
0.5997981056571007,47,5
0.5899336859583855,48,5
0.5822444036602974,49,5
0.5809797123074532,50,5
0.5787466391921043,51,5
0.5784361734986305,52,5
0.5822644904255867,53,5
0.5852368399500847,54,5
0.5879473611712456,55,5
0.5880046188831329,56,5
0.5872409120202065,57,5
0.5903149396181107,58,5
0.5968416482210159,59,5
0.6052137985825539,60,5
0.6239918321371078,61,5
0.6305078268051147,62,5
0.6299286931753159,63,5
0.6312206089496613,64,5
0.6371513456106186,65,5
0.6491018235683441,66,5
0.644817978143692,67,5
0.6496452689170837,68,5
0.6560364216566086,69,5
0.658241868019104,70,5
0.664182037115097,71,5
0.6622685343027115,72,5
0.6628794372081757,73,5
0.6647363901138306,74,5
0.6786530166864395,75,5
0.6879868656396866,76,5
0.6903756707906723,77,5
0.6860746145248413,78,5
0.6873885095119476,79,5
0.6881931573152542,80,5
0.6922708004713058,81,5
0.6912255436182022,82,5
0.6880097538232803,83,5
0.6841551661491394,84,5
0.6855300068855286,85,5
0.6865403950214386,86,5
0.689840167760849,87,5
0.6893534809350967,88,5
0.6850294023752213,89,5
0.6810674369335175,90,5
0.6834122836589813,91,5
0.6793478280305862,92,5
0.6836231052875519,93,5
0.6831441074609756,94,5
0.6821259558200836,95,5
0.6715224981307983,96,5
0.6589043587446213,97,5
0.6556565761566162,98,5
0.6564176678657532,99,5
0.6593217998743057,100,5
0.6524170637130737,101,5
0.6436466574668884,102,5
0.6370232701301575,103,5
0.6332249790430069,104,5
0.6328226923942566,105,5
0.6368616968393326,106,5
0.6412598639726639,107,5
0.6438867896795273,108,5
0.6517162173986435,109,5
0.6633490025997162,110,5
0.6674906760454178,111,5
0.6739804297685623,112,5
0.6799682974815369,113,5
0.6852234303951263,114,5
0.6858544796705246,115,5
0.6822468489408493,116,5
0.6792087852954865,117,5
0.6737660467624664,118,5
0.6693050265312195,119,5
0.6707668304443359,120,5
0.6708860248327255,121,5
0.6640875488519669,122,5
0.6626082509756088,123,5
0.6575187593698502,124,5
0.6534450352191925,125,5
0.6504770666360855,126,5
0.6420114934444427,127,5
0.6383248120546341,128,5
0.6400062441825867,129,5
0.6308268457651138,130,5
0.6233243122696877,131,5
0.6187722384929657,132,5
0.6118443533778191,133,5
0.6039938181638718,134,5
0.5965796560049057,135,5
0.5893768519163132,136,5
0.5845402181148529,137,5
0.5835792198777199,138,5
0.5760060474276543,139,5
0.5729126706719398,140,5
0.562928669154644,141,5
0.5614836439490318,142,5
0.5596080049872398,143,5
0.5609022602438927,144,5
0.5652689337730408,145,5
0.5674169808626175,146,5
0.5685880705714226,147,5
0.5616929456591606,148,5
0.5603792183101177,149,5
0.6701990813016891,0,6
0.6645002961158752,1,6
0.6694129556417465,2,6
0.6748024076223373,3,6
0.6801520138978958,4,6
0.6856447756290436,5,6
0.6805315762758255,6,6
0.6629907935857773,7,6
0.6655146032571793,8,6
0.680264338850975,9,6
0.6889173835515976,10,6
0.6900576651096344,11,6
0.6790855079889297,12,6
0.6604691594839096,13,6
0.6591937690973282,14,6
0.6611044704914093,15,6
0.6576554477214813,16,6
0.634145587682724,17,6
0.6199877560138702,18,6
0.6179551407694817,19,6
0.6092775166034698,20,6
0.5886723324656487,21,6
0.5800949782133102,22,6
0.5668373703956604,23,6
0.5502780936658382,24,6
0.5494509413838387,25,6
0.5556844212114811,26,6
0.5631570965051651,27,6
0.5631914809346199,28,6
0.5614069327712059,29,6
0.5534032955765724,30,6
0.558286689221859,31,6
0.5537747889757156,32,6
0.5697930380702019,33,6
0.5783308893442154,34,6
0.5905018001794815,35,6
0.6034871190786362,36,6
0.6168986409902573,37,6
0.6217213943600655,38,6
0.6167740225791931,39,6
0.6147515997290611,40,6
0.6183148920536041,41,6
0.6185130178928375,42,6
0.6165036931633949,43,6
0.6105057895183563,44,6
0.6136146932840347,45,6
0.6095090135931969,46,6
0.6053191050887108,47,6
0.6021427065134048,48,6
0.5890053734183311,49,6
0.5849139988422394,50,6
0.5746742859482765,51,6
0.5734367668628693,52,6
0.5715975016355515,53,6
0.5782192647457123,54,6
0.5870936289429665,55,6
0.5837186202406883,56,6
0.5844315215945244,57,6
0.5817861929535866,58,6
0.5806740298867226,59,6
0.5889296755194664,60,6
0.6058380380272865,61,6
0.6186752542853355,62,6
0.6208244785666466,63,6
0.6233325153589249,64,6
0.6277343481779099,65,6
0.6425015926361084,66,6
0.6391899138689041,67,6
0.640078604221344,68,6
0.6488555669784546,69,6
0.6455707848072052,70,6
0.6528486758470535,71,6
0.6558977365493774,72,6
0.6563510894775391,73,6
0.6607742607593536,74,6
0.670307382941246,75,6
0.6778247356414795,76,6
0.678485244512558,77,6
0.6744354367256165,78,6
0.6725984215736389,79,6
0.6738009005784988,80,6
0.673700749874115,81,6
0.6736464202404022,82,6
0.6708689332008362,83,6
0.6711878627538681,84,6
0.6712005883455276,85,6
0.6713792234659195,86,6
0.6736536920070648,87,6
0.674811527132988,88,6
0.6738977432250977,89,6
0.6726445257663727,90,6
0.6728934198617935,91,6
0.66586734354496,92,6
0.6687378287315369,93,6
0.6743617206811905,94,6
0.6749949604272842,95,6
0.6721326559782028,96,6
0.6615438312292099,97,6
0.6586259752511978,98,6
0.6580734252929688,99,6
0.6535941064357758,100,6
0.6448346823453903,101,6
0.6402096152305603,102,6
0.6347023099660873,103,6
0.6321515738964081,104,6
0.6276569813489914,105,6
0.6333552300930023,106,6
0.638335257768631,107,6
0.6441699266433716,108,6
0.6549038589000702,109,6
0.6683784276247025,110,6
0.6691214293241501,111,6
0.6731032431125641,112,6
0.6741587370634079,113,6
0.6861866265535355,114,6
0.6897581815719604,115,6
0.6887387335300446,116,6
0.6912470459938049,117,6
0.6886826306581497,118,6
0.6837257295846939,119,6
0.6852960288524628,120,6
0.6849681884050369,121,6
0.6840348392724991,122,6
0.6746069639921188,123,6
0.6754964292049408,124,6
0.6685533821582794,125,6
0.6650519967079163,126,6
0.6544616222381592,127,6
0.6497470587491989,128,6
0.6501859575510025,129,6
0.6421082615852356,130,6
0.6314409375190735,131,6
0.6227349042892456,132,6
0.61316729336977,133,6
0.6055596023797989,134,6
0.6004322171211243,135,6
0.589360348880291,136,6
0.5874339640140533,137,6
0.579656571149826,138,6
0.5729651674628258,139,6
0.573133759200573,140,6
0.5605393759906292,141,6
0.5605717375874519,142,6
0.558136735111475,143,6
0.5584477819502354,144,6
0.564198449254036,145,6
0.5674205496907234,146,6
0.5678735822439194,147,6
0.564155675470829,148,6
0.5569896399974823,149,6
0.6699163019657135,0,7
0.6664680540561676,1,7
0.669881597161293,2,7
0.6705378741025925,3,7
0.6797173619270325,4,7
0.6900849938392639,5,7
0.6897384375333786,6,7
0.6891177743673325,7,7
0.6784618645906448,8,7
0.6769626140594482,9,7
0.6833529323339462,10,7
0.6893145889043808,11,7
0.6832759231328964,12,7
0.6669434607028961,13,7
0.6539027392864227,14,7
0.6542271226644516,15,7
0.6446907371282578,16,7
0.6211671754717827,17,7
0.6177601665258408,18,7
0.6131498143076897,19,7
0.5997700393199921,20,7
0.5778337717056274,21,7
0.5663206502795219,22,7
0.5535453706979752,23,7
0.5403224006295204,24,7
0.5341267287731171,25,7
0.537694875150919,26,7
0.5529240667819977,27,7
0.5531936474144459,28,7
0.5434027686715126,29,7
0.5429715700447559,30,7
0.5534656345844269,31,7
0.5537090562283993,32,7
0.565355934202671,33,7
0.570710077881813,34,7
0.5823386162519455,35,7
0.5917802006006241,36,7
0.6080330237746239,37,7
0.613512322306633,38,7
0.61448585242033,39,7
0.6158417537808418,40,7
0.6147389486432076,41,7
0.6140190809965134,42,7
0.61668661236763,43,7
0.6188921555876732,44,7
0.6203786730766296,45,7
0.6166825592517853,46,7
0.603390097618103,47,7
0.5960378125309944,48,7
0.5859231650829315,49,7
0.57932049036026,50,7
0.57658851146698,51,7
0.575363926589489,52,7
0.5735224336385727,53,7
0.5762060955166817,54,7
0.58075250685215,55,7
0.5746953412890434,56,7
0.5709371864795685,57,7
0.5709175541996956,58,7
0.5698471888899803,59,7
0.5825792551040649,60,7
0.588748075067997,61,7
0.5961701348423958,62,7
0.6023958548903465,63,7
0.6114659160375595,64,7
0.6241196244955063,65,7
0.6294891089200974,66,7
0.6275501102209091,67,7
0.6300399750471115,68,7
0.6357054263353348,69,7
0.6381077319383621,70,7
0.6472047120332718,71,7
0.6542187333106995,72,7
0.6546077579259872,73,7
0.6590704768896103,74,7
0.6643213778734207,75,7
0.6643326729536057,76,7
0.6604991853237152,77,7
0.6600134819746017,78,7
0.6616795212030411,79,7
0.660032719373703,80,7
0.6585713475942612,81,7
0.6561405658721924,82,7
0.6507650315761566,83,7
0.6485526263713837,84,7
0.6505997329950333,85,7
0.6568422019481659,86,7
0.6583210378885269,87,7
0.6598055958747864,88,7
0.6563774198293686,89,7
0.6577189266681671,90,7
0.6642038375139236,91,7
0.6592032760381699,92,7
0.6627349108457565,93,7
0.6683619469404221,94,7
0.6697769463062286,95,7
0.6656642556190491,96,7
0.6562492251396179,97,7
0.6559251844882965,98,7
0.653761625289917,99,7
0.6478747725486755,100,7
0.6376293450593948,101,7
0.6367753446102142,102,7
0.6348486095666885,103,7
0.6350671499967575,104,7
0.6288468986749649,105,7
0.6308262348175049,106,7
0.6357745975255966,107,7
0.6484329998493195,108,7
0.6565171480178833,109,7
0.6694801598787308,110,7
0.6645932346582413,111,7
0.6697666198015213,112,7
0.6708907783031464,113,7
0.6851958781480789,114,7
0.6912025660276413,115,7
0.6913637816905975,116,7
0.6957332640886307,117,7
0.6950827687978745,118,7
0.6954990476369858,119,7
0.6910307556390762,120,7
0.6911565065383911,121,7
0.6902423799037933,122,7
0.6872390657663345,123,7
0.6823828816413879,124,7
0.6814129054546356,125,7
0.675331249833107,126,7
0.6640173345804214,127,7
0.6596644818782806,128,7
0.6540259420871735,129,7
0.6492177397012711,130,7
0.6408675760030746,131,7
0.6298001557588577,132,7
0.6159255355596542,133,7
0.6073863655328751,134,7
0.6028959453105927,135,7
0.5961265712976456,136,7
0.5915833041071892,137,7
0.5858644545078278,138,7
0.5803367421030998,139,7
0.5757213532924652,140,7
0.5626848787069321,141,7
0.5592570640146732,142,7
0.5573750026524067,143,7
0.5565225332975388,144,7
0.5599435046315193,145,7
0.5632419437170029,146,7
0.5670714229345322,147,7
0.56371258944273,148,7
0.5592818558216095,149,7
0.6640108227729797,0,8
0.6705537736415863,1,8
0.6743469089269638,2,8
0.6761840134859085,3,8
0.6838808059692383,4,8
0.6922729015350342,5,8
0.6944529116153717,6,8
0.699558287858963,7,8
0.6884324550628662,8,8
0.6826525628566742,9,8
0.6815479099750519,10,8
0.6835127919912338,11,8
0.6842176616191864,12,8
0.6693342477083206,13,8
0.6537745743989944,14,8
0.6433308124542236,15,8
0.6342547535896301,16,8
0.6151301115751266,17,8
0.6087377816438675,18,8
0.6012267097830772,19,8
0.5822884738445282,20,8
0.5677242279052734,21,8
0.5538663454353809,22,8
0.5413400568068027,23,8
0.5279289204627275,24,8
0.5229993108659983,25,8
0.5325639024376869,26,8
0.5411260239779949,27,8
0.543304942548275,28,8
0.5419013947248459,29,8
0.5367567241191864,30,8
0.5419863611459732,31,8
0.548601072281599,32,8
0.5544344522058964,33,8
0.563469409942627,34,8
0.5756324604153633,35,8
0.587862066924572,36,8
0.6001131907105446,37,8
0.6067012548446655,38,8
0.6106931269168854,39,8
0.6126826703548431,40,8
0.6125102639198303,41,8
0.6108469292521477,42,8
0.626240998506546,43,8
0.6292422264814377,44,8
0.6288006603717804,45,8
0.6158655285835266,46,8
0.6025956869125366,47,8
0.5950360968708992,48,8
0.587777353823185,49,8
0.5843951851129532,50,8
0.5801402553915977,51,8
0.5742053091526031,52,8
0.5702926069498062,53,8
0.5668881237506866,54,8
0.5638753473758698,55,8
0.5663063228130341,56,8
0.5642905086278915,57,8
0.5621445849537849,58,8
0.5635947361588478,59,8
0.5698083937168121,60,8
0.5729619264602661,61,8
0.5755734294652939,62,8
0.579425647854805,63,8
0.5940336585044861,64,8
0.6025046110153198,65,8
0.6114981919527054,66,8
0.6211107522249222,67,8
0.6222811639308929,68,8
0.624060370028019,69,8
0.6356004476547241,70,8
0.6485996097326279,71,8
0.6521794497966766,72,8
0.6534056812524796,73,8
0.6546784043312073,74,8
0.6592799425125122,75,8
0.6507592797279358,76,8
0.643705278635025,77,8
0.6484090834856033,78,8
0.6511372774839401,79,8
0.6499817073345184,80,8
0.6501021981239319,81,8
0.6444112956523895,82,8
0.637094035744667,83,8
0.6288502067327499,84,8
0.642654225230217,85,8
0.6516195386648178,86,8
0.6523430943489075,87,8
0.6509758979082108,88,8
0.6533157974481583,89,8
0.6557791382074356,90,8
0.65915447473526,91,8
0.6594663262367249,92,8
0.660615086555481,93,8
0.660187840461731,94,8
0.6608003675937653,95,8
0.6571362167596817,96,8
0.6541823148727417,97,8
0.6542253643274307,98,8
0.6517137885093689,99,8
0.6472423821687698,100,8
0.6424054652452469,101,8
0.6398473829030991,102,8
0.6385452151298523,103,8
0.6338454186916351,104,8
0.6296052634716034,105,8
0.6324226558208466,106,8
0.637547105550766,107,8
0.6487191319465637,108,8
0.6616332978010178,109,8
0.6655792146921158,110,8
0.6627610772848129,111,8
0.6682787537574768,112,8
0.6737077087163925,113,8
0.6817898899316788,114,8
0.6857915818691254,115,8
0.6915747076272964,116,8
0.6949828118085861,117,8
0.6992702782154083,118,8
0.7026173323392868,119,8
0.6983991116285324,120,8
0.6958471834659576,121,8
0.6918223649263382,122,8
0.6897765249013901,123,8
0.6896748393774033,124,8
0.6878699660301208,125,8
0.682897225022316,126,8
0.6701731383800507,127,8
0.6583198755979538,128,8
0.6570920944213867,129,8
0.6541871130466461,130,8
0.647995725274086,131,8
0.6357434839010239,132,8
0.6195391491055489,133,8
0.6122339740395546,134,8
0.6066785752773285,135,8
0.6028647646307945,136,8
0.5952172800898552,137,8
0.5885881781578064,138,8
0.5806451886892319,139,8
0.573736272752285,140,8
0.5655985102057457,141,8
0.560850951820612,142,8
0.5587487146258354,143,8
0.557076707482338,144,8
0.5541480965912342,145,8
0.5556515567004681,146,8
0.5591450296342373,147,8
0.5625461637973785,148,8
0.5546248108148575,149,8
0.6661033183336258,0,9
0.6711158454418182,1,9
0.6747573018074036,2,9
0.6797124296426773,3,9
0.6913166493177414,4,9
0.6930793970823288,5,9
0.7030755281448364,6,9
0.6999446451663971,7,9
0.6938667446374893,8,9
0.6853207349777222,9,9
0.6754601150751114,10,9
0.6718616783618927,11,9
0.6669563949108124,12,9
0.656391978263855,13,9
0.648236870765686,14,9
0.6322785913944244,15,9
0.617690309882164,16,9
0.608645498752594,17,9
0.5916027277708054,18,9
0.5875920057296753,19,9
0.5696519762277603,20,9
0.5508536696434021,21,9
0.5395183488726616,22,9
0.5310092959553003,23,9
0.5232247784733772,24,9
0.5197112001478672,25,9
0.5311561580747366,26,9
0.5329466313123703,27,9
0.5369413569569588,28,9
0.5397088788449764,29,9
0.5302716288715601,30,9
0.5357331708073616,31,9
0.5406253486871719,32,9
0.5461362451314926,33,9
0.558469146490097,34,9
0.5757713988423347,35,9
0.5841070637106895,36,9
0.5986639484763145,37,9
0.6057862266898155,38,9
0.6103411391377449,39,9
0.6072898432612419,40,9
0.6140259131789207,41,9
0.6143336519598961,42,9
0.6158179640769958,43,9
0.6166799962520599,44,9
0.6159133389592171,45,9
0.6067438870668411,46,9
0.5971531793475151,47,9
0.5914725512266159,48,9
0.5824044570326805,49,9
0.5850243717432022,50,9
0.5789999514818192,51,9
0.5686942562460899,52,9
0.5618360005319118,53,9
0.5571646764874458,54,9
0.5546633303165436,55,9
0.5572248362004757,56,9
0.5540353134274483,57,9
0.5544849671423435,58,9
0.5566484481096268,59,9
0.5519167631864548,60,9
0.5609111078083515,61,9
0.5699426680803299,62,9
0.5711813867092133,63,9
0.580606997013092,64,9
0.5892569050192833,65,9
0.6077355369925499,66,9
0.6172659620642662,67,9
0.62038604170084,68,9
0.6258428394794464,69,9
0.6370077282190323,70,9
0.6485057175159454,71,9
0.6487115621566772,72,9
0.6532488167285919,73,9
0.6575220972299576,74,9
0.6540793925523758,75,9
0.6482392102479935,76,9
0.640201985836029,77,9
0.6398013383150101,78,9
0.638211190700531,79,9
0.6367695927619934,80,9
0.6330231875181198,81,9
0.6302713602781296,82,9
0.6288435012102127,83,9
0.6296973079442978,84,9
0.6352536529302597,85,9
0.6407392472028732,86,9
0.6466516107320786,87,9
0.6515139639377594,88,9
0.6586152762174606,89,9
0.6569726318120956,90,9
0.6556378304958344,91,9
0.6556883901357651,92,9
0.6605117172002792,93,9
0.6602774560451508,94,9
0.6622758954763412,95,9
0.6620935797691345,96,9
0.6598511785268784,97,9
0.66489377617836,98,9
0.6620177179574966,99,9
0.653859481215477,100,9
0.6467947065830231,101,9
0.6428074240684509,102,9
0.6441512405872345,103,9
0.636928141117096,104,9
0.626900777220726,105,9
0.6271626651287079,106,9
0.6348350942134857,107,9
0.6438972800970078,108,9
0.6523707211017609,109,9
0.6599017530679703,110,9
0.6588928699493408,111,9
0.6641402542591095,112,9
0.670646607875824,113,9
0.6738049536943436,114,9
0.6775096654891968,115,9
0.6876609772443771,116,9
0.6934482902288437,117,9
0.6900092959403992,118,9
0.698394849896431,119,9
0.6999973356723785,120,9
0.6999545991420746,121,9
0.7028127908706665,122,9
0.6949212551116943,123,9
0.691224068403244,124,9
0.6887197643518448,125,9
0.6824183613061905,126,9
0.6662459224462509,127,9
0.660796508193016,128,9
0.6574053168296814,129,9
0.6592432856559753,130,9
0.6544759422540665,131,9
0.6436148136854172,132,9
0.6336750239133835,133,9
0.6203898712992668,134,9
0.6159173995256424,135,9
0.6138463616371155,136,9
0.6001750528812408,137,9
0.5913234129548073,138,9
0.5792256146669388,139,9
0.5689646825194359,140,9
0.5638655722141266,141,9
0.5626629292964935,142,9
0.5597718171775341,143,9
0.5583775117993355,144,9
0.5576160103082657,145,9
0.5567233078181744,146,9
0.5537268109619617,147,9
0.5553248077630997,148,9
0.5439239032566547,149,9
0.6689102351665497,0,10
0.6736094504594803,1,10
0.674261286854744,2,10
0.6729911118745804,3,10
0.6877012103796005,4,10
0.6931445747613907,5,10
0.6892290860414505,6,10
0.6897320449352264,7,10
0.6892034411430359,8,10
0.6837638467550278,9,10
0.675923302769661,10,10
0.6764975786209106,11,10
0.6564390063285828,12,10
0.6455101519823074,13,10
0.6402275562286377,14,10
0.6287495046854019,15,10
0.6119376346468925,16,10
0.6010942980647087,17,10
0.5810724422335625,18,10
0.5710355490446091,19,10
0.5567669421434402,20,10
0.5392276607453823,21,10
0.5276072584092617,22,10
0.5189445838332176,23,10
0.5214590467512608,24,10
0.5250411126762629,25,10
0.5278104189783335,26,10
0.5261174160987139,27,10
0.5265301894396544,28,10
0.5299755297601223,29,10
0.5263127069920301,30,10
0.5307845249772072,31,10
0.5319603718817234,32,10
0.5393598638474941,33,10
0.5524488799273968,34,10
0.5685885697603226,35,10
0.5824828371405602,36,10
0.6003891229629517,37,10
0.6093622148036957,38,10
0.6117814779281616,39,10
0.6105672270059586,40,10
0.6090779006481171,41,10
0.6053749099373817,42,10
0.603685699403286,43,10
0.6043835282325745,44,10
0.6046390756964684,45,10
0.5969920381903648,46,10
0.5904496386647224,47,10
0.5859051942825317,48,10
0.5764970108866692,49,10
0.5752745643258095,50,10
0.5704832822084427,51,10
0.5643486827611923,52,10
0.553743552416563,53,10
0.5427478104829788,54,10
0.545193824917078,55,10
0.542137261480093,56,10
0.5405535064637661,57,10
0.5451193563640118,58,10
0.5495196431875229,59,10
0.5477878749370575,60,10
0.5573920197784901,61,10
0.5676900520920753,62,10
0.5736846625804901,63,10
0.5810612961649895,64,10
0.5848372802138329,65,10
0.5960166901350021,66,10
0.6068417876958847,67,10
0.6215348616242409,68,10
0.6311665177345276,69,10
0.6356637626886368,70,10
0.644592821598053,71,10
0.6500787883996964,72,10
0.6531051993370056,73,10
0.6554279625415802,74,10
0.6524885892868042,75,10
0.6474829316139221,76,10
0.6375379264354706,77,10
0.6324526369571686,78,10
0.629514679312706,79,10
0.6315685212612152,80,10
0.6321942061185837,81,10
0.6324504166841507,82,10
0.6290846616029739,83,10
0.624042458832264,84,10
0.6295652091503143,85,10
0.6320086866617203,86,10
0.6409924477338791,87,10
0.6499012112617493,88,10
0.6580244451761246,89,10
0.6599148064851761,90,10
0.6553216129541397,91,10
0.6605683863162994,92,10
0.661289244890213,93,10
0.6647788137197495,94,10
0.6665846407413483,95,10
0.6704169511795044,96,10
0.66522616147995,97,10
0.6669430434703827,98,10
0.6656995564699173,99,10
0.6586222946643829,100,10
0.6455422043800354,101,10
0.6398291289806366,102,10
0.6386187374591827,103,10
0.6321093738079071,104,10
0.6214415803551674,105,10
0.6165135875344276,106,10
0.6299696117639542,107,10
0.6306813806295395,108,10
0.6429398655891418,109,10
0.6555142104625702,110,10
0.6569980829954147,111,10
0.6561335921287537,112,10
0.6650393009185791,113,10
0.6664004921913147,114,10
0.6678465902805328,115,10
0.6757069975137711,116,10
0.6834855526685715,117,10
0.6814835518598557,118,10
0.6947894245386124,119,10
0.7031189650297165,120,10
0.7063902616500854,121,10
0.7036489844322205,122,10
0.7022954076528549,123,10
0.6959720104932785,124,10
0.6912299245595932,125,10
0.6824249923229218,126,10
0.6722245067358017,127,10
0.6675247400999069,128,10
0.6638146489858627,129,10
0.6668277829885483,130,10
0.6637804955244064,131,10
0.6595513075590134,132,10
0.6483202278614044,133,10
0.6358794569969177,134,10
0.6273076683282852,135,10
0.6179438307881355,136,10
0.605360172688961,137,10
0.5943340733647346,138,10
0.5816427394747734,139,10
0.5701927691698074,140,10
0.5688858926296234,141,10
0.5647728741168976,142,10
0.5709354728460312,143,10
0.5647404342889786,144,10
0.5613183118402958,145,10
0.5525325499475002,146,10
0.548392940312624,147,10
0.5450716130435467,148,10
0.5308245662599802,149,10
0.6747512519359589,0,11
0.6748025417327881,1,11
0.6752590239048004,2,11
0.6746459305286407,3,11
0.6826003044843674,4,11
0.6889488846063614,5,11
0.6787326484918594,6,11
0.6829626709222794,7,11
0.6805921643972397,8,11
0.6771421432495117,9,11
0.6750809699296951,10,11
0.661090612411499,11,11
0.646253377199173,12,11
0.6340764313936234,13,11
0.6285256594419479,14,11
0.6201541721820831,15,11
0.5983777716755867,16,11
0.5910059884190559,17,11
0.5822609439492226,18,11
0.5679726377129555,19,11
0.5475043319165707,20,11
0.5296326167881489,21,11
0.5216405279934406,22,11
0.517944972962141,23,11
0.5168330762535334,24,11
0.5155399926006794,25,11
0.5119339199736714,26,11
0.5199192930012941,27,11
0.5247557777911425,28,11
0.5259964428842068,29,11
0.5270349364727736,30,11
0.5255092475563288,31,11
0.5227260775864124,32,11
0.5354597009718418,33,11
0.5446384139358997,34,11
0.5590294264256954,35,11
0.5694539472460747,36,11
0.581160381436348,37,11
0.5941560119390488,38,11
0.6075730845332146,39,11
0.6032631918787956,40,11
0.6015391796827316,41,11
0.5981515869498253,42,11
0.5958728715777397,43,11
0.5936729460954666,44,11
0.5900556296110153,45,11
0.5871287435293198,46,11
0.5842136889696121,47,11
0.5747844651341438,48,11
0.5699258297681808,49,11
0.5695490464568138,50,11
0.569368414580822,51,11
0.5615068860352039,52,11
0.5538163892924786,53,11
0.5440544411540031,54,11
0.532551322132349,55,11
0.5355421490967274,56,11
0.5381995588541031,57,11
0.5458089411258698,58,11
0.5578857325017452,59,11
0.5568020902574062,60,11
0.5594479404389858,61,11
0.569845475256443,62,11
0.5782890692353249,63,11
0.5803311094641685,64,11
0.58864376693964,65,11
0.596453420817852,66,11
0.608700580894947,67,11
0.61921027302742,68,11
0.6298417896032333,69,11
0.6286762803792953,70,11
0.6373438239097595,71,11
0.6425801813602448,72,11
0.6453033983707428,73,11
0.6494999974966049,74,11
0.6488802582025528,75,11
0.6441856771707535,76,11
0.6342935413122177,77,11
0.6321022212505341,78,11
0.6281842291355133,79,11
0.6284632831811905,80,11
0.6348617821931839,81,11
0.6365874856710434,82,11
0.6342077404260635,83,11
0.6277145743370056,84,11
0.628389373421669,85,11
0.628370851278305,86,11
0.6357063353061676,87,11
0.6542458683252335,88,11
0.6617273986339569,89,11
0.6641918271780014,90,11
0.6639510989189148,91,11
0.6697698682546616,92,11
0.6710321009159088,93,11
0.6765353828668594,94,11
0.6739342957735062,95,11
0.6711557805538177,96,11
0.6671256572008133,97,11
0.6654464453458786,98,11
0.6641179472208023,99,11
0.6589384377002716,100,11
0.6478516757488251,101,11
0.6373528689146042,102,11
0.6273030936717987,103,11
0.6175382286310196,104,11
0.6099895536899567,105,11
0.6140152737498283,106,11
0.6209215298295021,107,11
0.6277520209550858,108,11
0.6385730504989624,109,11
0.6475974321365356,110,11
0.6437785029411316,111,11
0.6396450102329254,112,11
0.6502991765737534,113,11
0.6489391773939133,114,11
0.6534468680620193,115,11
0.6602814197540283,116,11
0.6713279634714127,117,11
0.6806316077709198,118,11
0.6900121867656708,119,11
0.6974832862615585,120,11
0.7002207785844803,121,11
0.6958921998739243,122,11
0.6950325667858124,123,11
0.6913312375545502,124,11
0.6876962184906006,125,11
0.6822304874658585,126,11
0.6768524944782257,127,11
0.6722687780857086,128,11
0.6678635627031326,129,11
0.6692178100347519,130,11
0.6708754450082779,131,11
0.6679951250553131,132,11
0.6537276059389114,133,11
0.6439553946256638,134,11
0.6324534714221954,135,11
0.6226379424333572,136,11
0.6079115867614746,137,11
0.5966470390558243,138,11
0.5864817500114441,139,11
0.5789000168442726,140,11
0.5712562277913094,141,11
0.5719697400927544,142,11
0.5733849480748177,143,11
0.5699020847678185,144,11
0.5622862316668034,145,11
0.5559029318392277,146,11
0.5538625940680504,147,11
0.541125375777483,148,11
0.5260329060256481,149,11
0.6660929769277573,0,12
0.6694610267877579,1,12
0.6699918508529663,2,12
0.6756642460823059,3,12
0.681559219956398,4,12
0.6788688600063324,5,12
0.6834997981786728,6,12
0.6861002445220947,7,12
0.6732901781797409,8,12
0.6778108328580856,9,12
0.6650377213954926,10,12
0.6490766257047653,11,12
0.6333126723766327,12,12
0.6183250844478607,13,12
0.6145385429263115,14,12
0.61106326431036,15,12
0.586753599345684,16,12
0.5814777463674545,17,12
0.5765350982546806,18,12
0.561352152377367,19,12
0.5379314832389355,20,12
0.5214053224772215,21,12
0.5181135907769203,22,12
0.5178693160414696,23,12
0.5097752446308732,24,12
0.5206137895584106,25,12
0.5193078182637691,26,12
0.5259313471615314,27,12
0.5281241480261087,28,12
0.5248601753264666,29,12
0.5234479177743196,30,12
0.5168229267001152,31,12
0.5135882394388318,32,12
0.5261106919497252,33,12
0.534468486905098,34,12
0.5412479974329472,35,12
0.5611164979636669,36,12
0.57777488976717,37,12
0.5874458700418472,38,12
0.5956128463149071,39,12
0.5913780555129051,40,12
0.5942785143852234,41,12
0.5954346880316734,42,12
0.5908776149153709,43,12
0.5871899724006653,44,12
0.5824847221374512,45,12
0.581129290163517,46,12
0.5756030678749084,47,12
0.5664619728922844,48,12
0.5663344636559486,49,12
0.5699600651860237,50,12
0.5697270780801773,51,12
0.5600595586001873,52,12
0.5536506585776806,53,12
0.5361440591514111,54,12
0.5287139248102903,55,12
0.530444847419858,56,12
0.5317840874195099,57,12
0.5441662222146988,58,12
0.5576589517295361,59,12
0.5576876774430275,60,12
0.5606513693928719,61,12
0.5702632665634155,62,12
0.5698207467794418,63,12
0.58354502171278,64,12
0.5938874334096909,65,12
0.5993305593729019,66,12
0.6082155928015709,67,12
0.615029901266098,68,12
0.6265932768583298,69,12
0.6238042786717415,70,12
0.63351209461689,71,12
0.6388869881629944,72,12
0.6380992084741592,73,12
0.644144743680954,74,12
0.6427728235721588,75,12
0.6400466859340668,76,12
0.6324726343154907,77,12
0.6296362280845642,78,12
0.6284585744142532,79,12
0.6288167387247086,80,12
0.6326026320457458,81,12
0.6353545039892197,82,12
0.6344922780990601,83,12
0.6318789124488831,84,12
0.627670019865036,85,12
0.6244548559188843,86,12
0.6325460374355316,87,12
0.6584809422492981,88,12
0.6582538485527039,89,12
0.6639981418848038,90,12
0.6664893180131912,91,12
0.6735532134771347,92,12
0.682561382651329,93,12
0.6848188489675522,94,12
0.6835054308176041,95,12
0.6786511391401291,96,12
0.66975998878479,97,12
0.6701456010341644,98,12
0.667105957865715,99,12
0.652343362569809,100,12
0.6415769755840302,101,12
0.6335260272026062,102,12
0.6183192357420921,103,12
0.6124612241983414,104,12
0.6073440685868263,105,12
0.6088215187191963,106,12
0.6173605471849442,107,12
0.623713530600071,108,12
0.6295636743307114,109,12
0.6455876231193542,110,12
0.6359347403049469,111,12
0.6307703107595444,112,12
0.6296585500240326,113,12
0.6389758437871933,114,12
0.6449797600507736,115,12
0.654390886425972,116,12
0.6702615916728973,117,12
0.6695003062486649,118,12
0.6803206503391266,119,12
0.6939343363046646,120,12
0.694057360291481,121,12
0.6879506409168243,122,12
0.6909342557191849,123,12
0.6889297962188721,124,12
0.6860416680574417,125,12
0.6864118427038193,126,12
0.6824433505535126,127,12
0.6750980615615845,128,12
0.6664254516363144,129,12
0.6727409511804581,130,12
0.6759834885597229,131,12
0.6759393662214279,132,12
0.6570304781198502,133,12
0.6447644382715225,134,12
0.6312677413225174,135,12
0.6193383559584618,136,12
0.6104126796126366,137,12
0.596242643892765,138,12
0.5921892747282982,139,12
0.5905082449316978,140,12
0.5785574913024902,141,12
0.5777106657624245,142,12
0.579104021191597,143,12
0.5743231624364853,144,12
0.5643186718225479,145,12
0.5582859516143799,146,12
0.557341780513525,147,12
0.5428910776972771,148,12
0.5269363820552826,149,12
0.6593974083662033,0,13
0.6737340986728668,1,13
0.6694194078445435,2,13
0.6686504632234573,3,13
0.6725781559944153,4,13
0.672126516699791,5,13
0.6776866912841797,6,13
0.676645815372467,7,13
0.6692260056734085,8,13
0.6682857871055603,9,13
0.6513872742652893,10,13
0.6342747360467911,11,13
0.6259371340274811,12,13
0.6077813357114792,13,13
0.6034411713480949,14,13
0.5943692103028297,15,13
0.5860237553715706,16,13
0.5756257921457291,17,13
0.5632223039865494,18,13
0.5467127002775669,19,13
0.5229049623012543,20,13
0.523773280903697,21,13
0.5133770070970058,22,13
0.513429113663733,23,13
0.5055110207758844,24,13
0.5216060895472765,25,13
0.5165102053433657,26,13
0.517678614705801,27,13
0.5241319835186005,28,13
0.5256123933941126,29,13
0.5201771110296249,30,13
0.5110592087730765,31,13
0.5081775821745396,32,13
0.5148119600489736,33,13
0.5272889174520969,34,13
0.5389517769217491,35,13
0.5539368093013763,36,13
0.5719038471579552,37,13
0.5813205763697624,38,13
0.5844091847538948,39,13
0.5779362916946411,40,13
0.5779997557401657,41,13
0.5873089507222176,42,13
0.5833163633942604,43,13
0.5767282992601395,44,13
0.5754732862114906,45,13
0.5742151811718941,46,13
0.5671825855970383,47,13
0.5622900873422623,48,13
0.5613630302250385,49,13
0.5648816302418709,50,13
0.565984733402729,51,13
0.5549394115805626,52,13
0.5467642657458782,53,13
0.5300819259136915,54,13
0.525829054415226,55,13
0.5254202261567116,56,13
0.52795628644526,57,13
0.5408636257052422,58,13
0.5530439205467701,59,13
0.5542516224086285,60,13
0.5569475814700127,61,13
0.5621771477162838,62,13
0.5766200497746468,63,13
0.5828209668397903,64,13
0.5939114615321159,65,13
0.5987182259559631,66,13
0.6087827831506729,67,13
0.6149078533053398,68,13
0.6224642470479012,69,13
0.6237788796424866,70,13
0.631060004234314,71,13
0.6376140117645264,72,13
0.6391288787126541,73,13
0.6388339549303055,74,13
0.6380683481693268,75,13
0.6361817419528961,76,13
0.6309334486722946,77,13
0.6283967792987823,78,13
0.6284629553556442,79,13
0.6257650554180145,80,13
0.6286535859107971,81,13
0.6312232315540314,82,13
0.6288303583860397,83,13
0.6271438449621201,84,13
0.6261751502752304,85,13
0.6292582154273987,86,13
0.6405952423810959,87,13
0.6473084539175034,88,13
0.6576007306575775,89,13
0.6634311974048615,90,13
0.6675325930118561,91,13
0.6774841547012329,92,13
0.684129148721695,93,13
0.6833722740411758,94,13
0.6802106350660324,95,13
0.6791559606790543,96,13
0.6760385483503342,97,13
0.6753296405076981,98,13
0.6709972620010376,99,13
0.6552864015102386,100,13
0.6428767293691635,101,13
0.6303294450044632,102,13
0.6161252707242966,103,13
0.6051644533872604,104,13
0.6033223047852516,105,13
0.6059570014476776,106,13
0.6152385249733925,107,13
0.6289235800504684,108,13
0.6268378049135208,109,13
0.6275838017463684,110,13
0.6192409694194794,111,13
0.6212777867913246,112,13
0.6226245984435081,113,13
0.6320693343877792,114,13
0.6373212933540344,115,13
0.6542777121067047,116,13
0.6586924344301224,117,13
0.6669343113899231,118,13
0.6757934987545013,119,13
0.6855373084545135,120,13
0.6849174201488495,121,13
0.6826087534427643,122,13
0.6873953938484192,123,13
0.6846421509981155,124,13
0.6857621967792511,125,13
0.6925373822450638,126,13
0.6844322830438614,127,13
0.6757881939411163,128,13
0.6682338416576385,129,13
0.670802891254425,130,13
0.6751797050237656,131,13
0.6683192402124405,132,13
0.6545690298080444,133,13
0.6438740193843842,134,13
0.6321833431720734,135,13
0.6251288056373596,136,13
0.6145953834056854,137,13
0.6035053879022598,138,13
0.6001045629382133,139,13
0.6025769039988518,140,13
0.5897283628582954,141,13
0.5904317498207092,142,13
0.5831982120871544,143,13
0.5771294310688972,144,13
0.5681054815649986,145,13
0.566690020263195,146,13
0.5628184378147125,147,13
0.5506714172661304,148,13
0.5332548543810844,149,13
0.6589228361845016,0,14
0.6651194989681244,1,14
0.6657017767429352,2,14
0.6688908338546753,3,14
0.6688086241483688,4,14
0.6723740547895432,5,14
0.6716100126504898,6,14
0.6651390641927719,7,14
0.6612469702959061,8,14
0.6559778600931168,9,14
0.647112563252449,10,14
0.6279738247394562,11,14
0.6138539835810661,12,14
0.6027241796255112,13,14
0.5965128540992737,14,14
0.5843750014901161,15,14
0.5800969004631042,16,14
0.5652873888611794,17,14
0.549521017819643,18,14
0.5329492390155792,19,14
0.5290688648819923,20,14
0.5174745041877031,21,14
0.5063145677559078,22,14
0.5061691384762526,23,14
0.5039712605066597,24,14
0.51320771407336,25,14
0.5096145085990429,26,14
0.5096301939338446,27,14
0.5161302257329226,28,14
0.5135248471051455,29,14
0.5130106518045068,30,14
0.5053703859448433,31,14
0.5005777873448096,32,14
0.5048823966644704,33,14
0.5147778708487749,34,14
0.5284907296299934,35,14
0.5464388988912106,36,14
0.5614309497177601,37,14
0.570599265396595,38,14
0.572860836982727,39,14
0.569945216178894,40,14
0.5679741501808167,41,14
0.5707196146249771,42,14
0.5724478140473366,43,14
0.5690347254276276,44,14
0.5694794282317162,45,14
0.5635007247328758,46,14
0.560425940901041,47,14
0.5595449656248093,48,14
0.5610679984092712,49,14
0.5591673403978348,50,14
0.5540809370577335,51,14
0.5475890412926674,52,14
0.5404483117163181,53,14
0.5320282429456711,54,14
0.5280835181474686,55,14
0.5263276267796755,56,14
0.5285397358238697,57,14
0.5348252318799496,58,14
0.5382900349795818,59,14
0.5416057221591473,60,14
0.5513629540801048,61,14
0.5577876940369606,62,14
0.5670655891299248,63,14
0.5797805339097977,64,14
0.5894852429628372,65,14
0.6016483008861542,66,14
0.6084687784314156,67,14
0.6175443157553673,68,14
0.6229920834302902,69,14
0.6238458007574081,70,14
0.6337750554084778,71,14
0.6367100775241852,72,14
0.6410577297210693,73,14
0.6414030641317368,74,14
0.6392480432987213,75,14
0.6348307430744171,76,14
0.6313347667455673,77,14
0.6347720175981522,78,14
0.6311041861772537,79,14
0.6266175955533981,80,14
0.6258350759744644,81,14
0.6287967562675476,82,14
0.630174994468689,83,14
0.6276039183139801,84,14
0.6282544434070587,85,14
0.6316132247447968,86,14
0.640531450510025,87,14
0.6486488878726959,88,14
0.6554917842149734,89,14
0.6594829559326172,90,14
0.6693414002656937,91,14
0.6779151260852814,92,14
0.6822075247764587,93,14
0.6847039312124252,94,14
0.6796460598707199,95,14
0.6782407611608505,96,14
0.676410585641861,97,14
0.6745936870574951,98,14
0.6661494821310043,99,14
0.6573815792798996,100,14
0.6413088887929916,101,14
0.6159254610538483,102,14
0.608690045773983,103,14
0.6020126938819885,104,14
0.5948208421468735,105,14
0.5994982272386551,106,14
0.6119042038917542,107,14
0.6162429004907608,108,14
0.6175849288702011,109,14
0.6140680238604546,110,14
0.6104374825954437,111,14
0.6170422807335854,112,14
0.620124876499176,113,14
0.6272728890180588,114,14
0.6383469104766846,115,14
0.652174100279808,116,14
0.6565283238887787,117,14
0.6669691205024719,118,14
0.6742015480995178,119,14
0.6737727671861649,120,14
0.6723865121603012,121,14
0.6747449785470963,122,14
0.6814645379781723,123,14
0.6833762675523758,124,14
0.6852310448884964,125,14
0.6926915049552917,126,14
0.686109721660614,127,14
0.6795364171266556,128,14
0.6712317764759064,129,14
0.6701334565877914,130,14
0.6716275960206985,131,14
0.6632973253726959,132,14
0.6531125456094742,133,14
0.6432513892650604,134,14
0.635262057185173,135,14
0.627453088760376,136,14
0.6179259642958641,137,14
0.615044042468071,138,14
0.6138399615883827,139,14
0.6152222380042076,140,14
0.6000760421156883,141,14
0.596709854900837,142,14
0.5916031152009964,143,14
0.5868139714002609,144,14
0.5843973457813263,145,14
0.5719300359487534,146,14
0.5690392628312111,147,14
0.5580987855792046,148,14
0.539222925901413,149,14
0.6538474261760712,0,15
0.6543433219194412,1,15
0.6641613841056824,2,15
0.6705859154462814,3,15
0.6721547544002533,4,15
0.6721450537443161,5,15
0.6669619977474213,6,15
0.6674664467573166,7,15
0.6568481773138046,8,15
0.6424852162599564,9,15
0.6422974616289139,10,15
0.624449796974659,11,15
0.607369676232338,12,15
0.5892734080553055,13,15
0.577755518257618,14,15
0.5732428058981895,15,15
0.571498267352581,16,15
0.5607335083186626,17,15
0.5449519716203213,18,15
0.5381451100111008,19,15
0.5271240212023258,20,15
0.5132909333333373,21,15
0.507930563762784,22,15
0.5081569496542215,23,15
0.508450398221612,24,15
0.5123558631166816,25,15
0.5098035298287868,26,15
0.5105754248797894,27,15
0.5149542866274714,28,15
0.5138803636655211,29,15
0.5052124639041722,30,15
0.49740305356681347,31,15
0.49583287676796317,32,15
0.5067171980626881,33,15
0.5038831210695207,34,15
0.5161864832043648,35,15
0.5371482186019421,36,15
0.5486610904335976,37,15
0.554475836455822,38,15
0.557516735047102,39,15
0.5592399686574936,40,15
0.5593544095754623,41,15
0.5561936683952808,42,15
0.5566297359764576,43,15
0.5554554387927055,44,15
0.5557249523699284,45,15
0.5519168861210346,46,15
0.5543136075139046,47,15
0.5592541135847569,48,15
0.5569603145122528,49,15
0.5550094731152058,50,15
0.5465851910412312,51,15
0.5411378741264343,52,15
0.5375400818884373,53,15
0.5311853475868702,54,15
0.5182124078273773,55,15
0.5098901866003871,56,15
0.5129281617701054,57,15
0.5235970038920641,58,15
0.5315425395965576,59,15
0.5425729230046272,60,15
0.5489517562091351,61,15
0.5594001598656178,62,15
0.5680962949991226,63,15
0.5728307291865349,64,15
0.5814449340105057,65,15
0.5996114686131477,66,15
0.6084090322256088,67,15
0.6139579713344574,68,15
0.6198249161243439,69,15
0.6205585822463036,70,15
0.6264027059078217,71,15
0.6311082541942596,72,15
0.6339929550886154,73,15
0.6412854045629501,74,15
0.6420506536960602,75,15
0.6374387741088867,76,15
0.6330792307853699,77,15
0.6322088241577148,78,15
0.6309001296758652,79,15
0.629578098654747,80,15
0.6287095099687576,81,15
0.6282783150672913,82,15
0.6289087235927582,83,15
0.6257580816745758,84,15
0.629170224070549,85,15
0.6347051411867142,86,15
0.6398840099573135,87,15
0.6451531946659088,88,15
0.6540771722793579,89,15
0.662866473197937,90,15
0.6707015633583069,91,15
0.6785567700862885,92,15
0.6849838048219681,93,15
0.6902327090501785,94,15
0.6898733228445053,95,15
0.683615118265152,96,15
0.6737854480743408,97,15
0.6641153544187546,98,15
0.6595869213342667,99,15
0.6480943411588669,100,15
0.6299798786640167,101,15
0.6147014573216438,102,15
0.6110110878944397,103,15
0.6058942154049873,104,15
0.5976465493440628,105,15
0.5968330875039101,106,15
0.5984912142157555,107,15
0.6054834425449371,108,15
0.6072567030787468,109,15
0.6072495877742767,110,15
0.6056823581457138,111,15
0.6115606427192688,112,15
0.6119746044278145,113,15
0.6224355101585388,114,15
0.6379669159650803,115,15
0.6486007124185562,116,15
0.6502469927072525,117,15
0.662302166223526,118,15
0.6664384305477142,119,15
0.6662829965353012,120,15
0.6704178750514984,121,15
0.672009065747261,122,15
0.6777535229921341,123,15
0.6815383583307266,124,15
0.6870492547750473,125,15
0.6884280443191528,126,15
0.682199627161026,127,15
0.6820411086082458,128,15
0.67791348695755,129,15
0.672532469034195,130,15
0.6666282415390015,131,15
0.6615441292524338,132,15
0.6517650187015533,133,15
0.6466609090566635,134,15
0.6376208513975143,135,15
0.6294990628957748,136,15
0.6279053539037704,137,15
0.6218128502368927,138,15
0.6277733892202377,139,15
0.6263272166252136,140,15
0.6193981543183327,141,15
0.6102645695209503,142,15
0.6047289669513702,143,15
0.6001828387379646,144,15
0.5950754582881927,145,15
0.5837429314851761,146,15
0.5754789784550667,147,15
0.5628829970955849,148,15
0.5467630699276924,149,15
0.6466420441865921,0,16
0.6479462385177612,1,16
0.6561010330915451,2,16
0.6607076078653336,3,16
0.6681987196207047,4,16
0.6753679364919662,5,16
0.6695788502693176,6,16
0.6749832630157471,7,16
0.6574427634477615,8,16
0.6418989449739456,9,16
0.6295705735683441,10,16
0.6085704490542412,11,16
0.5901298075914383,12,16
0.5852441191673279,13,16
0.5766502469778061,14,16
0.5711454898118973,15,16
0.5731051862239838,16,16
0.5621410980820656,17,16
0.5524566359817982,18,16
0.5434329695999622,19,16
0.5324699878692627,20,16
0.5159740466624498,21,16
0.5161015279591084,22,16
0.5108573259785771,23,16
0.508335524238646,24,16
0.5071746679022908,25,16
0.5073293060995638,26,16
0.5112597523257136,27,16
0.5087302774190903,28,16
0.5051966402679682,29,16
0.49182153679430485,30,16
0.49280757550150156,31,16
0.493338986299932,32,16
0.49839297123253345,33,16
0.5018133475678042,34,16
0.508573004975915,35,16
0.5189075041562319,36,16
0.5247179493308067,37,16
0.5327586233615875,38,16
0.5368007831275463,39,16
0.5394910424947739,40,16
0.5436543747782707,41,16
0.5433712154626846,42,16
0.5452358797192574,43,16
0.5428978614509106,44,16
0.5392424985766411,45,16
0.5356542356312275,46,16
0.5417972728610039,47,16
0.5498367138206959,48,16
0.5483354702591896,49,16
0.5499327592551708,50,16
0.5476118624210358,51,16
0.5359092131257057,52,16
0.5316318050026894,53,16
0.5276906602084637,54,16
0.5147740608081222,55,16
0.5084804417565465,56,16
0.5102546364068985,57,16
0.5156136089935899,58,16
0.5279917474836111,59,16
0.5423024743795395,60,16
0.548662755638361,61,16
0.5597312413156033,62,16
0.5643873289227486,63,16
0.5727156475186348,64,16
0.5793765783309937,65,16
0.5933855399489403,66,16
0.604267917573452,67,16
0.6094196736812592,68,16
0.6102234721183777,69,16
0.6130006164312363,70,16
0.6172972247004509,71,16
0.6236157342791557,72,16
0.6309521496295929,73,16
0.6325600892305374,74,16
0.6339107602834702,75,16
0.6315401792526245,76,16
0.6303864121437073,77,16
0.63266521692276,78,16
0.6310809403657913,79,16
0.6296419054269791,80,16
0.6341435015201569,81,16
0.6351799815893173,82,16
0.63072170317173,83,16
0.6314307898283005,84,16
0.6366364657878876,85,16
0.6365603357553482,86,16
0.6353389024734497,87,16
0.6385806053876877,88,16
0.6532115489244461,89,16
0.6681765168905258,90,16
0.673404335975647,91,16
0.684436559677124,92,16
0.6907565146684647,93,16
0.6971704363822937,94,16
0.6965066343545914,95,16
0.6883113980293274,96,16
0.6760509014129639,97,16
0.6660779118537903,98,16
0.6562389582395554,99,16
0.6435811668634415,100,16
0.6335355043411255,101,16
0.6239703521132469,102,16
0.6094691082835197,103,16
0.6061874404549599,104,16
0.6036249622702599,105,16
0.5990766286849976,106,16
0.5924878418445587,107,16
0.5996379405260086,108,16
0.6012760922312737,109,16
0.6014742106199265,110,16
0.6075613349676132,111,16
0.6145849078893661,112,16
0.6175796836614609,113,16
0.6265128254890442,114,16
0.6369831711053848,115,16
0.6442969441413879,116,16
0.6467995196580887,117,16
0.6581134349107742,118,16
0.6657520681619644,119,16
0.6719897091388702,120,16
0.6730730086565018,121,16
0.6729076206684113,122,16
0.6794821619987488,123,16
0.6807266622781754,124,16
0.6877120137214661,125,16
0.6950193792581558,126,16
0.6825605779886246,127,16
0.6861076653003693,128,16
0.6819983273744583,129,16
0.6792318224906921,130,16
0.6740828156471252,131,16
0.6656399071216583,132,16
0.6520958095788956,133,16
0.650251105427742,134,16
0.6468507796525955,135,16
0.6346536129713058,136,16
0.633300319314003,137,16
0.6362331360578537,138,16
0.6397413015365601,139,16
0.6331473737955093,140,16
0.6242299228906631,141,16
0.6178179979324341,142,16
0.6122789680957794,143,16
0.6067321076989174,144,16
0.5972001254558563,145,16
0.5899322405457497,146,16
0.580035850405693,147,16
0.5662928447127342,148,16
0.5546511523425579,149,16
0.642948105931282,0,17
0.6462105810642242,1,17
0.6486064195632935,2,17
0.6555715650320053,3,17
0.661659762263298,4,17
0.6648414134979248,5,17
0.6635696738958359,6,17
0.6567099690437317,7,17
0.6466567069292068,8,17
0.6353247314691544,9,17
0.6235259026288986,10,17
0.606394462287426,11,17
0.5933011844754219,12,17
0.5846575871109962,13,17
0.5766228511929512,14,17
0.5716461688280106,15,17
0.5719980001449585,16,17
0.5668827593326569,17,17
0.5609446465969086,18,17
0.5426739156246185,19,17
0.5277107153087854,20,17
0.5165276005864143,21,17
0.5120624219998717,22,17
0.5090416539460421,23,17
0.5081410296261311,24,17
0.5057225823402405,25,17
0.5061392029747367,26,17
0.5044504073448479,27,17
0.5007987713324837,28,17
0.4900641907006502,29,17
0.4863263601437211,30,17
0.48768844455480576,31,17
0.48508830182254314,32,17
0.48246502317488194,33,17
0.4882927695289254,34,17
0.4986950387246907,35,17
0.5074504157528281,36,17
0.5094068525359035,37,17
0.5110716605558991,38,17
0.5123188085854053,39,17
0.5171753019094467,40,17
0.5257493797689676,41,17
0.5315373092889786,42,17
0.5286102630198002,43,17
0.524452080950141,44,17
0.5213292483240366,45,17
0.5193646885454655,46,17
0.5218228679150343,47,17
0.5252991281449795,48,17
0.5355167016386986,49,17
0.5421362705528736,50,17
0.5359939262270927,51,17
0.5274280365556479,52,17
0.521223645657301,53,17
0.5148166539147496,54,17
0.5128068700432777,55,17
0.5123215466737747,56,17
0.5129103735089302,57,17
0.5171022191643715,58,17
0.5241242963820696,59,17
0.5341746285557747,60,17
0.5396416448056698,61,17
0.5512420274317265,62,17
0.5618961229920387,63,17
0.5683140382170677,64,17
0.5777407810091972,65,17
0.5876440480351448,66,17
0.5981084480881691,67,17
0.6001525819301605,68,17
0.6006400063633919,69,17
0.5977699235081673,70,17
0.6046345308423042,71,17
0.6187402084469795,72,17
0.6221010461449623,73,17
0.6202784702181816,74,17
0.6213691979646683,75,17
0.6259457916021347,76,17
0.6297484189271927,77,17
0.6315744668245316,78,17
0.6322113871574402,79,17
0.6329864114522934,80,17
0.6383325457572937,81,17
0.6323134452104568,82,17
0.6335049569606781,83,17
0.6378168314695358,84,17
0.6361684054136276,85,17
0.6378824859857559,86,17
0.6371840536594391,87,17
0.6411665827035904,88,17
0.6551044136285782,89,17
0.6691996157169342,90,17
0.6774357557296753,91,17
0.6881967335939407,92,17
0.6908081918954849,93,17
0.6937704980373383,94,17
0.6898302584886551,95,17
0.6815702766180038,96,17
0.6734270006418228,97,17
0.6631145924329758,98,17
0.6487543433904648,99,17
0.6387982964515686,100,17
0.6346532255411148,101,17
0.6224143952131271,102,17
0.610954575240612,103,17
0.6079969331622124,104,17
0.6092937365174294,105,17
0.6094410270452499,106,17
0.6031323596835136,107,17
0.601996436715126,108,17
0.6064132899045944,109,17
0.605117917060852,110,17
0.6079338043928146,111,17
0.615128830075264,112,17
0.6205464825034142,113,17
0.6307097375392914,114,17
0.6356615722179413,115,17
0.6451150476932526,116,17
0.6492542773485184,117,17
0.6564410477876663,118,17
0.6634159535169601,119,17
0.6686095893383026,120,17
0.6708160787820816,121,17
0.6735511869192123,122,17
0.680899441242218,123,17
0.6817751973867416,124,17
0.6867363452911377,125,17
0.6894556283950806,126,17
0.679338663816452,127,17
0.6814734786748886,128,17
0.6819334775209427,129,17
0.6805162876844406,130,17
0.6716232150793076,131,17
0.6674141585826874,132,17
0.6584572046995163,133,17
0.6535415947437286,134,17
0.6569847613573074,135,17
0.6479636281728745,136,17
0.644846722483635,137,17
0.6415272206068039,138,17
0.6426698714494705,139,17
0.6416680961847305,140,17
0.6309015303850174,141,17
0.624220572412014,142,17
0.617157481610775,143,17
0.6078148037195206,144,17
0.6022940576076508,145,17
0.5948015227913857,146,17
0.5842196717858315,147,17
0.5750205889344215,148,17
0.5620559938251972,149,17
0.6395867168903351,0,18
0.6362110376358032,1,18
0.6420602649450302,2,18
0.6488590687513351,3,18
0.6525095403194427,4,18
0.6581094264984131,5,18
0.6595960110425949,6,18
0.64864382147789,7,18
0.6363347917795181,8,18
0.6263944059610367,9,18
0.6182584390044212,10,18
0.6070168986916542,11,18
0.5934114456176758,12,18
0.5832898914813995,13,18
0.5768880397081375,14,18
0.5716599076986313,15,18
0.5776854902505875,16,18
0.5682156980037689,17,18
0.5604561939835548,18,18
0.5367238335311413,19,18
0.5176374427974224,20,18
0.5098451124504209,21,18
0.5082906764000654,22,18
0.5115876812487841,23,18
0.5107031743973494,24,18
0.5071910265833139,25,18
0.5001176437217509,26,18
0.49530133372172713,27,18
0.49104825500398874,28,18
0.4948757477104664,29,18
0.48370746336877346,30,18
0.4822168182581663,31,18
0.4777431786060333,32,18
0.4718807991594076,33,18
0.47148207388818264,34,18
0.4822942689061165,35,18
0.49730826704762876,36,18
0.5033894283697009,37,18
0.5006731216562912,38,18
0.49648041534237564,39,18
0.5046298857778311,40,18
0.5126893511041999,41,18
0.5125441960990429,42,18
0.5093464320525527,43,18
0.5053122937679291,44,18
0.5024693943560123,45,18
0.5031574459280819,46,18
0.5014381360961124,47,18
0.5029407038819045,48,18
0.5130407428368926,49,18
0.5205705817788839,50,18
0.5184561852365732,51,18
0.5136892655864358,52,18
0.5016878126189113,53,18
0.5006646187393926,54,18
0.504364401102066,55,18
0.5072708586230874,56,18
0.5008154761162587,57,18
0.5113142346963286,58,18
0.5182520933449268,59,18
0.52162148617208,60,18
0.5260767862200737,61,18
0.5372896455228329,62,18
0.5460264682769775,63,18
0.5560462884604931,64,18
0.5642865598201752,65,18
0.5751194879412651,66,18
0.5808239951729774,67,18
0.5835454016923904,68,18
0.5902583003044128,69,18
0.5881680324673653,70,18
0.5954358130693436,71,18
0.6102370619773865,72,18
0.6137769818305969,73,18
0.6118465512990952,74,18
0.6118030473589897,75,18
0.620602585375309,76,18
0.6234413832426071,77,18
0.630646750330925,78,18
0.6327240914106369,79,18
0.6340604722499847,80,18
0.6376877874135971,81,18
0.6330486983060837,82,18
0.6326901316642761,83,18
0.6381589025259018,84,18
0.6397562921047211,85,18
0.6398605108261108,86,18
0.6375681310892105,87,18
0.6407643407583237,88,18
0.6525313258171082,89,18
0.6672775894403458,90,18
0.6796829849481583,91,18
0.6881517618894577,92,18
0.6863953918218613,93,18
0.6866111904382706,94,18
0.6763625293970108,95,18
0.6716680526733398,96,18
0.6660078465938568,97,18
0.6542962491512299,98,18
0.6432102024555206,99,18
0.6327985227108002,100,18
0.6213363483548164,101,18
0.6145058944821358,102,18
0.6129051670432091,103,18
0.614420622587204,104,18
0.6144747883081436,105,18
0.6136888563632965,106,18
0.6083412691950798,107,18
0.6054365038871765,108,18
0.6064586490392685,109,18
0.6080871522426605,110,18
0.6108145117759705,111,18
0.6152922958135605,112,18
0.6194177940487862,113,18
0.6218414455652237,114,18
0.6343057304620743,115,18
0.64484903216362,116,18
0.6487722992897034,117,18
0.6553124040365219,118,18
0.6627487391233444,119,18
0.6666691452264786,120,18
0.671015128493309,121,18
0.6770729273557663,122,18
0.6833622306585312,123,18
0.6825440376996994,124,18
0.6853691786527634,125,18
0.6851374059915543,126,18
0.6737700551748276,127,18
0.6765739172697067,128,18
0.6810338348150253,129,18
0.6815532743930817,130,18
0.6732348948717117,131,18
0.6724226325750351,132,18
0.6621208488941193,133,18
0.6578256338834763,134,18
0.6543910503387451,135,18
0.6494067907333374,136,18
0.6504858285188675,137,18
0.6477664858102798,138,18
0.6504883915185928,139,18
0.6466474235057831,140,18
0.6398268640041351,141,18
0.6333419382572174,142,18
0.6216472536325455,143,18
0.6108153685927391,144,18
0.6063321828842163,145,18
0.6016125604510307,146,18
0.5901887714862823,147,18
0.5775331780314445,148,18
0.5653341710567474,149,18
0.6137775629758835,0,19
0.6194455102086067,1,19
0.6296871602535248,2,19
0.6384196579456329,3,19
0.6367403715848923,4,19
0.6442356407642365,5,19
0.6469659358263016,6,19
0.6327289342880249,7,19
0.6240590065717697,8,19
0.6181261613965034,9,19
0.6117498204112053,10,19
0.5963960811495781,11,19
0.5860853120684624,12,19
0.5783427506685257,13,19
0.5720421075820923,14,19
0.5796936452388763,15,19
0.5648650601506233,16,19
0.5511210225522518,17,19
0.536143597215414,18,19
0.5183313339948654,19,19
0.5057934587821364,20,19
0.5008758869953454,21,19
0.5013854766730219,22,19
0.5091407503932714,23,19
0.5082556726410985,24,19
0.4996532934892457,25,19
0.48967604991048574,26,19
0.48660633619874716,27,19
0.48789700306952,28,19
0.48819766845554113,29,19
0.47696577943861485,30,19
0.47544052079319954,31,19
0.47014172188937664,32,19
0.4605162665247917,33,19
0.45248762145638466,34,19
0.46742818504571915,35,19
0.48848648369312286,36,19
0.4975488595664501,37,19
0.49207326397299767,38,19
0.48417997546494007,39,19
0.4905489683151245,40,19
0.48999672662466764,41,19
0.492492641787976,42,19
0.4920728951692581,43,19
0.4928337852470577,44,19
0.4882707120850682,45,19
0.48912691231817007,46,19
0.487714821472764,47,19
0.48577816132456064,48,19
0.4913562824949622,49,19
0.4959701537154615,50,19
0.4945243033580482,51,19
0.4883820554241538,52,19
0.4781243000179529,53,19
0.4861330408602953,54,19
0.4949149456806481,55,19
0.4881844324991107,56,19
0.4933491521514952,57,19
0.4931318899616599,58,19
0.49959315147134475,59,19
0.5018037245608866,60,19
0.510851064696908,61,19
0.5162595026195049,62,19
0.5305599998682737,63,19
0.5416847169399261,64,19
0.5537917241454124,65,19
0.5620627254247665,66,19
0.5654605776071548,67,19
0.5703253597021103,68,19
0.5711309239268303,69,19
0.5810772702097893,70,19
0.5928642377257347,71,19
0.6076866462826729,72,19
0.6074247658252716,73,19
0.6043053641915321,74,19
0.6062853261828423,75,19
0.616118036210537,76,19
0.620748370885849,77,19
0.6265567988157272,78,19
0.6238447576761246,79,19
0.6223082765936852,80,19
0.6229667738080025,81,19
0.6385718435049057,82,19
0.63587386906147,83,19
0.6385537981987,84,19
0.6390834450721741,85,19
0.6410294473171234,86,19
0.6401066929101944,87,19
0.6437170207500458,88,19
0.6535914093255997,89,19
0.6669520139694214,90,19
0.6741689294576645,91,19
0.6810060441493988,92,19
0.6779735535383224,93,19
0.6798721253871918,94,19
0.6673453450202942,95,19
0.6580518484115601,96,19
0.6515490710735321,97,19
0.6458283811807632,98,19
0.6420186161994934,99,19
0.6243187040090561,100,19
0.6068416982889175,101,19
0.6043776050209999,102,19
0.6091531589627266,103,19
0.6143042743206024,104,19
0.6125468984246254,105,19
0.6134881526231766,106,19
0.6103402152657509,107,19
0.6029588207602501,108,19
0.6050695478916168,109,19
0.6094377711415291,110,19
0.610215812921524,111,19
0.6162165924906731,112,19
0.6237439140677452,113,19
0.6214753612875938,114,19
0.6305516511201859,115,19
0.64130799472332,116,19
0.647495448589325,117,19
0.6544903069734573,118,19
0.6610668450593948,119,19
0.667375847697258,120,19
0.6698884218931198,121,19
0.6769953817129135,122,19
0.6730681210756302,123,19
0.675739660859108,124,19
0.6866593211889267,125,19
0.6837313175201416,126,19
0.6778814196586609,127,19
0.6790351122617722,128,19
0.6836067140102386,129,19
0.680854469537735,130,19
0.6725502610206604,131,19
0.6660074889659882,132,19
0.6593014597892761,133,19
0.655058741569519,134,19
0.6547618061304092,135,19
0.6563991755247116,136,19
0.6559756249189377,137,19
0.6540364474058151,138,19
0.6553666442632675,139,19
0.65204156935215,140,19
0.6495855450630188,141,19
0.6487847119569778,142,19
0.6305527538061142,143,19
0.6190096139907837,144,19
0.614099770784378,145,19
0.6082912534475327,146,19
0.5955089926719666,147,19
0.5782634615898132,148,19
0.5645143017172813,149,19
0.5959142968058586,0,20
0.5984120965003967,1,20
0.6141846626996994,2,20
0.6191896796226501,3,20
0.6221676543354988,4,20
0.6280003488063812,5,20
0.629923939704895,6,20
0.6214624717831612,7,20
0.6171959787607193,8,20
0.6091762408614159,9,20
0.6005781441926956,10,20
0.5893286541104317,11,20
0.5766909718513489,12,20
0.5673532336950302,13,20
0.5717994943261147,14,20
0.5679031312465668,15,20
0.5510044768452644,16,20
0.538670539855957,17,20
0.5220363698899746,18,20
0.5048881061375141,19,20
0.5018808846361935,20,20
0.4925519027747214,21,20
0.4931606771424413,22,20
0.49872926308307797,23,20
0.49868269078433514,24,20
0.4945518565364182,25,20
0.4899965999647975,26,20
0.4778141565620899,27,20
0.48036734014749527,28,20
0.47670899890363216,29,20
0.4718781318515539,30,20
0.4689773730933666,31,20
0.46377887949347496,32,20
0.4495716504752636,33,20
0.44990288466215134,34,20
0.46340538933873177,35,20
0.4803119841963053,36,20
0.4870511665940285,37,20
0.4850332662463188,38,20
0.48026915453374386,39,20
0.4776430893689394,40,20
0.4776866137981415,41,20
0.4759583789855242,42,20
0.4777438472956419,43,20
0.4797184020280838,44,20
0.47814918495714664,45,20
0.47692801617085934,46,20
0.4776680991053581,47,20
0.47753290086984634,48,20
0.4749534223228693,49,20
0.4723587706685066,50,20
0.4708547815680504,51,20
0.4710224848240614,52,20
0.46978552266955376,53,20
0.47846921905875206,54,20
0.47781410440802574,55,20
0.47934513725340366,56,20
0.47525329142808914,57,20
0.47990939021110535,58,20
0.4879748495295644,59,20
0.4949547117576003,60,20
0.5013739463174716,61,20
0.5108522223308682,62,20
0.5187789238989353,63,20
0.5307156108319759,64,20
0.5423171781003475,65,20
0.5505527704954147,66,20
0.55248898640275,67,20
0.5618460662662983,68,20
0.5729234293103218,69,20
0.5802152827382088,70,20
0.5931124836206436,71,20
0.6060653179883957,72,20
0.6031706035137177,73,20
0.5971353724598885,74,20
0.5992279425263405,75,20
0.6039703711867332,76,20
0.6089388877153397,77,20
0.6160513162612915,78,20
0.6204003766179085,79,20
0.6195976585149765,80,20
0.617718294262886,81,20
0.6268935650587082,82,20
0.6342235952615738,83,20
0.6370200514793396,84,20
0.6381731480360031,85,20
0.6369526535272598,86,20
0.6370131522417068,87,20
0.6462371945381165,88,20
0.6543703079223633,89,20
0.6635008305311203,90,20
0.6690471321344376,91,20
0.6720668375492096,92,20
0.6713180243968964,93,20
0.6672047972679138,94,20
0.6570028513669968,95,20
0.6485176682472229,96,20
0.6408680379390717,97,20
0.6433031558990479,98,20
0.6362982988357544,99,20
0.6195583716034889,100,20
0.6087850406765938,101,20
0.6078634560108185,102,20
0.6082694157958031,103,20
0.6118034273386002,104,20
0.6074414402246475,105,20
0.6103703528642654,106,20
0.6120180413126945,107,20
0.6117101162672043,108,20
0.6115437671542168,109,20
0.6141249015927315,110,20
0.6098636016249657,111,20
0.6146439239382744,112,20
0.6176736801862717,113,20
0.6217445209622383,114,20
0.6304101198911667,115,20
0.6416034698486328,116,20
0.6442194432020187,117,20
0.649356409907341,118,20
0.6594639122486115,119,20
0.6661336869001389,120,20
0.6673148572444916,121,20
0.6739609688520432,122,20
0.6727932691574097,123,20
0.6762736886739731,124,20
0.67728491127491,125,20
0.6769182235002518,126,20
0.6783880293369293,127,20
0.6776907294988632,128,20
0.680447444319725,129,20
0.6798039376735687,130,20
0.6699803173542023,131,20
0.6671760529279709,132,20
0.6577818095684052,133,20
0.6571987718343735,134,20
0.6608647257089615,135,20
0.6629772782325745,136,20
0.6609838306903839,137,20
0.6525015085935593,138,20
0.6516282260417938,139,20
0.6521899253129959,140,20
0.6545672565698624,141,20
0.6474650651216507,142,20
0.6366207897663116,143,20
0.6287710666656494,144,20
0.6228941008448601,145,20
0.6151154488325119,146,20
0.6015815734863281,147,20
0.5820881128311157,148,20
0.5640782788395882,149,20
0.5855751112103462,0,21
0.5954231321811676,1,21
0.604565903544426,2,21
0.6068690940737724,3,21
0.6125031262636185,4,21
0.6150731891393661,5,21
0.6162281334400177,6,21
0.6159671768546104,7,21
0.6113219931721687,8,21
0.6005308106541634,9,21
0.5924894288182259,10,21
0.5802305713295937,11,21
0.5691040530800819,12,21
0.5728153064846992,13,21
0.5651654675602913,14,21
0.5561915747821331,15,21
0.5408181771636009,16,21
0.5288085397332907,17,21
0.5119096534326673,18,21
0.4977776170708239,19,21
0.4943571649491787,20,21
0.4871368631720543,21,21
0.4839606489986181,22,21
0.4849144956097007,23,21
0.48536175955086946,24,21
0.48494065552949905,25,21
0.48199703730642796,26,21
0.4718059692531824,27,21
0.4657825604081154,28,21
0.4655967392027378,29,21
0.4637603797018528,30,21
0.4588036797940731,31,21
0.45295775681734085,32,21
0.4398685432970524,33,21
0.441670261323452,34,21
0.45302465558052063,35,21
0.4643293358385563,36,21
0.47164678014814854,37,21
0.4755248539149761,38,21
0.47407242096960545,39,21
0.4714716784656048,40,21
0.4690432846546173,41,21
0.4699626062065363,42,21
0.46729422733187675,43,21
0.464949406683445,44,21
0.46764154732227325,45,21
0.4636705070734024,46,21
0.4635555297136307,47,21
0.46611399203538895,48,21
0.4589335396885872,49,21
0.4571548216044903,50,21
0.45620596036314964,51,21
0.4517357349395752,52,21
0.4562382660806179,53,21
0.4632722772657871,54,21
0.46520714834332466,55,21
0.46529046818614006,56,21
0.4696955494582653,57,21
0.4728889986872673,58,21
0.4767820443958044,59,21
0.48560058791190386,60,21
0.4954278185032308,61,21
0.5056422585621476,62,21
0.5175674613565207,63,21
0.5269941408187151,64,21
0.5355796553194523,65,21
0.5426165051758289,66,21
0.5469980351626873,67,21
0.5546351745724678,68,21
0.5675715506076813,69,21
0.5763602331280708,70,21
0.5932885929942131,71,21
0.5932968258857727,72,21
0.597409188747406,73,21
0.5980877727270126,74,21
0.5999956876039505,75,21
0.6037046834826469,76,21
0.6066280156373978,77,21
0.6109901592135429,78,21
0.6174153387546539,79,21
0.6194169744849205,80,21
0.6206072121858597,81,21
0.627141460776329,82,21
0.6302904039621353,83,21
0.6315213739871979,84,21
0.6304129064083099,85,21
0.6302240192890167,86,21
0.6329403519630432,87,21
0.6409765183925629,88,21
0.6470988839864731,89,21
0.6542944461107254,90,21
0.660671666264534,91,21
0.6648693680763245,92,21
0.6613579243421555,93,21
0.6572266221046448,94,21
0.6526582688093185,95,21
0.6414714604616165,96,21
0.6383080929517746,97,21
0.6321973651647568,98,21
0.6237900927662849,99,21
0.6128166690468788,100,21
0.6076713874936104,101,21
0.61051956564188,102,21
0.6120079830288887,103,21
0.613801620900631,104,21
0.6141533851623535,105,21
0.6128230690956116,106,21
0.6118196919560432,107,21
0.61430474370718,108,21
0.6184494197368622,109,21
0.6235210821032524,110,21
0.6197434142231941,111,21
0.6137519329786301,112,21
0.6112224757671356,113,21
0.6225766912102699,114,21
0.6334364265203476,115,21
0.640022873878479,116,21
0.6440495401620865,117,21
0.6461590379476547,118,21
0.6545895934104919,119,21
0.6645883321762085,120,21
0.6700306087732315,121,21
0.6705670952796936,122,21
0.675191804766655,123,21
0.678961843252182,124,21
0.6788003593683243,125,21
0.676617905497551,126,21
0.6750779002904892,127,21
0.6759696155786514,128,21
0.6792041957378387,129,21
0.6717038750648499,130,21
0.6716228574514389,131,21
0.6707176119089127,132,21
0.6627151221036911,133,21
0.6620246320962906,134,21
0.6691751927137375,135,21
0.671080932021141,136,21
0.6621449142694473,137,21
0.6508583426475525,138,21
0.639536902308464,139,21
0.6439300775527954,140,21
0.6487483084201813,141,21
0.6482892632484436,142,21
0.6393766552209854,143,21
0.6365519165992737,144,21
0.6286131590604782,145,21
0.6175583228468895,146,21
0.6027988269925117,147,21
0.5843686535954475,148,21
0.5652221441268921,149,21
0.5842095538973808,0,22
0.5971264243125916,1,22
0.5983317866921425,2,22
0.6011857092380524,3,22
0.5993605628609657,4,22
0.5988103374838829,5,22
0.6035794094204903,6,22
0.6060364916920662,7,22
0.5993958786129951,8,22
0.5913175567984581,9,22
0.5817512571811676,10,22
0.5695652812719345,11,22
0.5664803385734558,12,22
0.5563798025250435,13,22
0.5493872351944447,14,22
0.5439498126506805,15,22
0.5246199760586023,16,22
0.5161381736397743,17,22
0.5023802239447832,18,22
0.49041130021214485,19,22
0.48623416759073734,20,22
0.4843241386115551,21,22
0.4819122292101383,22,22
0.4749991949647665,23,22
0.4785585328936577,24,22
0.48282349668443203,25,22
0.483659029006958,26,22
0.4732689242810011,27,22
0.46337463334202766,28,22
0.46123380586504936,29,22
0.45542847737669945,30,22
0.44917017966508865,31,22
0.4414449594914913,32,22
0.43509189039468765,33,22
0.4307456687092781,34,22
0.43944624811410904,35,22
0.44825245812535286,36,22
0.453504953533411,37,22
0.45991993322968483,38,22
0.46553513780236244,39,22
0.4643911272287369,40,22
0.46246951445937157,41,22
0.46414100006222725,42,22
0.46003152057528496,43,22
0.4582020975649357,44,22
0.4631699100136757,45,22
0.4552546478807926,46,22
0.4551563486456871,47,22
0.4583253487944603,48,22
0.4537424296140671,49,22
0.45063741877675056,50,22
0.4454391747713089,51,22
0.44072383269667625,52,22
0.4422772601246834,53,22
0.4520636424422264,54,22
0.4532090052962303,55,22
0.44631269201636314,56,22
0.45438139513134956,57,22
0.46480539441108704,58,22
0.47080967016518116,59,22
0.4738999232649803,60,22
0.4853185508400202,61,22
0.4974553217180073,62,22
0.5141054447740316,63,22
0.5188913010060787,64,22
0.5293917637318373,65,22
0.5339008718729019,66,22
0.5399089381098747,67,22
0.5458423905074596,68,22
0.5505738295614719,69,22
0.5694229677319527,70,22
0.5817692801356316,71,22
0.5907249376177788,72,22
0.5974884927272797,73,22
0.5963247418403625,74,22
0.5988878831267357,75,22
0.5990006253123283,76,22
0.6041984707117081,77,22
0.6091818511486053,78,22
0.6123454719781876,79,22
0.619904138147831,80,22
0.6287318915128708,81,22
0.6274608671665192,82,22
0.6266307681798935,83,22
0.6221166178584099,84,22
0.6163276433944702,85,22
0.6148750260472298,86,22
0.6211701333522797,87,22
0.6235191375017166,88,22
0.6318513453006744,89,22
0.6407651901245117,90,22
0.649099126458168,91,22
0.6560356914997101,92,22
0.6532447636127472,93,22
0.6503879725933075,94,22
0.6461045295000076,95,22
0.6406275033950806,96,22
0.6300503015518188,97,22
0.6206682324409485,98,22
0.615959919989109,99,22
0.6065390408039093,100,22
0.6059099733829498,101,22
0.6100307628512383,102,22
0.6117858216166496,103,22
0.6239691004157066,104,22
0.6252136379480362,105,22
0.6185477375984192,106,22
0.6120989844202995,107,22
0.6197193264961243,108,22
0.6231390088796616,109,22
0.6176279485225677,110,22
0.6204634755849838,111,22
0.609918937087059,112,22
0.6105645895004272,113,22
0.6203951686620712,114,22
0.6325555741786957,115,22
0.6377077549695969,116,22
0.6421516090631485,117,22
0.6474901437759399,118,22
0.6481088250875473,119,22
0.6586955189704895,120,22
0.6650915294885635,121,22
0.6675535142421722,122,22
0.6789596974849701,123,22
0.6835716217756271,124,22
0.6790588051080704,125,22
0.6763019263744354,126,22
0.6675968766212463,127,22
0.6698076575994492,128,22
0.6694400310516357,129,22
0.6651828736066818,130,22
0.6663685441017151,131,22
0.6633133739233017,132,22
0.6608726978302002,133,22
0.668822631239891,134,22
0.6753791868686676,135,22
0.6761807948350906,136,22
0.665448933839798,137,22
0.655505046248436,138,22
0.6439383029937744,139,22
0.6379476934671402,140,22
0.645277664065361,141,22
0.6447223275899887,142,22
0.6398956328630447,143,22
0.6368635892868042,144,22
0.6278554648160934,145,22
0.619790755212307,146,22
0.6073989942669868,147,22
0.5897752270102501,148,22
0.5721469298005104,149,22
0.5960661247372627,0,23
0.5976530760526657,1,23
0.5922882333397865,2,23
0.5935357138514519,3,23
0.5887046679854393,4,23
0.5863046497106552,5,23
0.5885510444641113,6,23
0.586000382900238,7,23
0.5857508033514023,8,23
0.5819022804498672,9,23
0.5740173608064651,10,23
0.5635132268071175,11,23
0.5487611256539822,12,23
0.5395382829010487,13,23
0.5322020761668682,14,23
0.5278149228543043,15,23
0.5130532151088119,16,23
0.4993426227592863,17,23
0.4940608055330813,18,23
0.487939378246665,19,23
0.4805215634405613,20,23
0.47750130482017994,21,23
0.4800793956965208,22,23
0.48032241128385067,23,23
0.4810708984732628,24,23
0.48181753791868687,25,23
0.47776871360838413,26,23
0.47354297153651714,27,23
0.46564797684550285,28,23
0.4534304141998291,29,23
0.44509774446487427,30,23
0.44117071107029915,31,23
0.4340788573026657,32,23
0.4303661435842514,33,23
0.42113978415727615,34,23
0.42258039116859436,35,23
0.42980290949344635,36,23
0.44115450605750084,37,23
0.4518768899142742,38,23
0.4593968838453293,39,23
0.4603472910821438,40,23
0.4611993469297886,41,23
0.46675241366028786,42,23
0.45873193070292473,43,23
0.4537499435245991,44,23
0.45438726246356964,45,23
0.44886012375354767,46,23
0.44991035014390945,47,23
0.4530203379690647,48,23
0.4494275934994221,49,23
0.44174564629793167,50,23
0.43303363025188446,51,23
0.42800818383693695,52,23
0.4298800602555275,53,23
0.43328193575143814,54,23
0.43480371683835983,55,23
0.4368010684847832,56,23
0.4462359547615051,57,23
0.45259255915880203,58,23
0.45545006915926933,59,23
0.4612560421228409,60,23
0.46658432856202126,61,23
0.477243160828948,62,23
0.4894034042954445,63,23
0.5012494263937697,64,23
0.5189527291804552,65,23
0.5292596165090799,66,23
0.5328429490327835,67,23
0.5360337980091572,68,23
0.5435523465275764,69,23
0.5578509271144867,70,23
0.5769034251570702,71,23
0.5864615738391876,72,23
0.587948702275753,73,23
0.5902522206306458,74,23
0.594822958111763,75,23
0.5992889851331711,76,23
0.6026869043707848,77,23
0.6027321666479111,78,23
0.6069159358739853,79,23
0.6179272457957268,80,23
0.6260319352149963,81,23
0.6225024312734604,82,23
0.6197616755962372,83,23
0.6119538992643356,84,23
0.603081539273262,85,23
0.6009487211704254,86,23
0.6081072390079498,87,23
0.6129408925771713,88,23
0.6211777627468109,89,23
0.6294515430927277,90,23
0.6409734785556793,91,23
0.6502156108617783,92,23
0.6480096131563187,93,23
0.6381390243768692,94,23
0.6314448565244675,95,23
0.6298969835042953,96,23
0.6244418099522591,97,23
0.61444241553545,98,23
0.6101962700486183,99,23
0.603612631559372,100,23
0.6082534044981003,101,23
0.6002498865127563,102,23
0.6089212968945503,103,23
0.6250369399785995,104,23
0.6233703643083572,105,23
0.6218801364302635,106,23
0.6202357783913612,107,23
0.6245259568095207,108,23
0.6255863457918167,109,23
0.618964709341526,110,23
0.6144252792000771,111,23
0.6119837388396263,112,23
0.6140165477991104,113,23
0.6232432052493095,114,23
0.6330692917108536,115,23
0.6355499625205994,116,23
0.6429779380559921,117,23
0.6507820934057236,118,23
0.6478668451309204,119,23
0.6514222919940948,120,23
0.6573897004127502,121,23
0.6615600734949112,122,23
0.6727574914693832,123,23
0.6759131997823715,124,23
0.669860303401947,125,23
0.6599105298519135,126,23
0.6586741358041763,127,23
0.6638656854629517,128,23
0.6601807624101639,129,23
0.6567828208208084,130,23
0.6608372330665588,131,23
0.6623200178146362,132,23
0.6653818190097809,133,23
0.6727942824363708,134,23
0.6768303960561752,135,23
0.6788991391658783,136,23
0.6680467873811722,137,23
0.6568832099437714,138,23
0.6492006629705429,139,23
0.6405699402093887,140,23
0.6399334669113159,141,23
0.641346886754036,142,23
0.6417331993579865,143,23
0.639420211315155,144,23
0.6308784335851669,145,23
0.6241396442055702,146,23
0.6136358678340912,147,23
0.5966536551713943,148,23
0.5794693976640701,149,23
0.5953823551535606,0,24
0.591093897819519,1,24
0.5831444710493088,2,24
0.584050364792347,3,24
0.5783170759677887,4,24
0.5762728005647659,5,24
0.5723051950335503,6,24
0.5681522339582443,7,24
0.5693693086504936,8,24
0.5673471465706825,9,24
0.5665096491575241,10,24
0.5508163832128048,11,24
0.5356216505169868,12,24
0.5307274479418993,13,24
0.5203342139720917,14,24
0.5177776161581278,15,24
0.4991406455519609,16,24
0.4892709366977215,17,24
0.4845536891371012,18,24
0.4819958992302418,19,24
0.4798603970557451,20,24
0.47559147514402866,21,24
0.4787811040878296,22,24
0.4786964785307646,23,24
0.4830990172922611,24,24
0.48215286806225777,25,24
0.47434657253324986,26,24
0.4733852557837963,27,24
0.4629288353025913,28,24
0.4439653046429157,29,24
0.4363691657781601,30,24
0.43116045743227005,31,24
0.42294615507125854,32,24
0.42220093309879303,33,24
0.41710615903139114,34,24
0.41581905633211136,35,24
0.4181576743721962,36,24
0.42686425894498825,37,24
0.44017651304602623,38,24
0.44718369096517563,39,24
0.4500417113304138,40,24
0.45265019312500954,41,24
0.45837757363915443,42,24
0.4520741365849972,43,24
0.44216413423419,44,24
0.44079499691724777,45,24
0.4429243355989456,46,24
0.44285455346107483,47,24
0.44903120771050453,48,24
0.4478963576257229,49,24
0.4380640238523483,50,24
0.4219673052430153,51,24
0.418845035135746,52,24
0.42361216992139816,53,24
0.4279472231864929,54,24
0.42376380413770676,55,24
0.43171047419309616,56,24
0.44403353333473206,57,24
0.44185496494174004,58,24
0.44171152263879776,59,24
0.44501306489109993,60,24
0.4492667093873024,61,24
0.4573559872806072,62,24
0.47301624342799187,63,24
0.49180681351572275,64,24
0.5040371436625719,65,24
0.5237389300018549,66,24
0.5233924072235823,67,24
0.5261622741818428,68,24
0.5356984511017799,69,24
0.5534506887197495,70,24
0.568080797791481,71,24
0.5791918635368347,72,24
0.58139269053936,73,24
0.5859122425317764,74,24
0.5966556668281555,75,24
0.6076773405075073,76,24
0.6038566529750824,77,24
0.598159559071064,78,24
0.5964165702462196,79,24
0.602963998913765,80,24
0.6118077486753464,81,24
0.6110762134194374,82,24
0.6076208129525185,83,24
0.5999429300427437,84,24
0.5917685553431511,85,24
0.5900501608848572,86,24
0.597042940557003,87,24
0.6043298691511154,88,24
0.6092406883835793,89,24
0.6210084334015846,90,24
0.6313107311725616,91,24
0.6408391445875168,92,24
0.6356317400932312,93,24
0.6302933841943741,94,24
0.6236301735043526,95,24
0.6202854663133621,96,24
0.6197713240981102,97,24
0.6190305799245834,98,24
0.6124869212508202,99,24
0.599732406437397,100,24
0.6038002446293831,101,24
0.6083990335464478,102,24
0.6142955645918846,103,24
0.6233589872717857,104,24
0.6254727989435196,105,24
0.6245231702923775,106,24
0.6231327131390572,107,24
0.6225445568561554,108,24
0.623997762799263,109,24
0.6192270070314407,110,24
0.6114454343914986,111,24
0.6138511374592781,112,24
0.6173302531242371,113,24
0.6254387050867081,114,24
0.6324255168437958,115,24
0.6332713961601257,116,24
0.6370773166418076,117,24
0.6442490071058273,118,24
0.6468380987644196,119,24
0.6503191590309143,120,24
0.6500452607870102,121,24
0.6515272557735443,122,24
0.6593150049448013,123,24
0.6608647257089615,124,24
0.6591148227453232,125,24
0.6588235199451447,126,24
0.6574656963348389,127,24
0.6542966961860657,128,24
0.655828133225441,129,24
0.6567583233118057,130,24
0.6579877287149429,131,24
0.6533581763505936,132,24
0.6581342965364456,133,24
0.665876716375351,134,24
0.6716127544641495,135,24
0.6711315661668777,136,24
0.6624555438756943,137,24
0.65476393699646,138,24
0.649476021528244,139,24
0.6439391374588013,140,24
0.6385454535484314,141,24
0.6403739005327225,142,24
0.6433372497558594,143,24
0.6421206593513489,144,24
0.6341087222099304,145,24
0.6249506175518036,146,24
0.6152636632323265,147,24
0.6009488105773926,148,24
0.5854857116937637,149,24
0.5983655005693436,0,25
0.5922394245862961,1,25
0.5784756541252136,2,25
0.5736856684088707,3,25
0.5703446567058563,4,25
0.5665612816810608,5,25
0.5614527612924576,6,25
0.558051373809576,7,25
0.5567714907228947,8,25
0.5585606321692467,9,25
0.5579043589532375,10,25
0.545212734490633,11,25
0.5438058227300644,12,25
0.5365277864038944,13,25
0.5174163673073053,14,25
0.5064401631243527,15,25
0.497954091290012,16,25
0.4921297328546643,17,25
0.48324811086058617,18,25
0.4818180426955223,19,25
0.4792068898677826,20,25
0.48036939837038517,21,25
0.4704924300312996,22,25
0.4696291461586952,23,25
0.47422271594405174,24,25
0.47439609840512276,25,25
0.4707977678626776,26,25
0.46924145705997944,27,25
0.45690037682652473,28,25
0.43173127621412277,29,25
0.42452262341976166,30,25
0.42167357355356216,31,25
0.40643496811389923,32,25
0.408088743686676,33,25
0.40989410877227783,34,25
0.40583474934101105,35,25
0.4054587334394455,36,25
0.41685397177934647,37,25
0.43072421103715897,38,25
0.4351204037666321,39,25
0.43832268193364143,40,25
0.4419640898704529,41,25
0.44756050780415535,42,25
0.4470038153231144,43,25
0.4362906739115715,44,25
0.43411487340927124,45,25
0.44149199873209,46,25
0.44112614542245865,47,25
0.44883502647280693,48,25
0.45196815952658653,49,25
0.44157400727272034,50,25
0.42079558968544006,51,25
0.41373544931411743,52,25
0.41871630400419235,53,25
0.42667730152606964,54,25
0.42358770221471786,55,25
0.4258476495742798,56,25
0.4366816356778145,57,25
0.43712136894464493,58,25
0.4340410456061363,59,25
0.4362706243991852,60,25
0.43567056208848953,61,25
0.4442998766899109,62,25
0.4633852317929268,63,25
0.48384773917496204,64,25
0.4997055542480666,65,25
0.5154903503134847,66,25
0.5169947445392609,67,25
0.5195373725146055,68,25
0.5300465878099203,69,25
0.5520600937306881,70,25
0.5667693912982941,71,25
0.5761671140789986,72,25
0.579564169049263,73,25
0.5883524119853973,74,25
0.6000576093792915,75,25
0.6049608886241913,76,25
0.602077879011631,77,25
0.5932718142867088,78,25
0.5875246450304985,79,25
0.590240128338337,80,25
0.5929708257317543,81,25
0.5949479714035988,82,25
0.5960828736424446,83,25
0.5901530012488365,84,25
0.583657518029213,85,25
0.5804573595523834,86,25
0.5872723534703255,87,25
0.5948524102568626,88,25
0.5995436906814575,89,25
0.6130158007144928,90,25
0.6202430948615074,91,25
0.6270723938941956,92,25
0.6271771192550659,93,25
0.6255043298006058,94,25
0.6188391521573067,95,25
0.6158346459269524,96,25
0.6168248429894447,97,25
0.6252009570598602,98,25
0.6226708814501762,99,25
0.6100563630461693,100,25
0.6098165363073349,101,25
0.6134977638721466,102,25
0.6199934557080269,103,25
0.629205122590065,104,25
0.6268283873796463,105,25
0.62618288397789,106,25
0.6295357793569565,107,25
0.6326656937599182,108,25
0.6306117177009583,109,25
0.6280539780855179,110,25
0.6187229827046394,111,25
0.6169522851705551,112,25
0.6206042021512985,113,25
0.6280930638313293,114,25
0.6352613121271133,115,25
0.6343270391225815,116,25
0.6395898163318634,117,25
0.6425342112779617,118,25
0.6486251503229141,119,25
0.6448687016963959,120,25
0.6425941735506058,121,25
0.6453654617071152,122,25
0.6507587283849716,123,25
0.6450605988502502,124,25
0.6466801762580872,125,25
0.651337206363678,126,25
0.6565045118331909,127,25
0.6512436419725418,128,25
0.6501721441745758,129,25
0.6513594090938568,130,25
0.6491755396127701,131,25
0.6412000060081482,132,25
0.6454829722642899,133,25
0.6565252393484116,134,25
0.6660637110471725,135,25
0.6619498878717422,136,25
0.6583426892757416,137,25
0.6506584286689758,138,25
0.6504861414432526,139,25
0.6461223363876343,140,25
0.6397384405136108,141,25
0.6396758556365967,142,25
0.6394567042589188,143,25
0.6366404592990875,144,25
0.6302096396684647,145,25
0.6210135594010353,146,25
0.6121542006731033,147,25
0.5984083488583565,148,25
0.5868430286645889,149,25
0.5883770063519478,0,26
0.5882433503866196,1,26
0.5751773416996002,2,26
0.5658911392092705,3,26
0.5610945746302605,4,26
0.5600537844002247,5,26
0.5583796873688698,6,26
0.5616353116929531,7,26
0.5557157211005688,8,26
0.5568575710058212,9,26
0.5522358827292919,10,26
0.5403883121907711,11,26
0.5418477430939674,12,26
0.5318107530474663,13,26
0.5164147615432739,14,26
0.5040255133062601,15,26
0.4981353145558387,16,26
0.4950332506559789,17,26
0.48827736731618643,18,26
0.48807329311966896,19,26
0.4849518332630396,20,26
0.4794171005487442,21,26
0.46812891587615013,22,26
0.46438470482826233,23,26
0.462573628872633,24,26
0.4603702872991562,25,26
0.45593568682670593,26,26
0.45438486710190773,27,26
0.4520365558564663,28,26
0.4298456162214279,29,26
0.40924985706806183,30,26
0.40572715550661087,31,26
0.3932157829403877,32,26
0.3936978131532669,33,26
0.395040400326252,34,26
0.3919818624854088,35,26
0.39590510725975037,36,26
0.4057420566678047,37,26
0.4138983264565468,38,26
0.41683001816272736,39,26
0.42331644147634506,40,26
0.43747304379940033,41,26
0.4340188801288605,42,26
0.43219494074583054,43,26
0.43070264160633087,44,26
0.42790667712688446,45,26
0.4280509576201439,46,26
0.4355359300971031,47,26
0.4468866139650345,48,26
0.45039132609963417,49,26
0.4494762420654297,50,26
0.4369856119155884,51,26
0.4258968308568001,52,26
0.4204879030585289,53,26
0.4230077639222145,54,26
0.42706916481256485,55,26
0.4304383099079132,56,26
0.43234583735466003,57,26
0.42750098556280136,58,26
0.4250454232096672,59,26
0.42443133145570755,60,26
0.42630767077207565,61,26
0.4374452754855156,62,26
0.45417220517992973,63,26
0.47641135938465595,64,26
0.49256689194589853,65,26
0.5100881503894925,66,26
0.5140828378498554,67,26
0.5197624731808901,68,26
0.5293565411120653,69,26
0.541185550391674,70,26
0.5573939420282841,71,26
0.5668726563453674,72,26
0.5747668594121933,73,26
0.5851677060127258,74,26
0.5919603034853935,75,26
0.5983341783285141,76,26
0.5917750224471092,77,26
0.5857408717274666,78,26
0.5856199264526367,79,26
0.5844174474477768,80,26
0.5825732499361038,81,26
0.584166094660759,82,26
0.5866953581571579,83,26
0.5832591950893402,84,26
0.576526515185833,85,26
0.5735866874456406,86,26
0.5755216851830482,87,26
0.5842033922672272,88,26
0.5904909074306488,89,26
0.6059331744909286,90,26
0.6082868427038193,91,26
0.6181725785136223,92,26
0.6173850297927856,93,26
0.6148241236805916,94,26
0.6206387281417847,95,26
0.6110278144478798,96,26
0.6095829904079437,97,26
0.6178760007023811,98,26
0.6164197847247124,99,26
0.6123843416571617,100,26
0.6112019270658493,101,26
0.6120157688856125,102,26
0.6214006766676903,103,26
0.6281449198722839,104,26
0.6293411552906036,105,26
0.6309269666671753,106,26
0.6318912357091904,107,26
0.635590061545372,108,26
0.6386490315198898,109,26
0.6401881575584412,110,26
0.6296535134315491,111,26
0.625189796090126,112,26
0.6232039630413055,113,26
0.6271572709083557,114,26
0.636207327246666,115,26
0.6363154649734497,116,26
0.6410524696111679,117,26
0.6374193131923676,118,26
0.635474219918251,119,26
0.6296331435441971,120,26
0.6306951344013214,121,26
0.6334315240383148,122,26
0.6319611668586731,123,26
0.6298909336328506,124,26
0.6332563161849976,125,26
0.6394568681716919,126,26
0.6501463204622269,127,26
0.6501966267824173,128,26
0.6422558724880219,129,26
0.6399939507246017,130,26
0.6353814601898193,131,26
0.6308824121952057,132,26
0.6350472569465637,133,26
0.6447052210569382,134,26
0.6542234122753143,135,26
0.6599127054214478,136,26
0.6590772271156311,137,26
0.6597263067960739,138,26
0.6530270278453827,139,26
0.6455828845500946,140,26
0.636559247970581,141,26
0.6352739930152893,142,26
0.6357638537883759,143,26
0.6346898674964905,144,26
0.628158837556839,145,26
0.6219158172607422,146,26
0.6091531962156296,147,26
0.5952927321195602,148,26
0.5864496529102325,149,26
0.5838578343391418,0,27
0.5807191506028175,1,27
0.5699455589056015,2,27
0.5609442293643951,3,27
0.5550685152411461,4,27
0.5540847070515156,5,27
0.5561894364655018,6,27
0.5542311146855354,7,27
0.5497581101953983,8,27
0.5481186993420124,9,27
0.5441014766693115,10,27
0.5348389223217964,11,27
0.5330086573958397,12,27
0.5235286299139261,13,27
0.5118476273491979,14,27
0.5010339099681005,15,27
0.49187464360147715,16,27
0.49474398931488395,17,27
0.4921397576108575,18,27
0.48829407431185246,19,27
0.48142469860613346,20,27
0.47452982515096664,21,27
0.4663582034409046,22,27
0.4597020372748375,23,27
0.4540010988712311,24,27
0.44393523409962654,25,27
0.4404253102838993,26,27
0.4385635256767273,27,27
0.4316827803850174,28,27
0.4173780381679535,29,27
0.39974088221788406,30,27
0.38969162851572037,31,27
0.3770672082901001,32,27
0.3800743445754051,33,27
0.38459936529397964,34,27
0.384913332760334,35,27
0.3896751329302788,36,27
0.3941803574562073,37,27
0.3967960774898529,38,27
0.40195682644844055,39,27
0.4107297211885452,40,27
0.4196436032652855,41,27
0.4165533110499382,42,27
0.41914064437150955,43,27
0.42412862181663513,44,27
0.41818487644195557,45,27
0.42395343631505966,46,27
0.4316438212990761,47,27
0.4399857334792614,48,27
0.45079247653484344,49,27
0.45501310378313065,50,27
0.445340059697628,51,27
0.4314451068639755,52,27
0.41967739164829254,53,27
0.41765084117650986,54,27
0.4230598956346512,55,27
0.4261934459209442,56,27
0.4244297817349434,57,27
0.4215029776096344,58,27
0.4178314432501793,59,27
0.41956446319818497,60,27
0.4244115427136421,61,27
0.42946456372737885,62,27
0.44920899346470833,63,27
0.466421227902174,64,27
0.48442091047763824,65,27
0.4970612714532763,66,27
0.5079194074496627,67,27
0.5156301166862249,68,27
0.5294448677450418,69,27
0.5363656207919121,70,27
0.5488404892385006,71,27
0.5563519783318043,72,27
0.5649551898241043,73,27
0.5753778666257858,74,27
0.5832189545035362,75,27
0.5847024172544479,76,27
0.5766987428069115,77,27
0.5745076984167099,78,27
0.5764212235808372,79,27
0.577243022620678,80,27
0.5744505897164345,81,27
0.5742668658494949,82,27
0.5765538811683655,83,27
0.5746263787150383,84,27
0.5686768442392349,85,27
0.5672138407826424,86,27
0.5728807598352432,87,27
0.582916259765625,88,27
0.5934054180979729,89,27
0.5936242938041687,90,27
0.5997535139322281,91,27
0.6046401038765907,92,27
0.6008111983537674,93,27
0.6000919714570045,94,27
0.603850319981575,95,27
0.5996152460575104,96,27
0.5996056422591209,97,27
0.6050776615738869,98,27
0.6083099320530891,99,27
0.6104511395096779,100,27
0.6123025193810463,101,27
0.6132897809147835,102,27
0.6179486736655235,103,27
0.6226462721824646,104,27
0.6283535808324814,105,27
0.6347364336252213,106,27
0.6383443027734756,107,27
0.6388076841831207,108,27
0.6372003257274628,109,27
0.6425707638263702,110,27
0.636244609951973,111,27
0.6329494565725327,112,27
0.6303361356258392,113,27
0.6298626065254211,114,27
0.6337707936763763,115,27
0.6348309367895126,116,27
0.6373937726020813,117,27
0.6338158249855042,118,27
0.6292086690664291,119,27
0.6222261115908623,120,27
0.6212751641869545,121,27
0.6209658309817314,122,27
0.6184712201356888,123,27
0.6209555715322495,124,27
0.6280072331428528,125,27
0.6310657560825348,126,27
0.6381286531686783,127,27
0.6375615894794464,128,27
0.6290960907936096,129,27
0.6248473972082138,130,27
0.6217408031225204,131,27
0.6199612319469452,132,27
0.6232788935303688,133,27
0.6317377090454102,134,27
0.64200559258461,135,27
0.6487461179494858,136,27
0.6528674215078354,137,27
0.6583397686481476,138,27
0.6559791564941406,139,27
0.6416691243648529,140,27
0.6296905875205994,141,27
0.6290623098611832,142,27
0.6288724988698959,143,27
0.6297194063663483,144,27
0.6243021562695503,145,27
0.6167618632316589,146,27
0.6061525195837021,147,27
0.5907952561974525,148,27
0.5847889557480812,149,27
0.5803693234920502,0,28
0.5737067088484764,1,28
0.5596680119633675,2,28
0.5528428219258785,3,28
0.5450767055153847,4,28
0.5419135093688965,5,28
0.5448685027658939,6,28
0.5373585000634193,7,28
0.5432349890470505,8,28
0.5411341302096844,9,28
0.531086103990674,10,28
0.5291998144239187,11,28
0.52677046880126,12,28
0.5149067612364888,13,28
0.501874826499261,14,28
0.4930849112570286,15,28
0.48956240247935057,16,28
0.49717750237323344,17,28
0.4964199492242187,18,28
0.4848854560405016,19,28
0.4802883565425873,20,28
0.4692813605070114,21,28
0.45966148376464844,22,28
0.45748258009552956,23,28
0.45154884830117226,24,28
0.438867412507534,25,28
0.43335653841495514,26,28
0.42813844233751297,27,28
0.41576094180345535,28,28
0.4048674926161766,29,28
0.40008482336997986,30,28
0.3824748396873474,31,28
0.37061986327171326,32,28
0.37105415761470795,33,28
0.370745450258255,34,28
0.37245868146419525,35,28
0.38043851405382156,36,28
0.3841385468840599,37,28
0.38133858889341354,38,28
0.38741786777973175,39,28
0.39721449464559555,40,28
0.3939368277788162,41,28
0.39768724143505096,42,28
0.3985532373189926,43,28
0.40527497231960297,44,28
0.40800808370113373,45,28
0.4160652831196785,46,28
0.42483171820640564,47,28
0.43857530876994133,48,28
0.44343672320246696,49,28
0.45088962092995644,50,28
0.44332878291606903,51,28
0.4304158464074135,52,28
0.4159862548112869,53,28
0.4107249453663826,54,28
0.41464177519083023,55,28
0.41570522636175156,56,28
0.4197651818394661,57,28
0.4169618859887123,58,28
0.4166178032755852,59,28
0.4207087308168411,60,28
0.42317330837249756,61,28
0.4302658811211586,62,28
0.44473404809832573,63,28
0.4600815176963806,64,28
0.47608482837677,65,28
0.49112831708043814,66,28
0.5008748733089305,67,28
0.5082752825692296,68,28
0.5226437412202358,69,28
0.5307074245065451,70,28
0.5405776686966419,71,28
0.5472366996109486,72,28
0.5577381886541843,73,28
0.5662621930241585,74,28
0.5709633529186249,75,28
0.5736697167158127,76,28
0.5728419050574303,77,28
0.570036806166172,78,28
0.5735727623105049,79,28
0.5704840645194054,80,28
0.5689267441630363,81,28
0.5650022402405739,82,28
0.5642697736620903,83,28
0.5597538985311985,84,28
0.5598836652934551,85,28
0.5633570179343224,86,28
0.5686338767409325,87,28
0.5783958956599236,88,28
0.5766531750559807,89,28
0.5845334157347679,90,28
0.5896020904183388,91,28
0.5908267945051193,92,28
0.5854532942175865,93,28
0.5878733024001122,94,28
0.584277480840683,95,28
0.5908583179116249,96,28
0.5905874446034431,97,28
0.5986751765012741,98,28
0.6003436595201492,99,28
0.6064528748393059,100,28
0.6127774119377136,101,28
0.6097128167748451,102,28
0.6108966544270515,103,28
0.6234127432107925,104,28
0.627539187669754,105,28
0.6324483305215836,106,28
0.6362120360136032,107,28
0.639127105474472,108,28
0.642145499587059,109,28
0.6436460763216019,110,28
0.6344177424907684,111,28
0.6343515813350677,112,28
0.6309358179569244,113,28
0.6391589939594269,114,28
0.6347511559724808,115,28
0.6353876292705536,116,28
0.6332747936248779,117,28
0.6269459575414658,118,28
0.6246286332607269,119,28
0.6204167082905769,120,28
0.6195373460650444,121,28
0.6063294410705566,122,28
0.6013007760047913,123,28
0.608286127448082,124,28
0.612909696996212,125,28
0.6180892735719681,126,28
0.6186701506376266,127,28
0.6211001724004745,128,28
0.6103803142905235,129,28
0.6102311834692955,130,28
0.60960503667593,131,28
0.6136023923754692,132,28
0.6177270039916039,133,28
0.6221713349223137,134,28
0.6275554597377777,135,28
0.6321804970502853,136,28
0.6376481652259827,137,28
0.6440286785364151,138,28
0.6447670161724091,139,28
0.6358833163976669,140,28
0.6281209737062454,141,28
0.6254405230283737,142,28
0.6228164061903954,143,28
0.6226797848939896,144,28
0.6234273761510849,145,28
0.6142812669277191,146,28
0.5980908051133156,147,28
0.5857150033116341,148,28
0.58425372838974,149,28
0.5740837156772614,0,29
0.567583478987217,1,29
0.5545889474451542,2,29
0.5450871363282204,3,29
0.5341549441218376,4,29
0.5286462660878897,5,29
0.526055010035634,6,29
0.5308493785560131,7,29
0.5342499800026417,8,29
0.5277225337922573,9,29
0.5219665244221687,10,29
0.5203471034765244,11,29
0.5196035373955965,12,29
0.5114480331540108,13,29
0.4978831778280437,14,29
0.49754712148569524,15,29
0.49581499211490154,16,29
0.4874363802373409,17,29
0.4847761392593384,18,29
0.4814150910824537,19,29
0.4807426929473877,20,29
0.4721822813153267,21,29
0.46158307045698166,22,29
0.46225330978631973,23,29
0.46093935519456863,24,29
0.4488886557519436,25,29
0.43868714198470116,26,29
0.4259151592850685,27,29
0.4154004156589508,28,29
0.40855567902326584,29,29
0.39931581914424896,30,29
0.37840457260608673,31,29
0.36812570691108704,32,29
0.36695295572280884,33,29
0.3666893392801285,34,29
0.37190374732017517,35,29
0.37410740554332733,36,29
0.3738648593425751,37,29
0.37711434066295624,38,29
0.380366675555706,39,29
0.38303226232528687,40,29
0.38049501180648804,41,29
0.3858848735690117,42,29
0.3860437795519829,43,29
0.3877386450767517,44,29
0.393163800239563,45,29
0.40207888185977936,46,29
0.41184359788894653,47,29
0.42334408313035965,48,29
0.4315637946128845,49,29
0.43640248477458954,50,29
0.4352276548743248,51,29
0.42616740614175797,52,29
0.41205982863903046,53,29
0.40552588552236557,54,29
0.40485017746686935,55,29
0.4049443155527115,56,29
0.41415876150131226,57,29
0.4171903505921364,58,29
0.4205464944243431,59,29
0.42251063138246536,60,29
0.42510678619146347,61,29
0.43247421085834503,62,29
0.4448521286249161,63,29
0.4562871977686882,64,29
0.4686649478971958,65,29
0.4845096589997411,66,29
0.49526436952874064,67,29
0.49902481079334393,68,29
0.509750803001225,69,29
0.5243800766766071,70,29
0.5333204977214336,71,29
0.5429767668247223,72,29
0.5496267452836037,73,29
0.5589243434369564,74,29
0.5606591701507568,75,29
0.5630958154797554,76,29
0.5689428299665451,77,29
0.5646037831902504,78,29
0.5670767948031425,79,29
0.5663243979215622,80,29
0.5657700896263123,81,29
0.5630825683474541,82,29
0.5598437823355198,83,29
0.5580135360360146,84,29
0.5588993616402149,85,29
0.5652925074100494,86,29
0.567021906375885,87,29
0.5676566362380981,88,29
0.5734348520636559,89,29
0.578156054019928,90,29
0.5836871415376663,91,29
0.5860524773597717,92,29
0.5765917971730232,93,29
0.5800329074263573,94,29
0.5785152614116669,95,29
0.5793016403913498,96,29
0.5864687487483025,97,29
0.5955552831292152,98,29
0.599445529282093,99,29
0.6054395139217377,100,29
0.6055542454123497,101,29
0.5994285121560097,102,29
0.602627232670784,103,29
0.611882172524929,104,29
0.6200555935502052,105,29
0.6264668703079224,106,29
0.634641095995903,107,29
0.6428722441196442,108,29
0.6439379900693893,109,29
0.6457539796829224,110,29
0.6371297240257263,111,29
0.6343338787555695,112,29
0.633572980761528,113,29
0.6372136920690536,114,29
0.6306985914707184,115,29
0.6271960735321045,116,29
0.6230190470814705,117,29
0.6168014407157898,118,29
0.6126301884651184,119,29
0.6053394824266434,120,29
0.6014819219708443,121,29
0.5922184064984322,122,29
0.5876339823007584,123,29
0.5943888127803802,124,29
0.5996137782931328,125,29
0.6082684472203255,126,29
0.6024061143398285,127,29
0.5972293019294739,128,29
0.5963971018791199,129,29
0.5955550000071526,130,29
0.5962144806981087,131,29
0.5999370515346527,132,29
0.6026146933436394,133,29
0.606614500284195,134,29
0.6119069457054138,135,29
0.617529846727848,136,29
0.6256376802921295,137,29
0.6296405792236328,138,29
0.6301400661468506,139,29
0.6269193142652512,140,29
0.6249029859900475,141,29
0.6216429099440575,142,29
0.6174216940999031,143,29
0.6149564981460571,144,29
0.6137152090668678,145,29
0.606431782245636,146,29
0.5966530367732048,147,29
0.5881061479449272,148,29
0.5833155363798141,149,29
0.568285197019577,0,30
0.5589546263217926,1,30
0.5473446659743786,2,30
0.5358513630926609,3,30
0.5256532970815897,4,30
0.5213016513735056,5,30
0.5224004741758108,6,30
0.5326285287737846,7,30
0.5319578237831593,8,30
0.5265869460999966,9,30
0.5152728091925383,10,30
0.5147829046472907,11,30
0.5133913047611713,12,30
0.5140042183920741,13,30
0.5046102828346193,14,30
0.5000991063207039,15,30
0.4835360925644636,16,30
0.48534337617456913,17,30
0.4874693127349019,18,30
0.4851985601708293,19,30
0.4844875857234001,20,30
0.47576366923749447,21,30
0.4690971728414297,22,30
0.4681789465248585,23,30
0.4639018103480339,24,30
0.45100539550185204,25,30
0.43802469968795776,26,30
0.4187248945236206,27,30
0.4128919243812561,28,30
0.4064922034740448,29,30
0.3925250619649887,30,30
0.37448327243328094,31,30
0.3669780194759369,32,30
0.3661158084869385,33,30
0.36645781993865967,34,30
0.3684549629688263,35,30
0.37191052734851837,36,30
0.3659362941980362,37,30
0.36831337213516235,38,30
0.37046314775943756,39,30
0.36544640362262726,40,30
0.3731290251016617,41,30
0.37798672914505005,42,30
0.37933890521526337,43,30
0.3765265718102455,44,30
0.3796818479895592,45,30
0.388121135532856,46,30
0.39864253252744675,47,30
0.4063873589038849,48,30
0.41286588460206985,49,30
0.4206474795937538,50,30
0.4270167350769043,51,30
0.4195771738886833,52,30
0.406912662088871,53,30
0.3966653123497963,54,30
0.3941575512290001,55,30
0.40132950246334076,56,30
0.4096665531396866,57,30
0.4146575555205345,58,30
0.41441206634044647,59,30
0.4202272295951843,60,30
0.4187464639544487,61,30
0.4275055155158043,62,30
0.442963145673275,63,30
0.45802582800388336,64,30
0.4713205676525831,65,30
0.4817871879786253,66,30
0.487124047242105,67,30
0.5014363086083904,68,30
0.5055389567278326,69,30
0.5221980400383472,70,30
0.5283848121762276,71,30
0.533504206687212,72,30
0.5360017344355583,73,30
0.5425108224153519,74,30
0.5477870032191277,75,30
0.5526991002261639,76,30
0.5552384629845619,77,30
0.556581225246191,78,30
0.5574035905301571,79,30
0.5610341578722,80,30
0.5601677373051643,81,30
0.5584023557603359,82,30
0.5535368025302887,83,30
0.5574232935905457,84,30
0.5564786642789841,85,30
0.5608379393815994,86,30
0.5593612715601921,87,30
0.5616440102458,88,30
0.5647187232971191,89,30
0.5733342543244362,90,30
0.5813919305801392,91,30
0.5862249061465263,92,30
0.5774616524577141,93,30
0.5730849206447601,94,30
0.5656287297606468,95,30
0.5715493336319923,96,30
0.5778740867972374,97,30
0.5801103040575981,98,30
0.5882093012332916,99,30
0.5948442071676254,100,30
0.5971728041768074,101,30
0.596880353987217,102,30
0.5978640168905258,103,30
0.6059083268046379,104,30
0.613063633441925,105,30
0.6166518777608871,106,30
0.6321950256824493,107,30
0.6447908282279968,108,30
0.6454711109399796,109,30
0.6420890539884567,110,30
0.6356857866048813,111,30
0.6275624334812164,112,30
0.6235492452979088,113,30
0.620844192802906,114,30
0.6144710928201675,115,30
0.6096027866005898,116,30
0.6114225909113884,117,30
0.5994824022054672,118,30
0.5965904071927071,119,30
0.5919727012515068,120,30
0.586746372282505,121,30
0.5825530365109444,122,30
0.5804879814386368,123,30
0.5801410675048828,124,30
0.5836151167750359,125,30
0.5919246524572372,126,30
0.5869256258010864,127,30
0.583059772849083,128,30
0.5842128023505211,129,30
0.5822477862238884,130,30
0.5830464884638786,131,30
0.5822597965598106,132,30
0.5867133066058159,133,30
0.5866235643625259,134,30
0.5865770503878593,135,30
0.5971569791436195,136,30
0.606414221227169,137,30
0.6127383038401604,138,30
0.6132233887910843,139,30
0.6129680275917053,140,30
0.6151350289583206,141,30
0.6124174296855927,142,30
0.6104549542069435,143,30
0.6073857843875885,144,30
0.6022719964385033,145,30
0.5977588444948196,146,30
0.587603397667408,147,30
0.5833481103181839,148,30
0.5782534256577492,149,30
0.5605704933404922,0,31
0.5536231175065041,1,31
0.5429295487701893,2,31
0.5365604311227798,3,31
0.5247033629566431,4,31
0.5229396838694811,5,31
0.5295548401772976,6,31
0.5357906334102154,7,31
0.5308249443769455,8,31
0.5168726518750191,9,31
0.50912303943187,10,31
0.5076177516020834,11,31
0.5081918621435761,12,31
0.5104281902313232,13,31
0.5095673277974129,14,31
0.5052554523572326,15,31
0.4868868198245764,16,31
0.4916348196566105,17,31
0.4937714166007936,18,31
0.48781679198145866,19,31
0.4826735816895962,20,31
0.4758214186877012,21,31
0.46633123233914375,22,31
0.4632555730640888,23,31
0.4611181356012821,24,31
0.45004839450120926,25,31
0.42618680745363235,26,31
0.40977146476507187,27,31
0.39988768100738525,28,31
0.3932872414588928,29,31
0.3823859468102455,30,31
0.3704400807619095,31,31
0.3672867864370346,32,31
0.3654726892709732,33,31
0.36150364577770233,34,31
0.3603598028421402,35,31
0.3667524755001068,36,31
0.3634132742881775,37,31
0.3672245591878891,38,31
0.36186985671520233,39,31
0.3552705645561218,40,31
0.3661067336797714,41,31
0.3749774545431137,42,31
0.3777857720851898,43,31
0.3700713515281677,44,31
0.3668288141489029,45,31
0.37569284439086914,46,31
0.3818742260336876,47,31
0.3883955106139183,48,31
0.3940852954983711,49,31
0.41070032119750977,50,31
0.417697511613369,51,31
0.41268450766801834,52,31
0.40089282393455505,53,31
0.39337968081235886,54,31
0.3903435915708542,55,31
0.39457952976226807,56,31
0.40950513631105423,57,31
0.409166619181633,58,31
0.415162056684494,59,31
0.41721831262111664,60,31
0.41577228158712387,61,31
0.42237885296344757,62,31
0.43453094363212585,63,31
0.45243215933442116,64,31
0.4710179977118969,65,31
0.484897674061358,66,31
0.4922444699332118,67,31
0.5066100512631238,68,31
0.508341895416379,69,31
0.5161108318716288,70,31
0.5259640235453844,71,31
0.5288210362195969,72,31
0.5296563729643822,73,31
0.5302341487258673,74,31
0.5361042581498623,75,31
0.5421384871006012,76,31
0.547761544585228,77,31
0.5493819117546082,78,31
0.5484085604548454,79,31
0.549981489777565,80,31
0.549327690154314,81,31
0.5478961579501629,82,31
0.5437781289219856,83,31
0.5449440889060497,84,31
0.5472474209964275,85,31
0.5497853793203831,86,31
0.5540602058172226,87,31
0.5537849590182304,88,31
0.5573675185441971,89,31
0.5672115907073021,90,31
0.5797506794333458,91,31
0.5829988792538643,92,31
0.5826432034373283,93,31
0.5749705582857132,94,31
0.5713847205042839,95,31
0.5741079673171043,96,31
0.57369115203619,97,31
0.5686712637543678,98,31
0.5774635151028633,99,31
0.5834059491753578,100,31
0.5872891843318939,101,31
0.5855740010738373,102,31
0.5905641913414001,103,31
0.5982002094388008,104,31
0.6077102273702621,105,31
0.6173996329307556,106,31
0.629018023610115,107,31
0.6427509486675262,108,31
0.6421108543872833,109,31
0.6396349519491196,110,31
0.6307341307401657,111,31
0.6187135353684425,112,31
0.6105047687888145,113,31
0.6097562238574028,114,31
0.6074767783284187,115,31
0.5983561128377914,116,31
0.5909969508647919,117,31
0.5908072292804718,118,31
0.5882254913449287,119,31
0.5853800401091576,120,31
0.5781126022338867,121,31
0.5723052322864532,122,31
0.5707238838076591,123,31
0.5699214413762093,124,31
0.5644861236214638,125,31
0.5688759312033653,126,31
0.5712509080767632,127,31
0.5740048661828041,128,31
0.5760580897331238,129,31
0.5690588802099228,130,31
0.5669393166899681,131,31
0.5681980028748512,132,31
0.5710754171013832,133,31
0.5672144815325737,134,31
0.5702899247407913,135,31
0.5762602686882019,136,31
0.5806798189878464,137,31
0.5884348675608635,138,31
0.5937135294079781,139,31
0.5969387888908386,140,31
0.597435474395752,141,31
0.6003393456339836,142,31
0.6000076606869698,143,31
0.596630223095417,144,31
0.5941537842154503,145,31
0.5831596404314041,146,31
0.5858748704195023,147,31
0.5752723887562752,148,31
0.5676437392830849,149,31
0.5417026542127132,0,32
0.5373220928013325,1,32
0.5298305228352547,2,32
0.5306642260402441,3,32
0.52919309027493,4,32
0.5333004333078861,5,32
0.5293238144367933,6,32
0.5336035043001175,7,32
0.5245695281773806,8,32
0.5146252941340208,9,32
0.5092574581503868,10,32
0.5014717406593263,11,32
0.4998511899029836,12,32
0.5052456120029092,13,32
0.5097030038014054,14,32
0.5106049412861466,15,32
0.5011827602284029,16,32
0.4967598752118647,17,32
0.4938271651044488,18,32
0.48360008746385574,19,32
0.4787021540105343,20,32
0.47397678159177303,21,32
0.467438206076622,22,32
0.46152162179350853,23,32
0.45479992032051086,24,32
0.43747419118881226,25,32
0.41115881502628326,26,32
0.39693719148635864,27,32
0.39516109228134155,28,32
0.3939351439476013,29,32
0.38270987570285797,30,32
0.3700670599937439,31,32
0.37045930325984955,32,32
0.36986953020095825,33,32
0.36323490738868713,34,32
0.3703089505434036,35,32
0.364922896027565,36,32
0.3617895394563675,37,32
0.3604820966720581,38,32
0.352520614862442,39,32
0.3477303981781006,40,32
0.3585556149482727,41,32
0.3730788379907608,42,32
0.38138430565595627,43,32
0.38071969896554947,44,32
0.37216681241989136,45,32
0.371514156460762,46,32
0.37430644035339355,47,32
0.37823808938264847,48,32
0.3866841271519661,49,32
0.3983013182878494,50,32
0.4058610424399376,51,32
0.4062465727329254,52,32
0.39688917249441147,53,32
0.3924245983362198,54,32
0.3924247920513153,55,32
0.3996468260884285,56,32
0.40186110883951187,57,32
0.40503013879060745,58,32
0.40648943185806274,59,32
0.40681909024715424,60,32
0.40590010583400726,61,32
0.4142042398452759,62,32
0.4252508133649826,63,32
0.43232670426368713,64,32
0.4576088786125183,65,32
0.4815401826053858,66,32
0.4870873801410198,67,32
0.4981369903543964,68,32
0.5104181254282594,69,32
0.5211361814290285,70,32
0.5274260379374027,71,32
0.5261096619069576,72,32
0.5269683673977852,73,32
0.5230336897075176,74,32
0.532019380480051,75,32
0.5374176613986492,76,32
0.5401096157729626,77,32
0.540034107863903,78,32
0.5390966609120369,79,32
0.5384762175381184,80,32
0.5360468924045563,81,32
0.5332077033817768,82,32
0.5315756611526012,83,32
0.5298637859523296,84,32
0.5346323847770691,85,32
0.5389244705438614,86,32
0.5431217923760414,87,32
0.5525521412491798,88,32
0.5564795546233654,89,32
0.564368300139904,90,32
0.5724063217639923,91,32
0.5794421955943108,92,32
0.5723909139633179,93,32
0.5720383748412132,94,32
0.5710653737187386,95,32
0.576126329600811,96,32
0.5726704746484756,97,32
0.5718661621212959,98,32
0.5714756026864052,99,32
0.5709860920906067,100,32
0.5728762969374657,101,32
0.5728532671928406,102,32
0.5795653089880943,103,32
0.5903702527284622,104,32
0.5983426943421364,105,32
0.6072855368256569,106,32
0.622494250535965,107,32
0.6333995014429092,108,32
0.6320714801549911,109,32
0.6270272582769394,110,32
0.6106126233935356,111,32
0.6071566417813301,112,32
0.6071873977780342,113,32
0.6099173724651337,114,32
0.5989685356616974,115,32
0.5889600142836571,116,32
0.5865826457738876,117,32
0.5874819681048393,118,32
0.5833211541175842,119,32
0.575256384909153,120,32
0.5671373084187508,121,32
0.560589075088501,122,32
0.5596489906311035,123,32
0.555618692189455,124,32
0.5479445345699787,125,32
0.5480856336653233,126,32
0.550534825772047,127,32
0.5575102940201759,128,32
0.5569321550428867,129,32
0.5494151152670383,130,32
0.5556370764970779,131,32
0.5587163232266903,132,32
0.5589845888316631,133,32
0.5535792894661427,134,32
0.5526900179684162,135,32
0.5514687225222588,136,32
0.5557649806141853,137,32
0.564996749162674,138,32
0.5760036185383797,139,32
0.5780653432011604,140,32
0.5823623910546303,141,32
0.5853472873568535,142,32
0.5866471603512764,143,32
0.5888842716813087,144,32
0.5816927626729012,145,32
0.5730982571840286,146,32
0.5765551254153252,147,32
0.5703218802809715,148,32
0.5637699961662292,149,32
0.5198123995214701,0,33
0.5247613675892353,1,33
0.5267129689455032,2,33
0.5298488363623619,3,33
0.5301535688340664,4,33
0.5278274118900299,5,33
0.5245911087840796,6,33
0.5226448327302933,7,33
0.5120857674628496,8,33
0.5028836254496127,9,33
0.49788720323704183,10,33
0.4987344880355522,11,33
0.5017845021793619,12,33
0.5007703320588917,13,33
0.5046842340379953,14,33
0.5062389262020588,15,33
0.5036536930128932,16,33
0.49888176179956645,17,33
0.4937689760699868,18,33
0.4890461880713701,19,33
0.48086857609450817,20,33
0.47449645958840847,21,33
0.46823106706142426,22,33
0.4614695645868778,23,33
0.4505773298442364,24,33
0.43607035279273987,25,33
0.419027678668499,26,33
0.4118610844016075,27,33
0.4056003987789154,28,33
0.40044793486595154,29,33
0.3927282840013504,30,33
0.3868142068386078,31,33
0.3851217031478882,32,33
0.37907087057828903,33,33
0.37668149918317795,34,33
0.37151767313480377,35,33
0.363037645816803,36,33
0.3568151891231537,37,33
0.3541582226753235,38,33
0.35105395317077637,39,33
0.34444282948970795,40,33
0.35959653556346893,41,33
0.36902332305908203,42,33
0.37797997891902924,43,33
0.3758627101778984,44,33
0.3790552169084549,45,33
0.3793538212776184,46,33
0.375435434281826,47,33
0.3829050809144974,48,33
0.38957037031650543,49,33
0.3909696191549301,50,33
0.400820292532444,51,33
0.3993955925107002,52,33
0.4000169709324837,53,33
0.3958268091082573,54,33
0.39366787672042847,55,33
0.39205215871334076,56,33
0.3935021460056305,57,33
0.39885788410902023,58,33
0.40215933322906494,59,33
0.3980061784386635,60,33
0.39455512911081314,61,33
0.39751536399126053,62,33
0.4108770936727524,63,33
0.4356819614768028,64,33
0.4540173150599003,65,33
0.4711865019053221,66,33
0.4876104788854718,67,33
0.5061034662649035,68,33
0.5104046417400241,69,33
0.5144126517698169,70,33
0.5152376107871532,71,33
0.5135611528530717,72,33
0.5148480031639338,73,33
0.513069711625576,74,33
0.5160257015377283,75,33
0.5231332369148731,76,33
0.5185507517307997,77,33
0.5123612517490983,78,33
0.5133142787963152,79,33
0.5091628273949027,80,33
0.5074163405224681,81,33
0.5052719721570611,82,33
0.506206227466464,83,33
0.50589036103338,84,33
0.5136717008426785,85,33
0.5239915642887354,86,33
0.5331835970282555,87,33
0.5336857847869396,88,33
0.5378357581794262,89,33
0.5485269501805305,90,33
0.5597076565027237,91,33
0.5669210106134415,92,33
0.5629346594214439,93,33
0.5659859925508499,94,33
0.560197688639164,95,33
0.5586473643779755,96,33
0.5573935359716415,97,33
0.5523932538926601,98,33
0.5495302677154541,99,33
0.5461437404155731,100,33
0.5489826649427414,101,33
0.551280003041029,102,33
0.5558094419538975,103,33
0.5683173388242722,104,33
0.5785688534379005,105,33
0.595393605530262,106,33
0.6078121438622475,107,33
0.6114139556884766,108,33
0.6150419414043427,109,33
0.6116081550717354,110,33
0.6014927625656128,111,33
0.5902443006634712,112,33
0.5897145941853523,113,33
0.5897557586431503,114,33
0.5844807624816895,115,33
0.5815938413143158,116,33
0.578068308532238,117,33
0.57086431235075,118,33
0.563302606344223,119,33
0.5569646842777729,120,33
0.549628958106041,121,33
0.5401471368968487,122,33
0.5364920049905777,123,33
0.5286577548831701,124,33
0.5253240130841732,125,33
0.5239283293485641,126,33
0.5258134938776493,127,33
0.52736577950418,128,33
0.5276584085077047,129,33
0.5291036646813154,130,33
0.5326125472784042,131,33
0.5401928685605526,132,33
0.535747442394495,133,33
0.5300696920603514,134,33
0.5313449949026108,135,33
0.5286361500620842,136,33
0.5322288833558559,137,33
0.5382384434342384,138,33
0.5506441928446293,139,33
0.5550782345235348,140,33
0.5629202127456665,141,33
0.5661762729287148,142,33
0.5718324854969978,143,33
0.5732282176613808,144,33
0.5673340186476707,145,33
0.563129372894764,146,33
0.5707442313432693,147,33
0.5615738518536091,148,33
0.5544351413846016,149,33
0.5017870167503133,0,34
0.5151512501761317,1,34
0.516985684633255,2,34
0.5255281869322062,3,34
0.5282085128128529,4,34
0.5211063381284475,5,34
0.52149473503232,6,34
0.5173956677317619,7,34
0.5089815929532051,8,34
0.5044957650825381,9,34
0.5018572153057903,10,34
0.5074363993480802,11,34
0.5112229362130165,12,34
0.5079220309853554,13,34
0.5056783906184137,14,34
0.5115185445174575,15,34
0.5101486118510365,16,34
0.5024062783923,17,34
0.493563009891659,18,34
0.4890742748975754,19,34
0.48232641629874706,20,34
0.47752739675343037,21,34
0.46937895752489567,22,34
0.4626104086637497,23,34
0.45202234759926796,24,34
0.43907975032925606,25,34
0.4267992824316025,26,34
0.4176369085907936,27,34
0.4108557030558586,28,34
0.4045614004135132,29,34
0.39681798219680786,30,34
0.38861942291259766,31,34
0.38831014186143875,32,34
0.38673387467861176,33,34
0.3837215304374695,34,34
0.3697567880153656,35,34
0.3672390580177307,36,34
0.36001038551330566,37,34
0.35156723856925964,38,34
0.3466867506504059,39,34
0.35072265565395355,40,34
0.35517923533916473,41,34
0.3624328076839447,42,34
0.3641855865716934,43,34
0.3694028854370117,44,34
0.3787485435605049,45,34
0.3764926418662071,46,34
0.37880006432533264,47,34
0.3839687332510948,48,34
0.39019470661878586,49,34
0.39365869015455246,50,34
0.4034409075975418,51,34
0.39811232686042786,52,34
0.39770375192165375,53,34
0.39565931260585785,54,34
0.39399130642414093,55,34
0.3933299407362938,56,34
0.3860814943909645,57,34
0.38813793659210205,58,34
0.38987696915864944,59,34
0.38768942654132843,60,34
0.38935883343219757,61,34
0.389098197221756,62,34
0.4009728729724884,63,34
0.42482587695121765,64,34
0.4422655738890171,65,34
0.46719785779714584,66,34
0.48883224185556173,67,34
0.4992427979595959,68,34
0.5042535397224128,69,34
0.5029657024424523,70,34
0.5093490313738585,71,34
0.5106159932911396,72,34
0.5137154087424278,73,34
0.5163164436817169,74,34
0.5206909831613302,75,34
0.5229082815349102,76,34
0.5116389943286777,77,34
0.5056539033539593,78,34
0.5044054463505745,79,34
0.5008026952855289,80,34
0.5034683591220528,81,34
0.4990203025517985,82,34
0.4951222729869187,83,34
0.4962989848572761,84,34
0.5080008460208774,85,34
0.5203313753008842,86,34
0.527237631380558,87,34
0.5385222099721432,88,34
0.5442340970039368,89,34
0.5530128553509712,90,34
0.5672782883048058,91,34
0.5691503807902336,92,34
0.5621146969497204,93,34
0.56324702501297,94,34
0.5609587132930756,95,34
0.5532040372490883,96,34
0.5494618266820908,97,34
0.537311777472496,98,34
0.5321135930716991,99,34
0.5285094399005175,100,34
0.5302510969340801,101,34
0.5338572114706039,102,34
0.5413391441106796,103,34
0.5571914538741112,104,34
0.5714033246040344,105,34
0.5854729041457176,106,34
0.5942607149481773,107,34
0.597306601703167,108,34
0.6017487645149231,109,34
0.5982614383101463,110,34
0.5951986163854599,111,34
0.5900124758481979,112,34
0.5875979065895081,113,34
0.5800010338425636,114,34
0.5808901563286781,115,34
0.5797211080789566,116,34
0.5741364657878876,117,34
0.5602237209677696,118,34
0.55664137378335,119,34
0.5466060303151608,120,34
0.5399674475193024,121,34
0.533201027661562,122,34
0.5295783821493387,123,34
0.5224705282598734,124,34
0.5128852436318994,125,34
0.5061855772510171,126,34
0.5028270941693336,127,34
0.5071079144254327,128,34
0.5139971431344748,129,34
0.5207382440567017,130,34
0.5176912490278482,131,34
0.5221820119768381,132,34
0.524513391777873,133,34
0.5178603809326887,134,34
0.5174086820334196,135,34
0.5170593671500683,136,34
0.5253093391656876,137,34
0.5281365793198347,138,34
0.5366853587329388,139,34
0.5435516349971294,140,34
0.5554820075631142,141,34
0.548959843814373,142,34
0.5550444424152374,143,34
0.5705837905406952,144,34
0.5682231932878494,145,34
0.5675891563296318,146,34
0.5548621974885464,147,34
0.5554954148828983,148,34
0.5531492307782173,149,34
0.49955553241306916,0,35
0.5115100918337703,1,35
0.51315061096102,2,35
0.5268532615154982,3,35
0.5240937639027834,4,35
0.5213312208652496,5,35
0.5226878561079502,6,35
0.5182216241955757,7,35
0.5130411526188254,8,35
0.5134527590125799,9,35
0.5138418143615127,10,35
0.5207780450582504,11,35
0.527286596596241,12,35
0.5230480786412954,13,35
0.5176487136632204,14,35
0.5178061574697495,15,35
0.5126153463497758,16,35
0.5032248827628791,17,35
0.4927771291695535,18,35
0.4881419539451599,19,35
0.48483744729310274,20,35
0.48446688801050186,21,35
0.4811935443431139,22,35
0.47351811826229095,23,35
0.4605727382004261,24,35
0.4482972212135792,25,35
0.43520569056272507,26,35
0.4247099831700325,27,35
0.4205472096800804,28,35
0.4132824242115021,29,35
0.4005407467484474,30,35
0.39789997041225433,31,35
0.3953264579176903,32,35
0.39720671623945236,33,35
0.38820594549179077,34,35
0.37985215336084366,35,35
0.3727850764989853,36,35
0.36694711446762085,37,35
0.35544243454933167,38,35
0.35209228098392487,39,35
0.3491145968437195,40,35
0.3463713973760605,41,35
0.3516165465116501,42,35
0.35540711879730225,43,35
0.36538366973400116,44,35
0.3725751042366028,45,35
0.37546633929014206,46,35
0.3807583600282669,47,35
0.3861440569162369,48,35
0.39381593465805054,49,35
0.39862969517707825,50,35
0.4017103537917137,51,35
0.4025389701128006,52,35
0.40189120173454285,53,35
0.3950545862317085,54,35
0.3889932185411453,55,35
0.3842853903770447,56,35
0.37893684953451157,57,35
0.37794172018766403,58,35
0.3752562627196312,59,35
0.3744601160287857,60,35
0.37758927792310715,61,35
0.3846585601568222,62,35
0.3968025743961334,63,35
0.41449543088674545,64,35
0.4391319751739502,65,35
0.4681462235748768,66,35
0.4884385531768203,67,35
0.49938030360499397,68,35
0.5045457747764885,69,35
0.4977820448111743,70,35
0.5034240651875734,71,35
0.5069740689359605,72,35
0.5077569503337145,73,35
0.510268178768456,74,35
0.5132282394915819,75,35
0.5161421932280064,76,35
0.5085336025804281,77,35
0.5011305357329547,78,35
0.4955510273575783,79,35
0.4919479889795184,80,35
0.4912057649344206,81,35
0.4922736561857164,82,35
0.4876362504437566,83,35
0.4927832535468042,84,35
0.5043276669457555,85,35
0.5106719806790352,86,35
0.5249517001211643,87,35
0.5347683802247047,88,35
0.5436235517263412,89,35
0.5520882122218609,90,35
0.56147875264287,91,35
0.5662925913929939,92,35
0.5639519616961479,93,35
0.5598545670509338,94,35
0.5550666935741901,95,35
0.5417393110692501,96,35
0.5284483321011066,97,35
0.5258823446929455,98,35
0.5198231320828199,99,35
0.5176372211426497,100,35
0.517203675583005,101,35
0.5203256625682116,102,35
0.5324852019548416,103,35
0.5473786368966103,104,35
0.5583081245422363,105,35
0.5718028470873833,106,35
0.578106202185154,107,35
0.5855505391955376,108,35
0.5885196253657341,109,35
0.5922399163246155,110,35
0.5885049849748611,111,35
0.5887138172984123,112,35
0.5869811922311783,113,35
0.5762735605239868,114,35
0.5750877931714058,115,35
0.5783707723021507,116,35
0.5722604393959045,117,35
0.5607333928346634,118,35
0.5504625663161278,119,35
0.5416810922324657,120,35
0.5362764187157154,121,35
0.5321657322347164,122,35
0.5261807404458523,123,35
0.5181188974529505,124,35
0.5075225234031677,125,35
0.5028367505874485,126,35
0.49248404428362846,127,35
0.49809802044183016,128,35
0.5059469323605299,129,35
0.5106404852122068,130,35
0.5069167083129287,131,35
0.5062808664515615,132,35
0.5123700629919767,133,35
0.5130715034902096,134,35
0.5104842809960246,135,35
0.5147059820592403,136,35
0.526882704347372,137,35
0.5307586491107941,138,35
0.537067212164402,139,35
0.5386024005711079,140,35
0.5443667843937874,141,35
0.5430487729609013,142,35
0.552895475178957,143,35
0.5556036718189716,144,35
0.5571384355425835,145,35
0.5513577274978161,146,35
0.5509238466620445,147,35
0.5499688871204853,148,35
0.5475229173898697,149,35
0.49331236723810434,0,36
0.5011517864186317,1,36
0.5161116141825914,2,36
0.5208818390965462,3,36
0.5192448105663061,4,36
0.5120694674551487,5,36
0.5113982073962688,6,36
0.5116898268461227,7,36
0.5101830940693617,8,36
0.5154936332255602,9,36
0.5265467632561922,10,36
0.5336823798716068,11,36
0.5359906852245331,12,36
0.5354549288749695,13,36
0.5340034142136574,14,36
0.5274175852537155,15,36
0.5176733452826738,16,36
0.5068914811126888,17,36
0.49707779521122575,18,36
0.48935610987246037,19,36
0.48458003904670477,20,36
0.4853396685793996,21,36
0.48760206531733274,22,36
0.4842360783368349,23,36
0.47228607907891273,24,36
0.4564085155725479,25,36
0.43962254002690315,26,36
0.4293030574917793,27,36
0.4205275923013687,28,36
0.411698080599308,29,36
0.39815396815538406,30,36
0.3939977213740349,31,36
0.40038807690143585,32,36
0.40030305832624435,33,36
0.40035784244537354,34,36
0.3931557834148407,35,36
0.3807423934340477,36,36
0.37217143177986145,37,36
0.359078973531723,38,36
0.3543587028980255,39,36
0.3526250123977661,40,36
0.3469829261302948,41,36
0.34884013235569,42,36
0.3600146472454071,43,36
0.3669191300868988,44,36
0.37215493619441986,45,36
0.3740914463996887,46,36
0.38153161853551865,47,36
0.3860337659716606,48,36
0.38785824179649353,49,36
0.38992901146411896,50,36
0.3945671543478966,51,36
0.40367673337459564,52,36
0.39580993354320526,53,36
0.39078956842422485,54,36
0.38747357577085495,55,36
0.37518908828496933,56,36
0.3720911741256714,57,36
0.3730701208114624,58,36
0.37036827206611633,59,36
0.367007777094841,60,36
0.3707898110151291,61,36
0.3804575055837631,62,36
0.3909360244870186,63,36
0.4126945734024048,64,36
0.4349421113729477,65,36
0.46626733243465424,66,36
0.48804924357682467,67,36
0.49543147115036845,68,36
0.4982168891001493,69,36
0.49316228181123734,70,36
0.5016033238498494,71,36
0.5058931047096848,72,36
0.50624975329265,73,36
0.5039689317345619,74,36
0.5055091534741223,75,36
0.5076164691708982,76,36
0.5001991679746425,77,36
0.49383886996656656,78,36
0.4879512917250395,79,36
0.4862672807648778,80,36
0.48452778067439795,81,36
0.4808580409735441,82,36
0.4812236353754997,83,36
0.48104678094387054,84,36
0.48203530348837376,85,36
0.49953438152442686,86,36
0.5137374242767692,87,36
0.5255181100219488,88,36
0.534959714859724,89,36
0.5440573580563068,90,36
0.5490036867558956,91,36
0.560541819781065,92,36
0.5587996616959572,93,36
0.5543811656534672,94,36
0.5450181439518929,95,36
0.5312097687274218,96,36
0.5179381463676691,97,36
0.5133150983601809,98,36
0.5143303228542209,99,36
0.5110953180119395,100,36
0.5085157314315438,101,36
0.5165409427136183,102,36
0.5240760426968336,103,36
0.5306697152554989,104,36
0.5404689498245716,105,36
0.5555463433265686,106,36
0.5671971291303635,107,36
0.5754594281315804,108,36
0.5773283615708351,109,36
0.5834125503897667,110,36
0.5837620720267296,111,36
0.5867384225130081,112,36
0.5825569480657578,113,36
0.5742672756314278,114,36
0.5695687830448151,115,36
0.5689935758709908,116,36
0.5643759369850159,117,36
0.5549613870680332,118,36
0.5427099093794823,119,36
0.5374701730906963,120,36
0.5297526512295008,121,36
0.5308965910226107,122,36
0.5229715686291456,123,36
0.5141628868877888,124,36
0.5056831734254956,125,36
0.5022800283040851,126,36
0.49268481554463506,127,36
0.5010506265098229,128,36
0.505359604023397,129,36
0.5041245426982641,130,36
0.500419388699811,131,36
0.5028687890153378,132,36
0.5088898772373796,133,36
0.5115347476676106,134,36
0.5158658046275377,135,36
0.5230772327631712,136,36
0.5272560492157936,137,36
0.5302051659673452,138,36
0.5322260856628418,139,36
0.5341310650110245,140,36
0.5336888171732426,141,36
0.5421189740300179,142,36
0.5427447706460953,143,36
0.5438366755843163,144,36
0.5434962995350361,145,36
0.5342031605541706,146,36
0.5403237454593182,147,36
0.5416883714497089,148,36
0.5474612526595592,149,36
0.4852211121469736,0,37
0.5126656675711274,1,37
0.5241182539612055,2,37
0.5177550129592419,3,37
0.5153796402737498,4,37
0.5132379159331322,5,37
0.510598074644804,6,37
0.5170304197818041,7,37
0.5205681510269642,8,37
0.5274933911859989,9,37
0.5436377376317978,10,37
0.5451372936367989,11,37
0.5477088578045368,12,37
0.5467015244066715,13,37
0.544029027223587,14,37
0.5369352325797081,15,37
0.5238067004829645,16,37
0.511886416003108,17,37
0.5036375073250383,18,37
0.49407839123159647,19,37
0.4892013417556882,20,37
0.48302488029003143,21,37
0.48548072576522827,22,37
0.4856256637722254,23,37
0.47210986725986004,24,37
0.45778386667370796,25,37
0.4450674094259739,26,37
0.4344421699643135,27,37
0.4253746196627617,28,37
0.41017480194568634,29,37
0.4005667716264725,30,37
0.39751940965652466,31,37
0.4080275669693947,32,37
0.4100835844874382,33,37
0.4077659472823143,34,37
0.40912213176488876,35,37
0.40402360260486603,36,37
0.39262936264276505,37,37
0.3705347627401352,38,37
0.3672608733177185,39,37
0.3595718741416931,40,37
0.35618995130062103,41,37
0.35864488780498505,42,37
0.3681000918149948,43,37
0.36923782527446747,44,37
0.37837208062410355,45,37
0.38280194997787476,46,37
0.38443470001220703,47,37
0.3841552957892418,48,37
0.38468753546476364,49,37
0.38501864671707153,50,37
0.39201290160417557,51,37
0.40162786841392517,52,37
0.3909437581896782,53,37
0.3815987780690193,54,37
0.37562014907598495,55,37
0.36449797451496124,56,37
0.36653658747673035,57,37
0.36707650125026703,58,37
0.3655223697423935,59,37
0.35878802835941315,60,37
0.3715628832578659,61,37
0.3828703761100769,62,37
0.3909372538328171,63,37
0.4159231260418892,64,37
0.44164324924349785,65,37
0.46508152410387993,66,37
0.48027513548731804,67,37
0.4895843770354986,68,37
0.49279964808374643,69,37
0.49148261174559593,70,37
0.49996723352887784,71,37
0.5068610985763371,72,37
0.5111835151910782,73,37
0.5013037546304986,74,37
0.5018549528904259,75,37
0.5054749557748437,76,37
0.496989969862625,77,37
0.4917674483731389,78,37
0.4802160933613777,79,37
0.47395864874124527,80,37
0.47168052941560745,81,37
0.4706600233912468,82,37
0.47311239689588547,83,37
0.47065821290016174,84,37
0.46734266355633736,85,37
0.479170236736536,86,37
0.5002120080462191,87,37
0.5102521721273661,88,37
0.5248041860759258,89,37
0.5325693264603615,90,37
0.5399609617888927,91,37
0.5480801239609718,92,37
0.5456097051501274,93,37
0.5396194197237492,94,37
0.5379374027252197,95,37
0.5243323016911745,96,37
0.5111551834270358,97,37
0.5074388268403709,98,37
0.5091048087924719,99,37
0.5063263820484281,100,37
0.504222268704325,101,37
0.5079971700906754,102,37
0.5132223591208458,103,37
0.5196689032018185,104,37
0.5271818414330482,105,37
0.5337995775043964,106,37
0.5464020557701588,107,37
0.5584226734936237,108,37
0.5658706501126289,109,37
0.5723587870597839,110,37
0.5764787420630455,111,37
0.5773927196860313,112,37
0.5760979950428009,113,37
0.5733446627855301,114,37
0.5636324808001518,115,37
0.5549854077398777,116,37
0.5483568273484707,117,37
0.5436699651181698,118,37
0.5351619608700275,119,37
0.5343005433678627,120,37
0.5325337499380112,121,37
0.527298329398036,122,37
0.5211822353303432,123,37
0.5152762914076447,124,37
0.5045236810110509,125,37
0.5013908351538703,126,37
0.49521817173808813,127,37
0.5004229526675772,128,37
0.49931431835284457,129,37
0.4991919161984697,130,37
0.5017646666383371,131,37
0.5033061818685383,132,37
0.5062033864669502,133,37
0.5160914212465286,134,37
0.5243173781782389,135,37
0.5286279898136854,136,37
0.5293344408273697,137,37
0.5262460187077522,138,37
0.5341385528445244,139,37
0.5347880944609642,140,37
0.5333996713161469,141,37
0.5380641743540764,142,37
0.5367898531258106,143,37
0.5349129810929298,144,37
0.5311944521963596,145,37
0.520618287846446,146,37
0.5239826422184706,147,37
0.5384120866656303,148,37
0.5428661927580833,149,37
0.4981104708276689,0,38
0.5158514324575663,1,38
0.5246740262955427,2,38
0.5209277458488941,3,38
0.5190551374107599,4,38
0.516779787838459,5,38
0.5155804082751274,6,38
0.5251996200531721,7,38
0.5312260743230581,8,38
0.5395915284752846,9,38
0.5497358739376068,10,38
0.553128320723772,11,38
0.5562229454517365,12,38
0.5526009909808636,13,38
0.5482685267925262,14,38
0.5460153855383396,15,38
0.5281247608363628,16,38
0.5145152788609266,17,38
0.5043208976276219,18,38
0.49374025920405984,19,38
0.4929351694881916,20,38
0.4914633585140109,21,38
0.4906628867611289,22,38
0.48707472905516624,23,38
0.4756522122770548,24,38
0.46079498156905174,25,38
0.4543110243976116,26,38
0.44456951320171356,27,38
0.4379320666193962,28,38
0.4209485128521919,29,38
0.4129133000969887,30,38
0.4209529459476471,31,38
0.42388617247343063,32,38
0.4201405569911003,33,38
0.4167108088731766,34,38
0.4195420369505882,35,38
0.4169485494494438,36,38
0.40918031334877014,37,38
0.38956695050001144,38,38
0.37715355306863785,39,38
0.36733727157115936,40,38
0.36742183566093445,41,38
0.3682367503643036,42,38
0.37519101798534393,43,38
0.37697165459394455,44,38
0.3864942565560341,45,38
0.3875107020139694,46,38
0.38841474056243896,47,38
0.3839264437556267,48,38
0.3829898312687874,49,38
0.3846728354692459,50,38
0.3927471488714218,51,38
0.3992511183023453,52,38
0.3905571177601814,53,38
0.3803250715136528,54,38
0.37063804268836975,55,38
0.3648153692483902,56,38
0.37026993930339813,57,38
0.3654782176017761,58,38
0.3622400313615799,59,38
0.36372724175453186,60,38
0.3736368268728256,61,38
0.39423462003469467,62,38
0.4125143215060234,63,38
0.42925556749105453,64,38
0.44781893119215965,65,38
0.4603425860404968,66,38
0.47550428099930286,67,38
0.48426116816699505,68,38
0.49561662040650845,69,38
0.4907591165974736,70,38
0.5050414111465216,71,38
0.5095961978659034,72,38
0.5125677213072777,73,38
0.5109847513958812,74,38
0.5057591637596488,75,38
0.5043815742246807,76,38
0.4954979573376477,77,38
0.4830702990293503,78,38
0.47202466428279877,79,38
0.4645676538348198,80,38
0.4543257877230644,81,38
0.45184246078133583,82,38
0.45549799501895905,83,38
0.46264999359846115,84,38
0.4656553454697132,85,38
0.4713716823607683,86,38
0.48778293188661337,87,38
0.5009115488501266,88,38
0.5181790310889482,89,38
0.5304279662668705,90,38
0.5371009856462479,91,38
0.5377108827233315,92,38
0.5326961763203144,93,38
0.5313322469592094,94,38
0.5264342445880175,95,38
0.5171386320143938,96,38
0.5108971083536744,97,38
0.5039528389461339,98,38
0.5044254739768803,99,38
0.5043504633940756,100,38
0.5069817481562495,101,38
0.502541524823755,102,38
0.5073157087899745,103,38
0.5173784960061312,104,38
0.5188263822346926,105,38
0.5217022467404604,106,38
0.5298889465630054,107,38
0.5382453128695488,108,38
0.5456527806818485,109,38
0.5571706034243107,110,38
0.5547522716224194,111,38
0.5594629794359207,112,38
0.5615237280726433,113,38
0.562336128205061,114,38
0.5560518838465214,115,38
0.545908585190773,116,38
0.5422093570232391,117,38
0.5385632701218128,118,38
0.5354185700416565,119,38
0.5345213152468204,120,38
0.5306852236390114,121,38
0.531144542619586,122,38
0.5303566958755255,123,38
0.5271639619022608,124,38
0.5163951870054007,125,38
0.5056133354082704,126,38
0.49504856253042817,127,38
0.49617367843165994,128,38
0.4951571519486606,129,38
0.5003319652169012,130,38
0.5034380215220153,131,38
0.5074417903088033,132,38
0.5075305532664061,133,38
0.5163644086569548,134,38
0.5239140409976244,135,38
0.522283086553216,136,38
0.5269745867699385,137,38
0.5329072140157223,138,38
0.5403328984975815,139,38
0.537713497877121,140,38
0.5330773368477821,141,38
0.5306084770709276,142,38
0.5329308547079563,143,38
0.531087277457118,144,38
0.5256422627717257,145,38
0.517413342371583,146,38
0.5140751115977764,147,38
0.517229400575161,148,38
0.5238283593207598,149,38
0.5022241619881243,0,39
0.5150579232722521,1,39
0.5209192112088203,2,39
0.5218268260359764,3,39
0.5232844725251198,4,39
0.5220938753336668,5,39
0.5246954467147589,6,39
0.531340941786766,7,39
0.5393928401172161,8,39
0.5373792424798012,9,39
0.5454560220241547,10,39
0.5534299165010452,11,39
0.5544157363474369,12,39
0.5555286779999733,13,39
0.5584597401320934,14,39
0.5474064461886883,15,39
0.5290914680808783,16,39
0.5162849128246307,17,39
0.5089178923517466,18,39
0.4982130102580413,19,39
0.49580270098522305,20,39
0.4923510947264731,21,39
0.4905733624473214,22,39
0.4875978780910373,23,39
0.48146216943860054,24,39
0.47040368244051933,25,39
0.45948948711156845,26,39
0.4527229182422161,27,39
0.44843393191695213,28,39
0.43648574501276016,29,39
0.42886972427368164,30,39
0.4291562885046005,31,39
0.4315236285328865,32,39
0.4339551776647568,33,39
0.42559950053691864,34,39
0.431020051240921,35,39
0.43321629613637924,36,39
0.4273427426815033,37,39
0.41464318335056305,38,39
0.3972659111022949,39,39
0.3829992339015007,40,39
0.37599552422761917,41,39
0.3785673901438713,42,39
0.3881041333079338,43,39
0.39204052835702896,44,39
0.39158057421445847,45,39
0.38265856355428696,46,39
0.3850085809826851,47,39
0.387461356818676,48,39
0.39030541479587555,49,39
0.38959698379039764,50,39
0.3952164575457573,51,39
0.3990202695131302,52,39
0.3840068578720093,53,39
0.37892594188451767,54,39
0.3725728243589401,55,39
0.3699680417776108,56,39
0.36726318299770355,57,39
0.3664999306201935,58,39
0.3700582832098007,59,39
0.3708249032497406,60,39
0.3817749097943306,61,39
0.3999727740883827,62,39
0.4203931838274002,63,39
0.4360869377851486,64,39
0.4509042873978615,65,39
0.46472105011343956,66,39
0.4783692304044962,67,39
0.48459993954747915,68,39
0.4978495263494551,69,39
0.4983286701608449,70,39
0.5109883015975356,71,39
0.5175676997750998,72,39
0.5179864391684532,73,39
0.5184556860476732,74,39
0.5112245548516512,75,39
0.5022622270043939,76,39
0.47953689843416214,77,39
0.46617182716727257,78,39
0.4563361629843712,79,39
0.45120710879564285,80,39
0.44926296174526215,81,39
0.4479556791484356,82,39
0.4524748772382736,83,39
0.45793114602565765,84,39
0.45932046324014664,85,39
0.4699575640261173,86,39
0.481154752895236,87,39
0.4942910992540419,88,39
0.5125198438763618,89,39
0.5296292379498482,90,39
0.5323840342462063,91,39
0.5280396323651075,92,39
0.5192645583301783,93,39
0.5188773311674595,94,39
0.5167274363338947,95,39
0.5135672800242901,96,39
0.5104156024754047,97,39
0.5019431973341852,98,39
0.501913650194183,99,39
0.5001861565397121,100,39
0.5012687143171206,101,39
0.5015773242339492,102,39
0.5069915158674121,103,39
0.5121178263798356,104,39
0.510882381349802,105,39
0.5144886095076799,106,39
0.5213015824556351,107,39
0.523456908762455,108,39
0.5309178438037634,109,39
0.5377315431833267,110,39
0.5312128812074661,111,39
0.5401638820767403,112,39
0.5428531058132648,113,39
0.546495832502842,114,39
0.5460162200033665,115,39
0.538060873746872,116,39
0.5354511551558971,117,39
0.5366607643663883,118,39
0.5363639481365681,119,39
0.5351479090750217,120,39
0.5344810858368874,121,39
0.5312520191073418,122,39
0.5317467041313648,123,39
0.5287670101970434,124,39
0.5216125659644604,125,39
0.5097914384678006,126,39
0.49703251384198666,127,39
0.4967596286442131,128,39
0.5019424591446295,129,39
0.5048252139240503,130,39
0.504176969639957,131,39
0.5076487413607538,132,39
0.5142336944118142,133,39
0.5196306090801954,134,39
0.5240850988775492,135,39
0.5214141067117453,136,39
0.5210675187408924,137,39
0.5322641804814339,138,39
0.5381271950900555,139,39
0.5349367298185825,140,39
0.5268012154847383,141,39
0.5252723209559917,142,39
0.526755491271615,143,39
0.5288112014532089,144,39
0.5189236216247082,145,39
0.5104882139712572,146,39
0.5036911249626428,147,39
0.5076738568022847,148,39
0.5092189973220229,149,39
0.4954161965288222,0,40
0.5057432092726231,1,40
0.5145500721409917,2,40
0.5175329688936472,3,40
0.5214689336717129,4,40
0.5212993398308754,5,40
0.5239362604916096,6,40
0.530761169269681,7,40
0.5379542261362076,8,40
0.532821498811245,9,40
0.5433494783937931,10,40
0.549149502068758,11,40
0.5556609556078911,12,40
0.5610121600329876,13,40
0.5555823519825935,14,40
0.5462178625166416,15,40
0.5289429407566786,16,40
0.5165017265826464,17,40
0.5151620777323842,18,40
0.5079390192404389,19,40
0.4964544354006648,20,40
0.49239519191905856,21,40
0.4918381590396166,22,40
0.49107460770756006,23,40
0.4898342499509454,24,40
0.4852502690628171,25,40
0.4735699761658907,26,40
0.4608357436954975,27,40
0.45372215658426285,28,40
0.44565219432115555,29,40
0.44380364939570427,30,40
0.43813349679112434,31,40
0.43913933262228966,32,40
0.4378540851175785,33,40
0.43383485078811646,34,40
0.43520236760377884,35,40
0.43907705321907997,36,40
0.4305301159620285,37,40
0.42028842866420746,38,40
0.40706153213977814,39,40
0.3964962735772133,40,40
0.3805890902876854,41,40
0.38415688276290894,42,40
0.3920527249574661,43,40
0.3953132927417755,44,40
0.39094769954681396,45,40
0.3859674260020256,46,40
0.39047203212976456,47,40
0.3912655785679817,48,40
0.39993786066770554,49,40
0.39348775148391724,50,40
0.3958032578229904,51,40
0.3893320932984352,52,40
0.3873535394668579,53,40
0.3825094550848007,54,40
0.37912386655807495,55,40
0.3727089911699295,56,40
0.36779268085956573,57,40
0.3683779388666153,58,40
0.37062831223011017,59,40
0.36722947657108307,60,40
0.3787804916501045,61,40
0.39785652607679367,62,40
0.4183589071035385,63,40
0.43443048000335693,64,40
0.44848058745265007,65,40
0.46725258603692055,66,40
0.483030803501606,67,40
0.487524826079607,68,40
0.49464298598468304,69,40
0.49199848994612694,70,40
0.5105950394645333,71,40
0.5083143906667829,72,40
0.5081962840631604,73,40
0.5048648887313902,74,40
0.4918229728937149,75,40
0.48566684871912,76,40
0.47918351367115974,77,40
0.4651993624866009,78,40
0.4570854678750038,79,40
0.45446596667170525,80,40
0.46167629584670067,81,40
0.4514011889696121,82,40
0.4600512236356735,83,40
0.46000348776578903,84,40
0.4638620652258396,85,40
0.47385992482304573,86,40
0.4900954654440284,87,40
0.496660022996366,88,40
0.5083173895254731,89,40
0.5197512730956078,90,40
0.5233674384653568,91,40
0.5192426387220621,92,40
0.5083300368860364,93,40
0.510441311635077,94,40
0.5122300395742059,95,40
0.5116241471841931,96,40
0.5056180912069976,97,40
0.49768483685329556,98,40
0.49533641524612904,99,40
0.49601586908102036,100,40
0.4984107635682449,101,40
0.5005730193806812,102,40
0.5069761229678988,103,40
0.5114179393276572,104,40
0.5085438070818782,105,40
0.5124081168323755,106,40
0.5144054405391216,107,40
0.5179901961237192,108,40
0.5197240505367517,109,40
0.5252077486366034,110,40
0.5186847019940615,111,40
0.5250520519912243,112,40
0.5311907771974802,113,40
0.5379513911902905,114,40
0.5376348197460175,115,40
0.5376226343214512,116,40
0.5335772447288036,117,40
0.5348346047103405,118,40
0.5317236259579659,119,40
0.5339157432317734,120,40
0.533629335463047,121,40
0.5356425195932388,122,40
0.5303273927420378,123,40
0.5260217003524303,124,40
0.5241664387285709,125,40
0.510699974372983,126,40
0.5023579718545079,127,40
0.5060220938175917,128,40
0.5025767877232283,129,40
0.5031319740228355,130,40
0.5066185118630528,131,40
0.5097915204241872,132,40
0.5150123592466116,133,40
0.520482212305069,134,40
0.5205911230295897,135,40
0.5207424387335777,136,40
0.5274109002202749,137,40
0.5327533073723316,138,40
0.5348200760781765,139,40
0.5314187258481979,140,40
0.5241974759846926,141,40
0.5196175761520863,142,40
0.5179347805678844,143,40
0.5180516820400953,144,40
0.5108568975701928,145,40
0.5039721648208797,146,40
0.49767810897901654,147,40
0.502419161144644,148,40
0.5036248518154025,149,40
0.4792967978864908,0,41
0.49037002958357334,1,41
0.5035882028751075,2,41
0.5063143619336188,3,41
0.510708948597312,4,41
0.5118495281785727,5,41
0.5064275613985956,6,41
0.5154484650120139,7,41
0.5257216226309538,8,41
0.5300849247723818,9,41
0.5368341095745564,10,41
0.5451557897031307,11,41
0.552727147936821,12,41
0.5541431494057178,13,41
0.5451076440513134,14,41
0.5347468256950378,15,41
0.518863020464778,16,41
0.5102334767580032,17,41
0.5112102013081312,18,41
0.501384967006743,19,41
0.4956845249980688,20,41
0.4924554852768779,21,41
0.4915788881480694,22,41
0.4920534836128354,23,41
0.49435631185770035,24,41
0.4919575899839401,25,41
0.4802950229495764,26,41
0.46985982544720173,27,41
0.461062029004097,28,41
0.45631781965494156,29,41
0.4542918801307678,30,41
0.44893137365579605,31,41
0.44458309561014175,32,41
0.44071465358138084,33,41
0.43637965619564056,34,41
0.43685300648212433,35,41
0.4381125196814537,36,41
0.4309672713279724,37,41
0.4141436070203781,38,41
0.40580862760543823,39,41
0.397019661962986,40,41
0.39053473621606827,41,41
0.3884824365377426,42,41
0.3911602646112442,43,41
0.3925657942891121,44,41
0.38994619250297546,45,41
0.38984889537096024,46,41
0.390693336725235,47,41
0.3952317386865616,48,41
0.4002196863293648,49,41
0.4000818058848381,50,41
0.3946298733353615,51,41
0.39175788313150406,52,41
0.3909343481063843,53,41
0.3798174485564232,54,41
0.37419867515563965,55,41
0.3671293407678604,56,41
0.3697880208492279,57,41
0.37230919301509857,58,41
0.37510909140110016,59,41
0.37431009113788605,60,41
0.38078413158655167,61,41
0.3948059231042862,62,41
0.41085658222436905,63,41
0.4309139624238014,64,41
0.4515210948884487,65,41
0.47067270800471306,66,41
0.48494820203632116,67,41
0.48836721759289503,68,41
0.4913148460909724,69,41
0.4837986323982477,70,41
0.49129036348313093,71,41
0.4953031069599092,72,41
0.5000450807419838,73,41
0.49988750179181807,74,41
0.4918123986572027,75,41
0.4826062135398388,76,41
0.4758264757692814,77,41
0.4629549868404865,78,41
0.45852547138929367,79,41
0.45837999135255814,80,41
0.4604456014931202,81,41
0.4610277935862541,82,41
0.460928101092577,83,41
0.46703337132930756,84,41
0.47102874889969826,85,41
0.485701491124928,86,41
0.49143180903047323,87,41
0.4938998003490269,88,41
0.4995278839196544,89,41
0.5146530708298087,90,41
0.51506416965276,91,41
0.5112007157877088,92,41
0.503059308277443,93,41
0.5051143015734851,94,41
0.5055885748006403,95,41
0.5032573770731688,96,41
0.5010357996216044,97,41
0.49851794948335737,98,41
0.4977818282786757,99,41
0.49603015510365367,100,41
0.4922380358912051,101,41
0.49654903053306043,102,41
0.500759570626542,103,41
0.5028039626777172,104,41
0.5052004852332175,105,41
0.5057735787704587,106,41
0.5129664912819862,107,41
0.5130070624873042,108,41
0.5132792321965098,109,41
0.5114182056859136,110,41
0.5096396626904607,111,41
0.5137032810598612,112,41
0.5198301207274199,113,41
0.5277918260544538,114,41
0.5327728278934956,115,41
0.5402598977088928,116,41
0.5370210781693459,117,41
0.5339496806263924,118,41
0.528387438505888,119,41
0.5275194905698299,120,41
0.5317969024181366,121,41
0.5269334223121405,122,41
0.5254430584609509,123,41
0.5227305144071579,124,41
0.5245939884334803,125,41
0.5154067678377032,126,41
0.5058983732014894,127,41
0.5049804258160293,128,41
0.49535994324833155,129,41
0.4947222420014441,130,41
0.503371950937435,131,41
0.5130999553948641,132,41
0.5186042990535498,133,41
0.5156856756657362,134,41
0.51792311668396,135,41
0.5221351962536573,136,41
0.5247938428074121,137,41
0.5268244631588459,138,41
0.5282297264784575,139,41
0.5218880344182253,140,41
0.5193720236420631,141,41
0.5147917652502656,142,41
0.5098916627466679,143,41
0.5122265741229057,144,41
0.5055700219236314,145,41
0.49888041126541793,146,41
0.49540135730057955,147,41
0.49888019380159676,148,41
0.49844953534193337,149,41
0.46040215715765953,0,42
0.4751930497586727,1,42
0.4882055399939418,2,42
0.4945946051739156,3,42
0.4936775313690305,4,42
0.49294869881123304,5,42
0.49284473573789,6,42
0.5040061175823212,7,42
0.5157659780234098,8,42
0.5217856653034687,9,42
0.5281142648309469,10,42
0.5367273464798927,11,42
0.5429573468863964,12,42
0.5391489006578922,13,42
0.530380493029952,14,42
0.5201194863766432,15,42
0.5067962459288538,16,42
0.5034238733351231,17,42
0.5008330768323503,18,42
0.49916065885918215,19,42
0.49588513979688287,20,42
0.48870279733091593,21,42
0.4891510810703039,22,42
0.4859493486583233,23,42
0.48703455924987793,24,42
0.4881683588027954,25,42
0.48317375406622887,26,42
0.4787946306169033,27,42
0.471903458237648,28,42
0.4656856507062912,29,42
0.4609290808439255,30,42
0.4562222585082054,31,42
0.4506998136639595,32,42
0.4466071091592312,33,42
0.44632039219141006,34,42
0.4450630880892277,35,42
0.4393722228705883,36,42
0.42223092913627625,37,42
0.4094758927822113,38,42
0.4018658250570297,39,42
0.4027324840426445,40,42
0.3958873525261879,41,42
0.38997316360473633,42,42
0.3882165774703026,43,42
0.38898609578609467,44,42
0.39196915924549103,45,42
0.39169570803642273,46,42
0.3939937576651573,47,42
0.3927610367536545,48,42
0.3888019174337387,49,42
0.38765043765306473,50,42
0.3920512795448303,51,42
0.39477910101413727,52,42
0.39485178887844086,53,42
0.38213398307561874,54,42
0.3714214265346527,55,42
0.368598535656929,56,42
0.3719683736562729,57,42
0.37479813396930695,58,42
0.3752089962363243,59,42
0.3769201189279556,60,42
0.3842371180653572,61,42
0.3968278393149376,62,42
0.40601542592048645,63,42
0.423594132065773,64,42
0.4415868893265724,65,42
0.46934958919882774,66,42
0.48094937950372696,67,42
0.4831643979996443,68,42
0.4856850216165185,69,42
0.4757271148264408,70,42
0.4788699671626091,71,42
0.48567937407642603,72,42
0.49679489294067025,73,42
0.5004445449158084,74,42
0.49195929151028395,75,42
0.48366563580930233,76,42
0.47138254903256893,77,42
0.4599360413849354,78,42
0.45621301233768463,79,42
0.45798321440815926,80,42
0.4624488987028599,81,42
0.4621991775929928,82,42
0.46297698840498924,83,42
0.4683496244251728,84,42
0.4712283555418253,85,42
0.4816725105047226,86,42
0.48526135738939047,87,42
0.48169760778546333,88,42
0.48761670384556055,89,42
0.49397811852395535,90,42
0.5010560769587755,91,42
0.5034379272256047,92,42
0.49538318207487464,93,42
0.4996493852813728,94,42
0.5025506024248898,95,42
0.500431127496995,96,42
0.4972733675967902,97,42
0.5008324158843607,98,42
0.49811496248003095,99,42
0.49882727256044745,100,42
0.4946284359320998,101,42
0.49215736892074347,102,42
0.4912845427170396,103,42
0.4951274134218693,104,42
0.49986304744379595,105,42
0.5130480816587806,106,42
0.5163944140076637,107,42
0.5100565180182457,108,42
0.5052358964458108,109,42
0.5088236201554537,110,42
0.5048675751313567,111,42
0.5143508156761527,112,42
0.5214242152869701,113,42
0.5243126936256886,114,42
0.5285981316119432,115,42
0.536484245210886,116,42
0.5399953834712505,117,42
0.5310708973556757,118,42
0.5257956702262163,119,42
0.5216206051409245,120,42
0.5218705032020807,121,42
0.5181444548070431,122,42
0.514841703698039,123,42
0.5144866555929184,124,42
0.5137909203767776,125,42
0.5168091095983982,126,42
0.5088862758129835,127,42
0.5022049127146602,128,42
0.49683467927388847,129,42
0.49428683519363403,130,42
0.49958911136491224,131,42
0.510412834584713,132,42
0.5128915198147297,133,42
0.5115503184497356,134,42
0.511954553425312,135,42
0.51634731143713,136,42
0.5163288172334433,137,42
0.5136480983346701,138,42
0.5146931856870651,139,42
0.5101693253964186,140,42
0.5096330447122455,141,42
0.5078491093590856,142,42
0.5060146651230752,143,42
0.5049779331311584,144,42
0.49650692800059915,145,42
0.49494699807837605,146,42
0.4913416700437665,147,42
0.48992960155010223,148,42
0.4828207176178694,149,42
0.44447940215468407,0,43
0.4601474590599537,1,43
0.4705359674990177,2,43
0.4790080413222313,3,43
0.4813472367823124,4,43
0.48078843392431736,5,43
0.4795336648821831,6,43
0.48819884005934,7,43
0.49276549415662885,8,43
0.5038385859224945,9,43
0.516337176784873,10,43
0.5290196239948273,11,43
0.5289008636027575,12,43
0.5236163251101971,13,43
0.5160520244389772,14,43
0.5050512044690549,15,43
0.4989519447553903,16,43
0.4926592172123492,17,43
0.48914169054478407,18,43
0.4894161466509104,19,43
0.4878036882728338,20,43
0.4835025817155838,21,43
0.4815321657806635,22,43
0.4865174042060971,23,43
0.4890558375045657,24,43
0.4933592895977199,25,43
0.4900248134508729,26,43
0.4839532785117626,27,43
0.478394640609622,28,43
0.4737820643931627,29,43
0.4713305439800024,30,43
0.46462321653962135,31,43
0.4584360048174858,32,43
0.4497384689748287,33,43
0.4465178772807121,34,43
0.44399935752153397,35,43
0.44195470586419106,36,43
0.42730730026960373,37,43
0.40996546298265457,38,43
0.40529026836156845,39,43
0.4069235473871231,40,43
0.39747072011232376,41,43
0.3870241791009903,42,43
0.3875519633293152,43,43
0.3875865116715431,44,43
0.3897593095898628,45,43
0.3944103270769119,46,43
0.39960313588380814,47,43
0.3930857554078102,48,43
0.384259857237339,49,43
0.3809151202440262,50,43
0.3890101835131645,51,43
0.39189060032367706,52,43
0.39302320778369904,53,43
0.3843933120369911,54,43
0.37790801376104355,55,43
0.3751428574323654,56,43
0.3784957826137543,57,43
0.38136447221040726,58,43
0.3809921592473984,59,43
0.38040798902511597,60,43
0.38682906329631805,61,43
0.39109431207180023,62,43
0.4040631726384163,63,43
0.4222815930843353,64,43
0.4335327073931694,65,43
0.4550718180835247,66,43
0.4687880389392376,67,43
0.4708969406783581,68,43
0.4782294612377882,69,43
0.466562245041132,70,43
0.467336043715477,71,43
0.4813255686312914,72,43
0.4901065081357956,73,43
0.4951806836761534,74,43
0.48687451612204313,75,43
0.4784193132072687,76,43
0.46704594418406487,77,43
0.4557044394314289,78,43
0.4563881643116474,79,43
0.46204346790909767,80,43
0.45938752964138985,81,43
0.4633752889931202,82,43
0.4661070443689823,83,43
0.46662939339876175,84,43
0.46914938278496265,85,43
0.47531695663928986,86,43
0.4763212874531746,87,43
0.47686221823096275,88,43
0.4781985469162464,89,43
0.4825053922832012,90,43
0.49135598074644804,91,43
0.4983944600680843,92,43
0.49609957938082516,93,43
0.4975135116837919,94,43
0.49484133813530207,95,43
0.4902013782411814,96,43
0.49099180568009615,97,43
0.49764050426892936,98,43
0.5015596706653014,99,43
0.5017902591498569,100,43
0.4950257749296725,101,43
0.4894899846985936,102,43
0.4897912871092558,103,43
0.4913517767563462,104,43
0.5018170815892518,105,43
0.5120484502986073,106,43
0.5141441188752651,107,43
0.5112471766769886,108,43
0.5117179928347468,109,43
0.5139689017087221,110,43
0.5080242464318871,111,43
0.5150693720206618,112,43
0.5228329282253981,113,43
0.5224225763231516,114,43
0.5271027125418186,115,43
0.5296263657510281,116,43
0.5324204862117767,117,43
0.5281532909721136,118,43
0.5243089366704226,119,43
0.514126418158412,120,43
0.5110862422734499,121,43
0.5115243336185813,122,43
0.5106334742158651,123,43
0.5060806386172771,124,43
0.5043652225285769,125,43
0.5098324287682772,126,43
0.5039194650016725,127,43
0.5037807065527886,128,43
0.4971094336360693,129,43
0.4948154599405825,130,43
0.5050179855898023,131,43
0.5053846505470574,132,43
0.5080293416976929,133,43
0.5126915713772178,134,43
0.5094255972653627,135,43
0.5077183595858514,136,43
0.5053624003194273,137,43
0.5001958055217983,138,43
0.5044562323018909,139,43
0.5066108205355704,140,43
0.5089672738686204,141,43
0.5079973973333836,142,43
0.5018320274539292,143,43
0.49490299448370934,144,43
0.4913438502699137,145,43
0.49247220531105995,146,43
0.4893030347302556,147,43
0.4817565008997917,148,43
0.47591779939830303,149,43
0.42791270464658737,0,44
0.44155583530664444,1,44
0.4512966349720955,2,44
0.4656346030533314,3,44
0.46808530017733574,4,44
0.4675997383892536,5,44
0.47081997618079185,6,44
0.47016594000160694,7,44
0.47042861208319664,8,44
0.47719501331448555,9,44
0.49684557085856795,10,44
0.5120816007256508,11,44
0.5153653025627136,12,44
0.5108030969277024,13,44
0.498412873246707,14,44
0.4914370570331812,15,44
0.48824512492865324,16,44
0.48222864978015423,17,44
0.4810032546520233,18,44
0.4824507925659418,19,44
0.4820447191596031,20,44
0.47554552368819714,21,44
0.4780740272253752,22,44
0.4847211632877588,23,44
0.48426649533212185,24,44
0.48380472138524055,25,44
0.48469356819987297,26,44
0.48415258899331093,27,44
0.48041484504938126,28,44
0.4764997083693743,29,44
0.47487556003034115,30,44
0.47337790951132774,31,44
0.4568460062146187,32,44
0.4480446092784405,33,44
0.4441973753273487,34,44
0.4447716027498245,35,44
0.44950827956199646,36,44
0.44121577963232994,37,44
0.42211145907640457,38,44
0.4144200012087822,39,44
0.4097227230668068,40,44
0.3982197940349579,41,44
0.39009296149015427,42,44
0.38741037249565125,43,44
0.38718561083078384,44,44
0.39301903545856476,45,44
0.3983691707253456,46,44
0.3903955817222595,47,44
0.38865042477846146,48,44
0.3857940211892128,49,44
0.38352446258068085,50,44
0.3890417516231537,51,44
0.39660534262657166,52,44
0.4004287123680115,53,44
0.3916296809911728,54,44
0.3860315531492233,55,44
0.3884252980351448,56,44
0.390657901763916,57,44
0.3931695967912674,58,44
0.3870561942458153,59,44
0.3829389736056328,60,44
0.38958311825990677,61,44
0.39416544884443283,62,44
0.4027277007699013,63,44
0.41488128900527954,64,44
0.42282361537218094,65,44
0.44347554817795753,66,44
0.45567553862929344,67,44
0.45887530967593193,68,44
0.46583180502057076,69,44
0.45710230618715286,70,44
0.4632785730063915,71,44
0.4717806875705719,72,44
0.4804171808063984,73,44
0.4839744083583355,74,44
0.4793197400867939,75,44
0.4712986033409834,76,44
0.46355144679546356,77,44
0.46402599662542343,78,44
0.45958204567432404,79,44
0.457829125225544,80,44
0.4613972418010235,81,44
0.46414292976260185,82,44
0.46281977370381355,83,44
0.4611466974020004,84,44
0.46147749200463295,85,44
0.46410036087036133,86,44
0.46309617906808853,87,44
0.4673347473144531,88,44
0.47057605162262917,89,44
0.47806171886622906,90,44
0.4870395278558135,91,44
0.4895850559696555,92,44
0.49003167916089296,93,44
0.490300620906055,94,44
0.4885060917586088,95,44
0.4818404447287321,96,44
0.4834194928407669,97,44
0.49207401368767023,98,44
0.49776484025642276,99,44
0.4981117626884952,100,44
0.4909767312929034,101,44
0.4892806401476264,102,44
0.49195453245192766,103,44
0.4959335969761014,104,44
0.4991173440939747,105,44
0.5067499200813472,106,44
0.5102056534960866,107,44
0.5077850939705968,108,44
0.5106735713779926,109,44
0.5099868513643742,110,44
0.5044136960059404,111,44
0.509664767421782,112,44
0.513818608596921,113,44
0.5166820678859949,114,44
0.5237794946879148,115,44
0.5226910039782524,116,44
0.5300993360579014,117,44
0.5285771191120148,118,44
0.5231319647282362,119,44
0.5061707003042102,120,44
0.5046986239030957,121,44
0.5055924598127604,122,44
0.5044490001164377,123,44
0.4993284771335311,124,44
0.4976201665122062,125,44
0.500670139270369,126,44
0.4948022640310228,127,44
0.501595628564246,128,44
0.503824464045465,129,44
0.5034404748585075,130,44
0.5048188203945756,131,44
0.5043967184610665,132,44
0.505881717428565,133,44
0.5141239864751697,134,44
0.5056162597611547,135,44
0.49816244316753,136,44
0.49671139917336404,137,44
0.4889134941622615,138,44
0.49246827606111765,139,44
0.49782666470855474,140,44
0.5003801759157795,141,44
0.5005616748821922,142,44
0.4952593450434506,143,44
0.49086815025657415,144,44
0.4886803859844804,145,44
0.4860074333846569,146,44
0.48212673887610435,147,44
0.4772022459656,148,44
0.47259279899299145,149,44
0.41471444070339203,0,45
0.4243951365351677,1,45
0.434050053358078,2,45
0.44877464696764946,3,45
0.4508226774632931,4,45
0.4513295404613018,5,45
0.45103346556425095,6,45
0.44979235902428627,7,45
0.4502753056585789,8,45
0.4647835046052933,9,45
0.4834699537605047,10,45
0.49520098650828004,11,45
0.5013577474746853,12,45
0.4969663710799068,13,45
0.48890001606196165,14,45
0.48742446955293417,15,45
0.48352820985019207,16,45
0.47838841937482357,17,45
0.4795299209654331,18,45
0.4765356108546257,19,45
0.47563629411160946,20,45
0.4736562017351389,21,45
0.4830861072987318,22,45
0.48492025677114725,23,45
0.4815897475928068,24,45
0.47726104594767094,25,45
0.47501565888524055,26,45
0.4722853936254978,27,45
0.46932471729815006,28,45
0.47220095060765743,29,45
0.474068908020854,30,45
0.46448880434036255,31,45
0.4426393210887909,32,45
0.4393135569989681,33,45
0.43761424720287323,34,45
0.44278887659311295,35,45
0.44264424964785576,36,45
0.4417455345392227,37,45
0.4329928830265999,38,45
0.42417632043361664,39,45
0.4174429923295975,40,45
0.40946950018405914,41,45
0.4023932069540024,42,45
0.39904366433620453,43,45
0.3952326253056526,44,45
0.4017551839351654,45,45
0.40561264008283615,46,45
0.39606085419654846,47,45
0.39341796189546585,48,45
0.3926313817501068,49,45
0.3960923105478287,50,45
0.39864911139011383,51,45
0.40535295009613037,52,45
0.40549296885728836,53,45
0.40130676329135895,54,45
0.3934817463159561,55,45
0.39801352471113205,56,45
0.39842966198921204,57,45
0.3931257128715515,58,45
0.38658422976732254,59,45
0.385351300239563,60,45
0.38911836594343185,61,45
0.3977290168404579,62,45
0.4015755280852318,63,45
0.40895868837833405,64,45
0.41766073554754257,65,45
0.434410996735096,66,45
0.44267480075359344,67,45
0.4449823945760727,68,45
0.4469161666929722,69,45
0.4451940692961216,70,45
0.452074121683836,71,45
0.4607051648199558,72,45
0.47103712521493435,73,45
0.4753406010568142,74,45
0.471088157966733,75,45
0.4633517600595951,76,45
0.46154045686125755,77,45
0.46073585376143456,78,45
0.45775994285941124,79,45
0.4522433318197727,80,45
0.45587389916181564,81,45
0.4578440748155117,82,45
0.4567919075489044,83,45
0.4572644829750061,84,45
0.45055700838565826,85,45
0.4553830325603485,86,45
0.45168400555849075,87,45
0.45486053451895714,88,45
0.46236247569322586,89,45
0.47451305389404297,90,45
0.4771726168692112,91,45
0.4774988666176796,92,45
0.479677714407444,93,45
0.4781703930348158,94,45
0.47704794257879257,95,45
0.4729204699397087,96,45
0.4745100103318691,97,45
0.48171767219901085,98,45
0.488217749632895,99,45
0.48928172793239355,100,45
0.4877282613888383,101,45
0.4840720184147358,102,45
0.4924264857545495,103,45
0.498233450576663,104,45
0.5012748748995364,105,45
0.5045277397148311,106,45
0.5066580083221197,107,45
0.5077464487403631,108,45
0.5135712027549744,109,45
0.5121128633618355,110,45
0.5098970709368587,111,45
0.5093631818890572,112,45
0.5179552994668484,113,45
0.5205709468573332,114,45
0.5171698089689016,115,45
0.5208252388983965,116,45
0.5247136633843184,117,45
0.5245132148265839,118,45
0.5187277272343636,119,45
0.5072913034819067,120,45
0.5021251586731523,121,45
0.4993603815091774,122,45
0.4994863820611499,123,45
0.4993358633364551,124,45
0.49716926272958517,125,45
0.502405634848401,126,45
0.49752752226777375,127,45
0.49954812732175924,128,45
0.5012860007118434,129,45
0.5007262668805197,130,45
0.5018602889031172,131,45
0.5031089147087187,132,45
0.5050813416019082,133,45
0.5098711466416717,134,45
0.5070334444753826,135,45
0.4982209021691233,136,45
0.486825430765748,137,45
0.4833866134285927,138,45
0.4871757961809635,139,45
0.4952356540597975,140,45
0.49617578205652535,141,45
0.49543384136632085,142,45
0.4908527107909322,143,45
0.48790409229695797,144,45
0.4839353375136852,145,45
0.47773030400276184,146,45
0.47045137360692024,147,45
0.47251005470752716,148,45
0.47293419763445854,149,45
0.4056022986769676,0,46
0.41525590419769287,1,46
0.42774951457977295,2,46
0.43430280685424805,3,46
0.43731721490621567,4,46
0.4370510205626488,5,46
0.4331996664404869,6,46
0.4300508499145508,7,46
0.4388057626783848,8,46
0.4480818584561348,9,46
0.46504150331020355,10,46
0.4760137218981981,11,46
0.48115920275449753,12,46
0.4846541192382574,13,46
0.4782520290464163,14,46
0.48484576120972633,15,46
0.48775707371532917,16,46
0.4871564405038953,17,46
0.4837310463190079,18,46
0.4804726578295231,19,46
0.4758881665766239,20,46
0.47063885256648064,21,46
0.47971141152083874,22,46
0.48023207299411297,23,46
0.473714767023921,24,46
0.47341795079410076,25,46
0.4658680483698845,26,46
0.470246696844697,27,46
0.4691565912216902,28,46
0.4669056572020054,29,46
0.46668607741594315,30,46
0.4565705433487892,31,46
0.4464353434741497,32,46
0.4423283636569977,33,46
0.4330526813864708,34,46
0.4348288029432297,35,46
0.43627312779426575,36,46
0.43995351344347,37,46
0.43781155347824097,38,46
0.43281010538339615,39,46
0.42713429778814316,40,46
0.42154551297426224,41,46
0.41589517146348953,42,46
0.40756820887327194,43,46
0.40639757364988327,44,46
0.40613893419504166,45,46
0.4088517352938652,46,46
0.40712540596723557,47,46
0.403696246445179,48,46
0.40672844648361206,49,46
0.4035523310303688,50,46
0.4074121192097664,51,46
0.41034378856420517,52,46
0.4124983623623848,53,46
0.40181194990873337,54,46
0.3943314701318741,55,46
0.4003407806158066,56,46
0.39671170711517334,57,46
0.39039193093776703,58,46
0.38738469034433365,59,46
0.38777530938386917,60,46
0.3883798271417618,61,46
0.4014154523611069,62,46
0.40352438390254974,63,46
0.4033745303750038,64,46
0.4126395210623741,65,46
0.4290600121021271,66,46
0.43659549206495285,67,46
0.43459297716617584,68,46
0.4357766658067703,69,46
0.4361414760351181,70,46
0.4455803781747818,71,46
0.45169179886579514,72,46
0.4627779573202133,73,46
0.465225450694561,74,46
0.45959314703941345,75,46
0.4622255489230156,76,46
0.4650050699710846,77,46
0.45808469131588936,78,46
0.45078297704458237,79,46
0.4495197460055351,80,46
0.4571393392980099,81,46
0.4532788135111332,82,46
0.44735364243388176,83,46
0.45070455595850945,84,46
0.4522487446665764,85,46
0.450537770986557,86,46
0.44709550589323044,87,46
0.44440460950136185,88,46
0.4568273425102234,89,46
0.45850861817598343,90,46
0.46261538565158844,91,46
0.4656635485589504,92,46
0.4665423482656479,93,46
0.4651459828019142,94,46
0.4635186418890953,95,46
0.46444711089134216,96,46
0.4678305946290493,97,46
0.47123368456959724,98,46
0.4768868815153837,99,46
0.4834128189831972,100,46
0.48589442018419504,101,46
0.48718669172376394,102,46
0.4915856244042516,103,46
0.4944485896266997,104,46
0.4986867498373613,105,46
0.5034657972864807,106,46
0.5111409462988377,107,46
0.5149319339543581,108,46
0.5162929240614176,109,46
0.5167634095996618,110,46
0.5201869420707226,111,46
0.5188557840883732,112,46
0.5211632121354342,113,46
0.5227059032768011,114,46
0.5192972589284182,115,46
0.5190043095499277,116,46
0.5209707450121641,117,46
0.5221157781779766,118,46
0.514372281730175,119,46
0.5052362931892276,120,46
0.49858412286266685,121,46
0.4977322402410209,122,46
0.5026292325928807,123,46
0.5012062714667991,124,46
0.5014195416588336,125,46
0.5021313845645636,126,46
0.4948153826408088,127,46
0.49336571525782347,128,46
0.49920370703330263,129,46
0.4975832127965987,130,46
0.4939445937052369,131,46
0.4937959364615381,132,46
0.4965951337944716,133,46
0.49936467193765566,134,46
0.499348753481172,135,46
0.49247331405058503,136,46
0.4836381636559963,137,46
0.48905839677900076,138,46
0.48578269500285387,139,46
0.49321388080716133,140,46
0.48999855015426874,141,46
0.48888124618679285,142,46
0.4885198250412941,143,46
0.4895609440281987,144,46
0.4827903341501951,145,46
0.478455962613225,146,46
0.4721306227147579,147,46
0.4672576040029526,148,46
0.46968512795865536,149,46
0.40704281628131866,0,47
0.42011503875255585,1,47
0.43249186873435974,2,47
0.4286322817206383,3,47
0.42394452542066574,4,47
0.4206136539578438,5,47
0.4174718037247658,6,47
0.41885410249233246,7,47
0.4245772063732147,8,47
0.43306706100702286,9,47
0.4469134211540222,10,47
0.4590550996363163,11,47
0.46806324645876884,12,47
0.47641794942319393,13,47
0.47947421111166477,14,47
0.4862744314596057,15,47
0.49139021523296833,16,47
0.4891834855079651,17,47
0.48482883535325527,18,47
0.48567360267043114,19,47
0.4828899819403887,20,47
0.47679558396339417,21,47
0.47878748551011086,22,47
0.48252579011023045,23,47
0.4763624593615532,24,47
0.4729212820529938,25,47
0.4642516076564789,26,47
0.47078703716397285,27,47
0.4658062942326069,28,47
0.4662231095135212,29,47
0.4650058373808861,30,47
0.45949239656329155,31,47
0.45185793936252594,32,47
0.45048801228404045,33,47
0.4469588100910187,34,47
0.44007690995931625,35,47
0.44228679686784744,36,47
0.44478780403733253,37,47
0.4401605725288391,38,47
0.44027867168188095,39,47
0.43604663014411926,40,47
0.4345363900065422,41,47
0.4197506904602051,42,47
0.41488098353147507,43,47
0.4111582338809967,44,47
0.40568195283412933,45,47
0.41086286306381226,46,47
0.411485955119133,47,47
0.4082154557108879,48,47
0.4180193245410919,49,47
0.4170279949903488,50,47
0.4187173396348953,51,47
0.4183717668056488,52,47
0.4130786955356598,53,47
0.39280086010694504,54,47
0.3956179544329643,55,47
0.3956928998231888,56,47
0.391462579369545,57,47
0.38670580834150314,58,47
0.38811975717544556,59,47
0.3882547467947006,60,47
0.3958718627691269,61,47
0.40789756923913956,62,47
0.4070066586136818,63,47
0.40503107011318207,64,47
0.40585918724536896,65,47
0.42289603501558304,66,47
0.42970433831214905,67,47
0.42882565408945084,68,47
0.42853686213493347,69,47
0.42251067608594894,70,47
0.4304453581571579,71,47
0.4400530830025673,72,47
0.4490044265985489,73,47
0.44847848638892174,74,47
0.4547381177544594,75,47
0.4577152170240879,76,47
0.46456503495574,77,47
0.45194001123309135,78,47
0.4425380602478981,79,47
0.4492083825170994,80,47
0.45111629366874695,81,47
0.4471250921487808,82,47
0.44615770503878593,83,47
0.4458814300596714,84,47
0.4505353979766369,85,47
0.4488726891577244,86,47
0.44811316207051277,87,47
0.4442940689623356,88,47
0.4501829780638218,89,47
0.44818709418177605,90,47
0.4513065665960312,91,47
0.45084045082330704,92,47
0.4489522613584995,93,47
0.4530453085899353,94,47
0.45663363859057426,95,47
0.45636333152651787,96,47
0.45701098814606667,97,47
0.4627181328833103,98,47
0.4720766171813011,99,47
0.4792197495698929,100,47
0.4875397076830268,101,47
0.4885402899235487,102,47
0.48733532056212425,103,47
0.49125366751104593,104,47
0.5005859392113052,105,47
0.5067289904691279,106,47
0.5130081223323941,107,47
0.5174079593271017,108,47
0.5185106471180916,109,47
0.527575371786952,110,47
0.5259074717760086,111,47
0.52454505674541,112,47
0.5262020211666822,113,47
0.5302188135683537,114,47
0.5286902599036694,115,47
0.5262614786624908,116,47
0.5307084452360868,117,47
0.5233644768595695,118,47
0.5117085380479693,119,47
0.5019186696736142,120,47
0.4963938044384122,121,47
0.49770053452812135,122,47
0.5090007893741131,123,47
0.5053612710908055,124,47
0.5084691923111677,125,47
0.5008647333015688,126,47
0.49750959733501077,127,47
0.4965814296156168,128,47
0.49524424551054835,129,47
0.4958707927726209,130,47
0.48907783906906843,131,47
0.4871174478903413,132,47
0.48396006785333157,133,47
0.48679976165294647,134,47
0.48439043015241623,135,47
0.48439366836100817,136,47
0.48489235900342464,137,47
0.4835865329951048,138,47
0.47778787836432457,139,47
0.4852283699437976,140,47
0.48337108828127384,141,47
0.4873736770823598,142,47
0.48899877071380615,143,47
0.48582371324300766,144,47
0.4796668589115143,145,47
0.4757608640938997,146,47
0.4683198221027851,147,47
0.4668576307594776,148,47
0.46903922595083714,149,47
0.4014868438243866,0,48
0.41147807240486145,1,48
0.4198242202401161,2,48
0.41846202313899994,3,48
0.4100838750600815,4,48
0.4029918611049652,5,48
0.4010793939232826,6,48
0.40295759588479996,7,48
0.41291118413209915,8,48
0.42142053693532944,9,48
0.43543002009391785,10,48
0.44733158126473427,11,48
0.460570752620697,12,48
0.47132653556764126,13,48
0.47688111290335655,14,48
0.4804783146828413,15,48
0.4828541651368141,16,48
0.4875310678035021,17,48
0.491766438819468,18,48
0.487640717998147,19,48
0.4882829403504729,20,48
0.4854529667645693,21,48
0.48850551154464483,22,48
0.4869215600192547,23,48
0.48091987147927284,24,48
0.4742464441806078,25,48
0.46774783730506897,26,48
0.47104127891361713,27,48
0.4716531503945589,28,48
0.4657726176083088,29,48
0.46070874854922295,30,48
0.46152887493371964,31,48
0.4628247991204262,32,48
0.45880556106567383,33,48
0.45784352347254753,34,48
0.45252934470772743,35,48
0.45218516513705254,36,48
0.45649275556206703,37,48
0.4433894753456116,38,48
0.4449050836265087,39,48
0.43756677955389023,40,48
0.434984989464283,41,48
0.42475851625204086,42,48
0.41461532562971115,43,48
0.41211753338575363,44,48
0.41239914298057556,45,48
0.4199321120977402,46,48
0.4219864010810852,47,48
0.42134450376033783,48,48
0.42396440356969833,49,48
0.4325387254357338,50,48
0.4302542135119438,51,48
0.42540494352579117,52,48
0.40917085856199265,53,48
0.39493536204099655,54,48
0.38823505491018295,55,48
0.3907875418663025,56,48
0.38732922077178955,57,48
0.3867070898413658,58,48
0.386475034058094,59,48
0.38759610056877136,60,48
0.39585763961076736,61,48
0.40630222111940384,62,48
0.40911445021629333,63,48
0.4112020209431648,64,48
0.41223300248384476,65,48
0.4172530397772789,66,48
0.4195922389626503,67,48
0.41790227591991425,68,48
0.4159613326191902,69,48
0.4076399505138397,70,48
0.41487598419189453,71,48
0.4220741093158722,72,48
0.42433255910873413,73,48
0.4253285750746727,74,48
0.4342254102230072,75,48
0.44774390012025833,76,48
0.44864290580153465,77,48
0.4439735375344753,78,48
0.4369839280843735,79,48
0.4335756450891495,80,48
0.4418526217341423,81,48
0.44589125737547874,82,48
0.4422333836555481,83,48
0.43948229402303696,84,48
0.44534437358379364,85,48
0.44251714274287224,86,48
0.44143324345350266,87,48
0.4423992484807968,88,48
0.4454849176108837,89,48
0.4436517097055912,90,48
0.4395430460572243,91,48
0.4359998032450676,92,48
0.43742620944976807,93,48
0.44419124722480774,94,48
0.4484368748962879,95,48
0.4547954201698303,96,48
0.45678603276610374,97,48
0.4576662741601467,98,48
0.4659690260887146,99,48
0.4796565342694521,100,48
0.4896093439310789,101,48
0.49501797184348106,102,48
0.49007112067192793,103,48
0.49371181009337306,104,48
0.5039488761685789,105,48
0.5119712902233005,106,48
0.51832633651793,107,48
0.524995693936944,108,48
0.5311270263046026,109,48
0.5341209582984447,110,48
0.5330234803259373,111,48
0.5319793932139874,112,48
0.5317397713661194,113,48
0.5347301065921783,114,48
0.5358952507376671,115,48
0.5350218713283539,116,48
0.5357414297759533,117,48
0.5295608919113874,118,48
0.5202015247195959,119,48
0.5083403922617435,120,48
0.49719633534550667,121,48
0.49442524183541536,122,48
0.5017848501447588,123,48
0.4976995342876762,124,48
0.5053691007196903,125,48
0.5063612777739763,126,48
0.5036238373722881,127,48
0.5060135703533888,128,48
0.49659224320203066,129,48
0.4944379390217364,130,48
0.4922725879587233,131,48
0.49046122841537,132,48
0.4862221283838153,133,48
0.48455366864800453,134,48
0.479046281427145,135,48
0.47791736759245396,136,48
0.47999946773052216,137,48
0.4804174602031708,138,48
0.4769292138516903,139,48
0.4817274361848831,140,48
0.4846490630879998,141,48
0.48868526611477137,142,48
0.4862058786675334,143,48
0.4815487489104271,144,48
0.4770082626491785,145,48
0.47383500449359417,146,48
0.4705352112650871,147,48
0.4700102135539055,148,48
0.4701437074691057,149,48
0.39660675823688507,0,49
0.4032979980111122,1,49
0.4131099209189415,2,49
0.4114953726530075,3,49
0.4018498733639717,4,49
0.39332734048366547,5,49
0.3904164880514145,6,49
0.39396800100803375,7,49
0.4012279137969017,8,49
0.41146092116832733,9,49
0.4204119145870209,10,49
0.44005678966641426,11,49
0.4546690508723259,12,49
0.46777284890413284,13,49
0.4718737993389368,14,49
0.47738213278353214,15,49
0.4809342585504055,16,49
0.48702217172831297,17,49
0.4935276829637587,18,49
0.4892028672620654,19,49
0.48977227974683046,20,49
0.49158053658902645,21,49
0.4894066955894232,22,49
0.48595865443348885,23,49
0.47753442265093327,24,49
0.47235751524567604,25,49
0.4789083544164896,26,49
0.4756972622126341,27,49
0.4695122502744198,28,49
0.45793770998716354,29,49
0.45671945065259933,30,49
0.45833465084433556,31,49
0.46519267186522484,32,49
0.464535191655159,33,49
0.46009378880262375,34,49
0.45788224041461945,35,49
0.45985274016857147,36,49
0.463409960269928,37,49
0.4571017175912857,38,49
0.45602795481681824,39,49
0.4433738403022289,40,49
0.4371921718120575,41,49
0.4299468696117401,42,49
0.4171515703201294,43,49
0.41297804564237595,44,49
0.4194258898496628,45,49
0.4275427833199501,46,49
0.42947328090667725,47,49
0.4278676062822342,48,49
0.43149637430906296,49,49
0.4436264932155609,50,49
0.4423097223043442,51,49
0.4409024566411972,52,49
0.4176986664533615,53,49
0.4017419293522835,54,49
0.39767760038375854,55,49
0.3968362659215927,56,49
0.3964545279741287,57,49
0.38958529382944107,58,49
0.38295135647058487,59,49
0.38733675330877304,60,49
0.3976595997810364,61,49
0.40799903869628906,62,49
0.4101497083902359,63,49
0.4159501940011978,64,49
0.40888337045907974,65,49
0.4122686833143234,66,49
0.41310958564281464,67,49
0.4060159921646118,68,49
0.40584687143564224,69,49
0.39567168056964874,70,49
0.3991554081439972,71,49
0.4072701409459114,72,49
0.409690223634243,73,49
0.4069247618317604,74,49
0.41977129876613617,75,49
0.4316829890012741,76,49
0.4315239042043686,77,49
0.43673497438430786,78,49
0.4370667189359665,79,49
0.43491262942552567,80,49
0.4427451640367508,81,49
0.4370628818869591,82,49
0.44075413793325424,83,49
0.4380359351634979,84,49
0.4359714537858963,85,49
0.43434689939022064,86,49
0.4337104335427284,87,49
0.4371558055281639,88,49
0.4410102032124996,89,49
0.44208279997110367,90,49
0.43140996247529984,91,49
0.42640475183725357,92,49
0.4337969347834587,93,49
0.4429513104259968,94,49
0.45051997900009155,95,49
0.4561253562569618,96,49
0.45785338804125786,97,49
0.4590260535478592,98,49
0.4805855546146631,99,49
0.49398916494101286,100,49
0.4970189672894776,101,49
0.4972518279682845,102,49
0.49548490531742573,103,49
0.49992832059797365,104,49
0.5073002520948648,105,49
0.5188353881239891,106,49
0.5292221717536449,107,49
0.5378522090613842,108,49
0.5410676337778568,109,49
0.5402667336165905,110,49
0.5402468889951706,111,49
0.5417651385068893,112,49
0.5394037365913391,113,49
0.5371042788028717,114,49
0.5375523082911968,115,49
0.5377905443310738,116,49
0.5385710746049881,117,49
0.5334549136459827,118,49
0.5254092197865248,119,49
0.5150020327419043,120,49
0.5018269581487402,121,49
0.4969731036107987,122,49
0.50080400967272,123,49
0.5000748866150388,124,49
0.5059217093512416,125,49
0.5046841152943671,126,49
0.5090447086840868,127,49
0.5124113103374839,128,49
0.5020447350107133,129,49
0.4994242485263385,130,49
0.496666589519009,131,49
0.4964993433095515,132,49
0.48932182416319847,133,49
0.485881008207798,134,49
0.47314842976629734,135,49
0.47533138282597065,136,49
0.47605601139366627,137,49
0.46984913386404514,138,49
0.47028834372758865,139,49
0.47625090181827545,140,49
0.4783750679343939,141,49
0.4810502901673317,142,49
0.48140004463493824,143,49
0.48013922572135925,144,49
0.4690994806587696,145,49
0.4669232964515686,146,49
0.47219845093786716,147,49
0.47174673341214657,148,49
0.46899479255080223,149,49
0.40234845876693726,0,50
0.40632451325654984,1,50
0.4140745475888252,2,50
0.41223663836717606,3,50
0.40061018615961075,4,50
0.3925969749689102,5,50
0.3845400735735893,6,50
0.39037612825632095,7,50
0.39494217932224274,8,50
0.3952758014202118,9,50
0.4051261618733406,10,50
0.4239319935441017,11,50
0.446909599006176,12,50
0.455941803753376,13,50
0.46878882497549057,14,50
0.4767161402851343,15,50
0.4781916756182909,16,50
0.4807992745190859,17,50
0.4855257049202919,18,50
0.4848374966531992,19,50
0.4870727742090821,20,50
0.49045348912477493,21,50
0.48777445405721664,22,50
0.48362925089895725,23,50
0.4752476420253515,24,50
0.48048970475792885,25,50
0.4823231901973486,26,50
0.481975382193923,27,50
0.47250919975340366,28,50
0.456690713763237,29,50
0.4544636122882366,30,50
0.4564863368868828,31,50
0.4653674326837063,32,50
0.46692845970392227,33,50
0.46775197982788086,34,50
0.46872852742671967,35,50
0.47303846664726734,36,50
0.4768980871886015,37,50
0.4667718820273876,38,50
0.4540610946714878,39,50
0.44285228103399277,40,50
0.4439878389239311,41,50
0.4360494613647461,42,50
0.4257070943713188,43,50
0.4204264506697655,44,50
0.42505190521478653,45,50
0.43426068872213364,46,50
0.43682826310396194,47,50
0.4339102581143379,48,50
0.4425641708076,49,50
0.4459114782512188,50,50
0.44268621131777763,51,50
0.4412686713039875,52,50
0.4235446900129318,53,50
0.41205230355262756,54,50
0.4083021730184555,55,50
0.4067254886031151,56,50
0.4060669392347336,57,50
0.39549287408590317,58,50
0.38248711824417114,59,50
0.39078662544488907,60,50
0.39641839265823364,61,50
0.4071517065167427,62,50
0.4061334729194641,63,50
0.40893565863370895,64,50
0.40494491904973984,65,50
0.40740302205085754,66,50
0.4090261533856392,67,50
0.4061553403735161,68,50
0.4074395000934601,69,50
0.3904290646314621,70,50
0.3865545243024826,71,50
0.39390040934085846,72,50
0.3976842314004898,73,50
0.40686988085508347,74,50
0.4138360545039177,75,50
0.42070165276527405,76,50
0.4212336242198944,77,50
0.4247669577598572,78,50
0.4274199455976486,79,50
0.4282868355512619,80,50
0.42863500118255615,81,50
0.4266662895679474,82,50
0.42943958938121796,83,50
0.4364374577999115,84,50
0.4288868308067322,85,50
0.422124482691288,86,50
0.4220377057790756,87,50
0.42346738278865814,88,50
0.4271686151623726,89,50
0.42902544140815735,90,50
0.4200565665960312,91,50
0.41842586547136307,92,50
0.43362322449684143,93,50
0.4484700448811054,94,50
0.4578242190182209,95,50
0.4600602202117443,96,50
0.4629732072353363,97,50
0.46582796052098274,98,50
0.4847452035173774,99,50
0.49673142610117793,100,50
0.49808502581436187,101,50
0.4992597818491049,102,50
0.5023019986692816,103,50
0.5065558920614421,104,50
0.5098145129159093,105,50
0.5215333197265863,106,50
0.5313468091189861,107,50
0.5433013886213303,108,50
0.5424711965024471,109,50
0.5479891672730446,110,50
0.5473252981901169,111,50
0.548265490680933,112,50
0.5480810254812241,113,50
0.5434247553348541,114,50
0.5459114201366901,115,50
0.5404983162879944,116,50
0.5410176292061806,117,50
0.5358962342143059,118,50
0.5305601749569178,119,50
0.5209151804447174,120,50
0.5036274313461035,121,50
0.49963491811649874,122,50
0.5012932292884216,123,50
0.5012382469139993,124,50
0.5044428734108806,125,50
0.5031603325624019,126,50
0.5067620822228491,127,50
0.5093639884144068,128,50
0.5046159462071955,129,50
0.5006502947071567,130,50
0.5031295402441174,131,50
0.4997831138316542,132,50
0.4917827406898141,133,50
0.4879191108047962,134,50
0.4768060054630041,135,50
0.47808132506906986,136,50
0.46752069890499115,137,50
0.46081016957759857,138,50
0.4618236906826496,139,50
0.46948297694325447,140,50
0.47329469211399555,141,50
0.4732710514217615,142,50
0.4727390129119158,143,50
0.46764757111668587,144,50
0.45593175664544106,145,50
0.45460089668631554,146,50
0.46364470198750496,147,50
0.45879342406988144,148,50
0.46536774933338165,149,50
0.4039291441440582,0,51
0.4092978835105896,1,51
0.41601458191871643,2,51
0.4087536856532097,3,51
0.3987271934747696,4,51
0.3908606320619583,5,51
0.383639857172966,6,51
0.3837082087993622,7,51
0.3885301873087883,8,51
0.38935358822345734,9,51
0.3971603810787201,10,51
0.4120021462440491,11,51
0.43704431504011154,12,51
0.4488120898604393,13,51
0.46228811889886856,14,51
0.47680120542645454,15,51
0.4775504283607006,16,51
0.47880965657532215,17,51
0.47963185235857964,18,51
0.4797219168394804,19,51
0.48605924751609564,20,51
0.49187805876135826,21,51
0.49118400551378727,22,51
0.48427000641822815,23,51
0.479614432901144,24,51
0.4715806804597378,25,51
0.4819841478019953,26,51
0.47860512882471085,27,51
0.47463140450417995,28,51
0.4641864001750946,29,51
0.46220584586262703,30,51
0.46735086292028427,31,51
0.47694600746035576,32,51
0.4742273539304733,33,51
0.4734328053891659,34,51
0.47370725497603416,35,51
0.47391397319734097,36,51
0.4774489104747772,37,51
0.4722084794193506,38,51
0.45997727662324905,39,51
0.44976257905364037,40,51
0.4444549195468426,41,51
0.43823058903217316,42,51
0.4342973902821541,43,51
0.4359963834285736,44,51
0.4423052705824375,45,51
0.4463226906955242,46,51
0.4435456357896328,47,51
0.4365391358733177,48,51
0.4370681121945381,49,51
0.4399823024868965,50,51
0.4437546133995056,51,51
0.43991343677043915,52,51
0.43058687448501587,53,51
0.424753837287426,54,51
0.4149786904454231,55,51
0.40850455313920975,56,51
0.4049166142940521,57,51
0.3957633897662163,58,51
0.3913250118494034,59,51
0.39094436168670654,60,51
0.39185480028390884,61,51
0.4002385586500168,62,51
0.400778166949749,63,51
0.4006199985742569,64,51
0.3979613482952118,65,51
0.4026262164115906,66,51
0.410112664103508,67,51
0.4085795059800148,68,51
0.4108903110027313,69,51
0.39332132786512375,70,51
0.38647790253162384,71,51
0.38499512523412704,72,51
0.39246179908514023,73,51
0.39560417085886,74,51
0.4027125909924507,75,51
0.4064013138413429,76,51
0.40431980788707733,77,51
0.40943509340286255,78,51
0.41254793107509613,79,51
0.4146675541996956,80,51
0.4171639680862427,81,51
0.412769578397274,82,51
0.4129295274615288,83,51
0.4209093973040581,84,51
0.41564521193504333,85,51
0.4087197557091713,86,51
0.4070224165916443,87,51
0.4073244035243988,88,51
0.4134484678506851,89,51
0.4166826233267784,90,51
0.41590195149183273,91,51
0.4227627292275429,92,51
0.4383920840919018,93,51
0.4515550471842289,94,51
0.46054015308618546,95,51
0.463790450245142,96,51
0.4681827016174793,97,51
0.47349669598042965,98,51
0.48881058767437935,99,51
0.5000344515428878,100,51
0.5070744184777141,101,51
0.5039225928485394,102,51
0.5027506814803928,103,51
0.5057991938665509,104,51
0.5107713611796498,105,51
0.5169565416872501,106,51
0.5288658961653709,107,51
0.5433485098183155,108,51
0.5484103262424469,109,51
0.5536014698445797,110,51
0.5511344447731972,111,51
0.5488024465739727,112,51
0.5522041358053684,113,51
0.5596048273146152,114,51
0.5545603260397911,115,51
0.549763448536396,116,51
0.5458996705710888,117,51
0.5391590669751167,118,51
0.530569227412343,119,51
0.5163248386234045,120,51
0.5048974761739373,121,51
0.505470609292388,122,51
0.5034197312779725,123,51
0.5070389183238149,124,51
0.5089580789208412,125,51
0.5078076850622892,126,51
0.50841249153018,127,51
0.5092848399654031,128,51
0.5070123104378581,129,51
0.504548903554678,130,51
0.504197402857244,131,51
0.5005041575059295,132,51
0.4967583054676652,133,51
0.4907130980864167,134,51
0.4854707205668092,135,51
0.4778291527181864,136,51
0.46916656009852886,137,51
0.46234605833888054,138,51
0.46475182101130486,139,51
0.4665953516960144,140,51
0.46559010446071625,141,51
0.4642966724932194,142,51
0.46333812922239304,143,51
0.45824653282761574,144,51
0.4502306617796421,145,51
0.447174035012722,146,51
0.45025789365172386,147,51
0.4550136588513851,148,51
0.45966873690485954,149,51
0.4014892354607582,0,52
0.4123532697558403,1,52
0.4111791104078293,2,52
0.4034513980150223,3,52
0.39541010558605194,4,52
0.39334335178136826,5,52
0.3932900056242943,6,52
0.3890438824892044,7,52
0.3871975317597389,8,52
0.38958335667848587,9,52
0.39286767691373825,10,52
0.40624289214611053,11,52
0.4242033213376999,12,52
0.4418385252356529,13,52
0.4554656520485878,14,52
0.46756984293460846,15,52
0.4722902216017246,16,52
0.47876584716141224,17,52
0.4870424224063754,18,52
0.4868816863745451,19,52
0.4893478685989976,20,52
0.4990813462645747,21,52
0.49910013924818486,22,52
0.4947880646213889,23,52
0.4841714445501566,24,52
0.47894376143813133,25,52
0.4788923095911741,26,52
0.48158569633960724,27,52
0.48060346581041813,28,52
0.47272257320582867,29,52
0.4733201675117016,30,52
0.4787823371589184,31,52
0.484477985650301,32,52
0.48057075403630733,33,52
0.4772110488265753,34,52
0.47610072046518326,35,52
0.4728534631431103,36,52
0.4769364036619663,37,52
0.47386153787374496,38,52
0.46608274057507515,39,52
0.45095357671380043,40,52
0.4478468857705593,41,52
0.44708698615431786,42,52
0.445832971483469,43,52
0.4448196142911911,44,52
0.450588908046484,45,52
0.4503709152340889,46,52
0.4524221606552601,47,52
0.44397130236029625,48,52
0.4348485395312309,49,52
0.4458172470331192,50,52
0.4444195181131363,51,52
0.4390026740729809,52,52
0.4338207542896271,53,52
0.4260893911123276,54,52
0.41820278763771057,55,52
0.40676644444465637,56,52
0.3986450210213661,57,52
0.39389093965291977,58,52
0.39461783319711685,59,52
0.3895549029111862,60,52
0.3853057995438576,61,52
0.3940306231379509,62,52
0.3899010717868805,63,52
0.3889760747551918,64,52
0.389831967651844,65,52
0.3930891826748848,66,52
0.40237046778202057,67,52
0.4104456678032875,68,52
0.40746738016605377,69,52
0.3946193531155586,70,52
0.3872801214456558,71,52
0.38135243207216263,72,52
0.3803381025791168,73,52
0.3796723261475563,74,52
0.3892756924033165,75,52
0.39279769361019135,76,52
0.3928214982151985,77,52
0.3985561430454254,78,52
0.39610179513692856,79,52
0.4019961729645729,80,52
0.4032739922404289,81,52
0.398859903216362,82,52
0.3965326398611069,83,52
0.40682822465896606,84,52
0.40719519555568695,85,52
0.4015664681792259,86,52
0.4020322412252426,87,52
0.3969195485115051,88,52
0.401276096701622,89,52
0.4055960401892662,90,52
0.4061710014939308,91,52
0.4235796704888344,92,52
0.44206832721829414,93,52
0.453360203653574,94,52
0.4571698196232319,95,52
0.45938940346241,96,52
0.4707216303795576,97,52
0.4832966569811106,98,52
0.4934549080207944,99,52
0.5051867365837097,100,52
0.509228958748281,101,52
0.5081161605194211,102,52
0.5079467473551631,103,52
0.5111783659085631,104,52
0.5212313756346703,105,52
0.5210045613348484,106,52
0.5262999348342419,107,52
0.5368411466479301,108,52
0.5453217402100563,109,52
0.5525995083153248,110,52
0.556301761418581,111,52
0.555537287145853,112,52
0.557204145938158,113,52
0.5587633885443211,114,52
0.5546012558043003,115,52
0.5543279461562634,116,52
0.5495967529714108,117,52
0.5407870896160603,118,52
0.5292020179331303,119,52
0.5200202539563179,120,52
0.5183986499905586,121,52
0.5213503688573837,122,52
0.5201208088546991,123,52
0.5162498392164707,124,52
0.5164096355438232,125,52
0.5174328070133924,126,52
0.5099978903308511,127,52
0.5059402794577181,128,52
0.5080419033765793,129,52
0.5090494053438306,130,52
0.5121318623423576,131,52
0.5076923132874072,132,52
0.5026984184514731,133,52
0.49031751696020365,134,52
0.4792136251926422,135,52
0.47778686694800854,136,52
0.4752298519015312,137,52
0.469259912148118,138,52
0.46290602907538414,139,52
0.4655134007334709,140,52
0.460908479988575,141,52
0.45827945694327354,142,52
0.45500006526708603,143,52
0.4451310746371746,144,52
0.4422161243855953,145,52
0.4407528042793274,146,52
0.44075194746255875,147,52
0.44956637918949127,148,52
0.45731380581855774,149,52
0.3981136754155159,0,53
0.4052835628390312,1,53
0.40533920377492905,2,53
0.3981598988175392,3,53
0.39075909554958344,4,53
0.3953746259212494,5,53
0.38990847766399384,6,53
0.3871822953224182,7,53
0.3873424604535103,8,53
0.387253537774086,9,53
0.3927367180585861,10,53
0.3989819064736366,11,53
0.41597645729780197,12,53
0.43630970269441605,13,53
0.4482845477759838,14,53
0.4579955004155636,15,53
0.47194079495966434,16,53
0.47937939688563347,17,53
0.4864794397726655,18,53
0.490286847576499,19,53
0.49049838073551655,20,53
0.49534837855026126,21,53
0.5023387193214148,22,53
0.4936161204241216,23,53
0.48222525976598263,24,53
0.4780843760818243,25,53
0.48232446424663067,26,53
0.48460027761757374,27,53
0.48590219393372536,28,53
0.48567777033895254,29,53
0.487061008810997,30,53
0.4898615702986717,31,53
0.49212321918457747,32,53
0.48616831842809916,33,53
0.4819096252322197,34,53
0.4762298073619604,35,53
0.47797264717519283,36,53
0.4783234931528568,37,53
0.47905691899359226,38,53
0.4730272088199854,39,53
0.470174228772521,40,53
0.4600866883993149,41,53
0.45445964112877846,42,53
0.45464177802205086,43,53
0.45213600248098373,44,53
0.45697493106126785,45,53
0.4520631618797779,46,53
0.45593535155057907,47,53
0.44972309470176697,48,53
0.45003439486026764,49,53
0.4559519365429878,50,53
0.4531594254076481,51,53
0.4418354816734791,52,53
0.43734655529260635,53,53
0.43239297717809677,54,53
0.42244530469179153,55,53
0.40885912626981735,56,53
0.3978499248623848,57,53
0.3894161581993103,58,53
0.38670582324266434,59,53
0.3836846649646759,60,53
0.3776537552475929,61,53
0.3790014013648033,62,53
0.38259415328502655,63,53
0.38205094635486603,64,53
0.3827730193734169,65,53
0.3920927047729492,66,53
0.40214230865240097,67,53
0.4108799695968628,68,53
0.4084274172782898,69,53
0.39777540415525436,70,53
0.38800958544015884,71,53
0.37777580320835114,72,53
0.37551330029964447,73,53
0.3731280416250229,74,53
0.37717854231595993,75,53
0.38182131201028824,76,53
0.38696522265672684,77,53
0.3823006674647331,78,53
0.3828757479786873,79,53
0.3833209201693535,80,53
0.38739319145679474,81,53
0.38792162388563156,82,53
0.38916023075580597,83,53
0.39095936715602875,84,53
0.39189978688955307,85,53
0.39133889973163605,86,53
0.3900752514600754,87,53
0.3880675360560417,88,53
0.39422573894262314,89,53
0.3996479734778404,90,53
0.405329592525959,91,53
0.4239545986056328,92,53
0.4420880042016506,93,53
0.4534529149532318,94,53
0.4594414234161377,95,53
0.46277109533548355,96,53
0.4725314099341631,97,53
0.4799171984195709,98,53
0.4956205440685153,99,53
0.5091684088110924,100,53
0.5119254821911454,101,53
0.5106263728812337,102,53
0.5134384008124471,103,53
0.5227846596390009,104,53
0.5258308071643114,105,53
0.5250880513340235,106,53
0.5275148823857307,107,53
0.532333716750145,108,53
0.5407436527311802,109,53
0.5486227087676525,110,53
0.5526688620448112,111,53
0.5635700076818466,112,53
0.5624889321625233,113,53
0.5603185556828976,114,53
0.5597360841929913,115,53
0.5524400398135185,116,53
0.54399648681283,117,53
0.5403057262301445,118,53
0.5311781354248524,119,53
0.5261503085494041,120,53
0.5243525933474302,121,53
0.5257121361792088,122,53
0.5316576287150383,123,53
0.522359412163496,124,53
0.5198887102305889,125,53
0.5215406026691198,126,53
0.518896060064435,127,53
0.5136502226814628,128,53
0.5141627276316285,129,53
0.5137043846771121,130,53
0.5094481064006686,131,53
0.5098203895613551,132,53
0.506874103564769,133,53
0.49572698632255197,134,53
0.4840558934956789,135,53
0.47565831802785397,136,53
0.4769158586859703,137,53
0.46628302708268166,138,53
0.45682602748274803,139,53
0.4580898880958557,140,53
0.4542297199368477,141,53
0.44934096187353134,142,53
0.4487825036048889,143,53
0.44394731149077415,144,53
0.441305935382843,145,53
0.43685243278741837,146,53
0.4403795264661312,147,53
0.4449324607849121,148,53
0.4502798542380333,149,53
0.38728803396224976,0,54
0.3965074196457863,1,54
0.39907119423151016,2,54
0.3990041986107826,3,54
0.39328835159540176,4,54
0.39215030521154404,5,54
0.3844757229089737,6,54
0.3812999129295349,7,54
0.37992385029792786,8,54
0.3841620460152626,9,54
0.3912471681833267,10,54
0.3961554914712906,11,54
0.4126230999827385,12,54
0.4280319958925247,13,54
0.44133495166897774,14,54
0.45666004717350006,15,54
0.464511726051569,16,54
0.47142511419951916,17,54
0.4771991390734911,18,54
0.48247893899679184,19,54
0.48312987573444843,20,54
0.4955312586389482,21,54
0.49233628949150443,22,54
0.486806632950902,23,54
0.4823704734444618,24,54
0.47969539649784565,25,54
0.48292629048228264,26,54
0.48439484648406506,27,54
0.4899097550660372,28,54
0.497275521280244,29,54
0.5014424618566409,30,54
0.49699475918896496,31,54
0.4935733675956726,32,54
0.49593157414346933,33,54
0.49141818657517433,34,54
0.48810022696852684,35,54
0.48578876443207264,36,54
0.4831496309489012,37,54
0.4815038461238146,38,54
0.47683414071798325,39,54
0.4746506381779909,40,54
0.46331389620900154,41,54
0.46261850744485855,42,54
0.4631038159132004,43,54
0.46078141033649445,44,54
0.46059858426451683,45,54
0.4544612243771553,46,54
0.4469624385237694,47,54
0.44696370512247086,48,54
0.4501226469874382,49,54
0.4566670246422291,50,54
0.45520560070872307,51,54
0.44087494537234306,52,54
0.43167877942323685,53,54
0.43013422936201096,54,54
0.4218233898282051,55,54
0.4124224781990051,56,54
0.396513856947422,57,54
0.3850032314658165,58,54
0.378624364733696,59,54
0.3770722821354866,60,54
0.37479960918426514,61,54
0.37113475799560547,62,54
0.3727252185344696,63,54
0.37870125472545624,64,54
0.3814425393939018,65,54
0.390973836183548,66,54
0.400550939142704,67,54
0.41059908270835876,68,54
0.41324473917484283,69,54
0.401109054684639,70,54
0.39522111415863037,71,54
0.387404128909111,72,54
0.38078147172927856,73,54
0.367757186293602,74,54
0.3645092844963074,75,54
0.3685900419950485,76,54
0.37377551198005676,77,54
0.37370865046977997,78,54
0.37752296030521393,79,54
0.37662459164857864,80,54
0.3742556869983673,81,54
0.3742600381374359,82,54
0.3772734999656677,83,54
0.38350361585617065,84,54
0.38188332319259644,85,54
0.38019704818725586,86,54
0.3810230642557144,87,54
0.3869270607829094,88,54
0.3961290121078491,89,54
0.40243662148714066,90,54
0.40989820659160614,91,54
0.4247482866048813,92,54
0.44557933509349823,93,54
0.4591967426240444,94,54
0.46616511791944504,95,54
0.46208272129297256,96,54
0.4630575105547905,97,54
0.478919830173254,98,54
0.4941284372471273,99,54
0.5041916379705071,100,54
0.5078929420560598,101,54
0.5107320686802268,102,54
0.5179885812103748,103,54
0.5235524568706751,104,54
0.5281153246760368,105,54
0.5261650010943413,106,54
0.5256120711565018,107,54
0.5254832785576582,108,54
0.5346923246979713,109,54
0.5387001857161522,110,54
0.5465950518846512,111,54
0.5617097541689873,112,54
0.5668905079364777,113,54
0.5639985650777817,114,54
0.5575824901461601,115,54
0.5470758005976677,116,54
0.5490392670035362,117,54
0.5364103764295578,118,54
0.5343653447926044,119,54
0.5329156368970871,120,54
0.5343630947172642,121,54
0.5354185290634632,122,54
0.5341287776827812,123,54
0.5283801611512899,124,54
0.5252975448966026,125,54
0.5259748883545399,126,54
0.5243018213659525,127,54
0.523235259577632,128,54
0.5203296188265085,129,54
0.5175325721502304,130,54
0.511977300979197,131,54
0.5077779064886272,132,54
0.5107516814023256,133,54
0.5025374381802976,134,54
0.4874613378196955,135,54
0.4764224849641323,136,54
0.47431121580302715,137,54
0.4640190452337265,138,54
0.457571305334568,139,54
0.45289545878767967,140,54
0.4449240416288376,141,54
0.4471496269106865,142,54
0.44508881866931915,143,54
0.44276413321495056,144,54
0.4364820867776871,145,54
0.433027520775795,146,54
0.4375316835939884,147,54
0.4403895251452923,148,54
0.4436305984854698,149,54
0.39048144966363907,0,55
0.39317820221185684,1,55
0.39246874302625656,2,55
0.3940174877643585,3,55
0.39196644723415375,4,55
0.38915736228227615,5,55
0.3791792020201683,6,55
0.3729275166988373,7,55
0.38064488768577576,8,55
0.38664037734270096,9,55
0.3939400240778923,10,55
0.4081234708428383,11,55
0.41485971957445145,12,55
0.4214179664850235,13,55
0.4320079833269119,14,55
0.4391931816935539,15,55
0.4542493335902691,16,55
0.4642135016620159,17,55
0.47002051770687103,18,55
0.47461314871907234,19,55
0.48217832669615746,20,55
0.4865966811776161,21,55
0.4852473856881261,22,55
0.4858766980469227,23,55
0.48516872338950634,24,55
0.48371664993464947,25,55
0.486276987940073,26,55
0.48869822826236486,27,55
0.49649785459041595,28,55
0.5036069289781153,29,55
0.5067795100621879,30,55
0.5055007883347571,31,55
0.5025761846918613,32,55
0.503162250854075,33,55
0.4975702369119972,34,55
0.4936953424476087,35,55
0.4888235768303275,36,55
0.48637075163424015,37,55
0.4837590232491493,38,55
0.4818969089537859,39,55
0.47940317541360855,40,55
0.4698869865387678,41,55
0.46379775181412697,42,55
0.46655382588505745,43,55
0.46858737990260124,44,55
0.47043720073997974,45,55
0.4666372798383236,46,55
0.44865360856056213,47,55
0.44391416013240814,48,55
0.44745491072535515,49,55
0.4508197158575058,50,55
0.44523150101304054,51,55
0.4359462782740593,52,55
0.42687854170799255,53,55
0.4230378642678261,54,55
0.41410575062036514,55,55
0.4002572000026703,56,55
0.3867669701576233,57,55
0.3754924535751343,58,55
0.3732377886772156,59,55
0.3750554397702217,60,55
0.36999131739139557,61,55
0.3660687804222107,62,55
0.3676672577857971,63,55
0.3732157051563263,64,55
0.3825831711292267,65,55
0.3891448304057121,66,55
0.4001714661717415,67,55
0.40708910673856735,68,55
0.4163986071944237,69,55
0.4060523211956024,70,55
0.4056392163038254,71,55
0.397360198199749,72,55
0.3879671022295952,73,55
0.3728891760110855,74,55
0.36640726029872894,75,55
0.36859942972660065,76,55
0.366775244474411,77,55
0.36865031719207764,78,55
0.37464532256126404,79,55
0.3709283471107483,80,55
0.37015946209430695,81,55
0.36975574493408203,82,55
0.3674509972333908,83,55
0.3774891644716263,84,55
0.3786647841334343,85,55
0.37877537310123444,86,55
0.3863513097167015,87,55
0.3983561396598816,88,55
0.409647636115551,89,55
0.40868430584669113,90,55
0.41294530034065247,91,55
0.42546483874320984,92,55
0.4426167197525501,93,55
0.4588543549180031,94,55
0.4619927406311035,95,55
0.4638654440641403,96,55
0.46643437445163727,97,55
0.4776930883526802,98,55
0.488020951859653,99,55
0.49718119227327406,100,55
0.5023929830640554,101,55
0.5106542473658919,102,55
0.51853665150702,103,55
0.5204376373440027,104,55
0.5250150598585606,105,55
0.5231148265302181,106,55
0.5207834504544735,107,55
0.5194510575383902,108,55
0.5226004626601934,109,55
0.5319501496851444,110,55
0.5393166095018387,111,55
0.550965704023838,112,55
0.5595810934901237,113,55
0.5607827194035053,114,55
0.5491494387388229,115,55
0.5445740446448326,116,55
0.5381128564476967,117,55
0.5320071391761303,118,55
0.5334182605147362,119,55
0.5409923642873764,120,55
0.543639961630106,121,55
0.542417723685503,122,55
0.5398588553071022,123,55
0.5358489975333214,124,55
0.5322685353457928,125,55
0.5307174436748028,126,55
0.5300726182758808,127,55
0.5308149382472038,128,55
0.5224643219262362,129,55
0.521958826109767,130,55
0.515814621001482,131,55
0.519913200289011,132,55
0.5174503233283758,133,55
0.5103385224938393,134,55
0.4963761973194778,135,55
0.4854657566174865,136,55
0.4798359200358391,137,55
0.4696920309215784,138,55
0.4569287337362766,139,55
0.44865506142377853,140,55
0.4425370953977108,141,55
0.4408460259437561,142,55
0.43732407689094543,143,55
0.4391496554017067,144,55
0.43143752962350845,145,55
0.42724040895700455,146,55
0.4354747012257576,147,55
0.43764443323016167,148,55
0.44189201295375824,149,55
0.39667707681655884,0,56
0.399160198867321,1,56
0.391106441617012,2,56
0.3942994475364685,3,56
0.38965054601430893,4,56
0.37739941477775574,5,56
0.37050412595272064,6,56
0.373322993516922,7,56
0.38069504499435425,8,56
0.388512060046196,9,56
0.4016273319721222,10,56
0.40981174260377884,11,56
0.4153636693954468,12,56
0.42200130969285965,13,56
0.4234277456998825,14,56
0.43024709820747375,15,56
0.44481389597058296,16,56
0.45585089921951294,17,56
0.4640679210424423,18,56
0.4718880597501993,19,56
0.4802434779703617,20,56
0.48793616332113743,21,56
0.4824221581220627,22,56
0.4821058213710785,23,56
0.48232951015233994,24,56
0.48779492545872927,25,56
0.4906155290082097,26,56
0.491724606603384,27,56
0.4963482718449086,28,56
0.5010489849373698,29,56
0.507878634147346,30,56
0.507130044978112,31,56
0.5121139446273446,32,56
0.5108694089576602,33,56
0.507587883155793,34,56
0.4975199515465647,35,56
0.4872189434245229,36,56
0.4856132222339511,37,56
0.48879594914615154,38,56
0.4886580025777221,39,56
0.4830428995192051,40,56
0.4736592024564743,41,56
0.4620881415903568,42,56
0.4629996754229069,43,56
0.4646150469779968,44,56
0.4698754847049713,45,56
0.46019595861434937,46,56
0.44625482335686684,47,56
0.44501636549830437,48,56
0.446926087141037,49,56
0.4464934282004833,50,56
0.4376877024769783,51,56
0.42624960094690323,52,56
0.4200962632894516,53,56
0.4144904837012291,54,56
0.4070582687854767,55,56
0.39188404381275177,56,56
0.37718354910612106,57,56
0.37367935478687286,58,56
0.37632325291633606,59,56
0.3703979551792145,60,56
0.36538997292518616,61,56
0.3641466796398163,62,56
0.3682752251625061,63,56
0.37534499913454056,64,56
0.3788812682032585,65,56
0.38710276037454605,66,56
0.39302298426628113,67,56
0.4077242612838745,68,56
0.4133882001042366,69,56
0.40377479046583176,70,56
0.4012010172009468,71,56
0.3973343148827553,72,56
0.39471010118722916,73,56
0.384830042719841,74,56
0.3816675990819931,75,56
0.37588197737932205,76,56
0.37295718491077423,77,56
0.38516874611377716,78,56
0.3790733963251114,79,56
0.37066851556301117,80,56
0.37238897383213043,81,56
0.3750982880592346,82,56
0.37434355914592743,83,56
0.3818201944231987,84,56
0.3829834833741188,85,56
0.3865959793329239,86,56
0.392176054418087,87,56
0.41153819113969803,88,56
0.4188269153237343,89,56
0.4227418974041939,90,56
0.42067545652389526,91,56
0.4298293963074684,92,56
0.44092316552996635,93,56
0.4560037963092327,94,56
0.463393148034811,95,56
0.4640367478132248,96,56
0.46488628163933754,97,56
0.4736182764172554,98,56
0.4817405752837658,99,56
0.49093847069889307,100,56
0.4954965361393988,101,56
0.5052564786747098,102,56
0.5124630844220519,103,56
0.5190294217318296,104,56
0.5229089725762606,105,56
0.5205056760460138,106,56
0.5127654438838363,107,56
0.5161835383623838,108,56
0.5172653645277023,109,56
0.5215753633528948,110,56
0.5261707417666912,111,56
0.5425325036048889,112,56
0.5490747094154358,113,56
0.5457224883139133,114,56
0.5423930212855339,115,56
0.5386094115674496,116,56
0.5321742780506611,117,56
0.5335728526115417,118,56
0.5413376875221729,119,56
0.549591064453125,120,56
0.5519898869097233,121,56
0.5524361170828342,122,56
0.553866945207119,123,56
0.5449624098837376,124,56
0.5390392355620861,125,56
0.5334497019648552,126,56
0.532561793923378,127,56
0.5267071314156055,128,56
0.5274620708078146,129,56
0.5274763628840446,130,56
0.528177160769701,131,56
0.5254106465727091,132,56
0.5178928840905428,133,56
0.5132813639938831,134,56
0.5045829550363123,135,56
0.4923424846492708,136,56
0.4785022232681513,137,56
0.4610174708068371,138,56
0.45542240515351295,139,56
0.44278470799326897,140,56
0.4350332245230675,141,56
0.4405639208853245,142,56
0.43463747948408127,143,56
0.4328804463148117,144,56
0.42463359236717224,145,56
0.41609350591897964,146,56
0.4218204766511917,147,56
0.43235844373703003,148,56
0.4425648860633373,149,56
0.3886748403310776,0,57
0.3973388671875,1,57
0.39560943096876144,2,57
0.39356376975774765,3,57
0.3838614448904991,4,57
0.37510884553194046,5,57
0.3673829138278961,6,57
0.3748483806848526,7,57
0.38544731587171555,8,57
0.38746916502714157,9,57
0.39944934099912643,10,57
0.40607594698667526,11,57
0.4137565419077873,12,57
0.4162842407822609,13,57
0.4224660098552704,14,57
0.43055346608161926,15,57
0.44154783338308334,16,57
0.44896989688277245,17,57
0.4632498137652874,18,57
0.47038784995675087,19,57
0.47757971100509167,20,57
0.4899261360988021,21,57
0.4840155094861984,22,57
0.4848646651953459,23,57
0.48851644061505795,24,57
0.4932737471535802,25,57
0.4956372077576816,26,57
0.49726297799497843,27,57
0.4971888610161841,28,57
0.5057493722997606,29,57
0.508992275223136,30,57
0.5100163016468287,31,57
0.5105022359639406,32,57
0.5181465186178684,33,57
0.5206431839615107,34,57
0.5101506980136037,35,57
0.4981580942403525,36,57
0.4960821224376559,37,57
0.4963344973511994,38,57
0.4957696069031954,39,57
0.48833270370960236,40,57
0.4768886882811785,41,57
0.4643300026655197,42,57
0.46327153220772743,43,57
0.46403151378035545,44,57
0.4643680825829506,45,57
0.4579733833670616,46,57
0.44516414031386375,47,57
0.44162555783987045,48,57
0.4385908357799053,49,57
0.43897366523742676,50,57
0.4287903234362602,51,57
0.41259991377592087,52,57
0.401790551841259,53,57
0.39903613179922104,54,57
0.395244725048542,55,57
0.38860267400741577,56,57
0.3779662325978279,57,57
0.3751854971051216,58,57
0.3716815561056137,59,57
0.36279918253421783,60,57
0.36328279972076416,61,57
0.36773741245269775,62,57
0.3700138330459595,63,57
0.3821536898612976,64,57
0.38501983135938644,65,57
0.3882478028535843,66,57
0.3933912217617035,67,57
0.40497376024723053,68,57
0.4072071313858032,69,57
0.40148021280765533,70,57
0.3983653262257576,71,57
0.3963826522231102,72,57
0.39350492507219315,73,57
0.3939335197210312,74,57
0.38704995065927505,75,57
0.3825298920273781,76,57
0.3835800364613533,77,57
0.3902292028069496,78,57
0.3827766999602318,79,57
0.3768012374639511,80,57
0.3782620131969452,81,57
0.38542967289686203,82,57
0.3884717747569084,83,57
0.39126670360565186,84,57
0.39515627175569534,85,57
0.4012576565146446,86,57
0.4110564514994621,87,57
0.42276228219270706,88,57
0.42947404831647873,89,57
0.43033622950315475,90,57
0.43007057905197144,91,57
0.43644513189792633,92,57
0.4437570981681347,93,57
0.4567815959453583,94,57
0.4618985280394554,95,57
0.4647291228175163,96,57
0.46636616438627243,97,57
0.4727635905146599,98,57
0.47710022144019604,99,57
0.48395149409770966,100,57
0.49478260008618236,101,57
0.4971713649574667,102,57
0.5061096847057343,103,57
0.5168386809527874,104,57
0.5227779243141413,105,57
0.5238403063267469,106,57
0.5170716047286987,107,57
0.517472205683589,108,57
0.5173614956438541,109,57
0.5254917480051517,110,57
0.5182408224791288,111,57
0.529022578150034,112,57
0.5372270680963993,113,57
0.5307260379195213,114,57
0.5345224291086197,115,57
0.5388859994709492,116,57
0.5405861623585224,117,57
0.5405404344201088,118,57
0.5475837141275406,119,57
0.5542332231998444,120,57
0.5548347756266594,121,57
0.5617685355246067,122,57
0.5644354596734047,123,57
0.5556375496089458,124,57
0.5473630055785179,125,57
0.5458491258323193,126,57
0.5381929874420166,127,57
0.5345846079289913,128,57
0.5386212877929211,129,57
0.5345206223428249,130,57
0.5279393531382084,131,57
0.5272485110908747,132,57
0.5191125497221947,133,57
0.5135736213997006,134,57
0.5116707216948271,135,57
0.4987603260669857,136,57
0.481322830542922,137,57
0.4673205763101578,138,57
0.4537218436598778,139,57
0.4384218417108059,140,57
0.4386780261993408,141,57
0.4341869652271271,142,57
0.4307061657309532,143,57
0.42556945979595184,144,57
0.4192705899477005,145,57
0.41437413543462753,146,57
0.41844210028648376,147,57
0.43058059364557266,148,57
0.43820270523428917,149,57
0.38822802901268005,0,58
0.39438002556562424,1,58
0.3928506225347519,2,58
0.3877059891819954,3,58
0.38207314163446426,4,58
0.380203478038311,5,58
0.3776511698961258,6,58
0.3869585692882538,7,58
0.39460214227437973,8,58
0.39598164707422256,9,58
0.3978607729077339,10,58
0.4049925059080124,11,58
0.4096604883670807,12,58
0.4177418425679207,13,58
0.42515379190444946,14,58
0.4398254379630089,15,58
0.4473331533372402,16,58
0.45022226870059967,17,58
0.4617834910750389,18,58
0.47321032360196114,19,58
0.47879344038665295,20,58
0.48077766224741936,21,58
0.4787726551294327,22,58
0.4849686622619629,23,58
0.4897676734253764,24,58
0.49479138432070613,25,58
0.4994506816728972,26,58
0.49987674894509837,27,58
0.5049310689792037,28,58
0.5116971638053656,29,58
0.515000618994236,30,58
0.5150227714329958,31,58
0.5169241651892662,32,58
0.5208542570471764,33,58
0.5253248754888773,34,58
0.517440864816308,35,58
0.5057488083839417,36,58
0.5037963872309774,37,58
0.5026508802548051,38,58
0.5001038606205839,39,58
0.4966935692355037,40,58
0.48175533674657345,41,58
0.4655495807528496,42,58
0.45930788293480873,43,58
0.4562279284000397,44,58
0.459411658346653,45,58
0.4539141058921814,46,58
0.4456705152988434,47,58
0.43494559824466705,48,58
0.42326320707798004,49,58
0.4234730675816536,50,58
0.414164274930954,51,58
0.4031732976436615,52,58
0.3933439552783966,53,58
0.3895600289106369,54,58
0.38812172412872314,55,58
0.3847857713699341,56,58
0.3739701360464096,57,58
0.36733278632164,58,58
0.36708101630210876,59,58
0.3612447679042816,60,58
0.36430950462818146,61,58
0.37712234258651733,62,58
0.37866856902837753,63,58
0.3894880712032318,64,58
0.39487072080373764,65,58
0.40032704174518585,66,58
0.4007953926920891,67,58
0.41028427332639694,68,58
0.41221415251493454,69,58
0.4004530608654022,70,58
0.40303727984428406,71,58
0.39794326573610306,72,58
0.3954688310623169,73,58
0.39193691313266754,74,58
0.38342051953077316,75,58
0.385205015540123,76,58
0.3883918523788452,77,58
0.39314455538988113,78,58
0.38763096928596497,79,58
0.386232927441597,80,58
0.38498344272375107,81,58
0.3934781849384308,82,58
0.4005696028470993,83,58
0.402738980948925,84,58
0.4064464792609215,85,58
0.41184692829847336,86,58
0.42414671927690506,87,58
0.43352243304252625,88,58
0.43776053935289383,89,58
0.443820983171463,90,58
0.4451805464923382,91,58
0.44665924832224846,92,58
0.45219217240810394,93,58
0.46095190197229385,94,58
0.4641217663884163,95,58
0.4676300771534443,96,58
0.4667809493839741,97,58
0.4709329232573509,98,58
0.48090121522545815,99,58
0.48655642569065094,100,58
0.4915950698778033,101,58
0.5027709694113582,102,58
0.5094732902944088,103,58
0.5142421992495656,104,58
0.520496841520071,105,58
0.5244421251118183,106,58
0.521766034886241,107,58
0.5200210940092802,108,58
0.5261737946420908,109,58
0.5306354593485594,110,58
0.5155273182317615,111,58
0.5273379720747471,112,58
0.5280753411352634,113,58
0.5289066340774298,114,58
0.5338935106992722,115,58
0.5393278822302818,116,58
0.5421783737838268,117,58
0.5436127632856369,118,58
0.5484146662056446,119,58
0.5526040606200695,120,58
0.556995052844286,121,58
0.5620939545333385,122,58
0.5652706548571587,123,58
0.5638938173651695,124,58
0.5590856857597828,125,58
0.5579971671104431,126,58
0.5432855859398842,127,58
0.5424536690115929,128,58
0.5436248034238815,129,58
0.5361638478934765,130,58
0.5302375815808773,131,58
0.5235556103289127,132,58
0.5217253118753433,133,58
0.5119066461920738,134,58
0.5067399521358311,135,58
0.497293682070449,136,58
0.48131923377513885,137,58
0.46827422454953194,138,58
0.4487588405609131,139,58
0.42864523082971573,140,58
0.4305170103907585,141,58
0.4289565235376358,142,58
0.4259525537490845,143,58
0.42596107721328735,144,58
0.4170498624444008,145,58
0.4160105958580971,146,58
0.41265466809272766,147,58
0.41845136135816574,148,58
0.43078816682100296,149,58
0.3932134881615639,0,59
0.39010926336050034,1,59
0.3885965570807457,2,59
0.39031200110912323,3,59
0.3915533199906349,4,59
0.3884300962090492,5,59
0.38817064464092255,6,59
0.39511439949274063,7,59
0.39752262085676193,8,59
0.40340834110975266,9,59
0.40820737928152084,10,59
0.40613996982574463,11,59
0.41510721296072006,12,59
0.4268122985959053,13,59
0.4407855458557606,14,59
0.44938666746020317,15,59
0.45326925069093704,16,59
0.4597870521247387,17,59
0.4651217348873615,18,59
0.475618377327919,19,59
0.47988453693687916,20,59
0.480516804382205,21,59
0.4761015251278877,22,59
0.48601446487009525,23,59
0.4916970618069172,24,59
0.4951820899732411,25,59
0.4973066991660744,26,59
0.5024166817311198,27,59
0.5104857627302408,28,59
0.515336386859417,29,59
0.517636202275753,30,59
0.5257871970534325,31,59
0.5282550975680351,32,59
0.5398169346153736,33,59
0.5334106720983982,34,59
0.5196358300745487,35,59
0.5102474559098482,36,59
0.5042617018334568,37,59
0.5004491586005315,38,59
0.5020025251433253,39,59
0.49428571900352836,40,59
0.48966848850250244,41,59
0.4759742096066475,42,59
0.463448241353035,43,59
0.45401448756456375,44,59
0.45224129036068916,45,59
0.4520782269537449,46,59
0.4383487291634083,47,59
0.42830561846494675,48,59
0.4138035401701927,49,59
0.4047943726181984,50,59
0.4049404636025429,51,59
0.4008399695158005,52,59
0.38959304243326187,53,59
0.3820032849907875,54,59
0.3831445053219795,55,59
0.37374815344810486,56,59
0.36753222346305847,57,59
0.3606496602296829,58,59
0.3631819188594818,59,59
0.3599557727575302,60,59
0.3678661286830902,61,59
0.3786407709121704,62,59
0.38245853781700134,63,59
0.39401082694530487,64,59
0.40199167281389236,65,59
0.40620647370815277,66,59
0.4106668531894684,67,59
0.42165933549404144,68,59
0.42154310643672943,69,59
0.4079514145851135,70,59
0.40918032824993134,71,59
0.40334636718034744,72,59
0.4006926491856575,73,59
0.40313753485679626,74,59
0.39318498224020004,75,59
0.3916380703449249,76,59
0.3943735286593437,77,59
0.3986022546887398,78,59
0.3941051736474037,79,59
0.39151377975940704,80,59
0.3947168290615082,81,59
0.39929261803627014,82,59
0.4099385589361191,83,59
0.4104832112789154,84,59
0.4109629765152931,85,59
0.41932500153779984,86,59
0.4341685622930527,87,59
0.4419473260641098,88,59
0.44544991850852966,89,59
0.45506230741739273,90,59
0.45256976410746574,91,59
0.46180538460612297,92,59
0.4618021473288536,93,59
0.46499110758304596,94,59
0.4614476151764393,95,59
0.46518712118268013,96,59
0.4788576811552048,97,59
0.4788889456540346,98,59
0.480061162263155,99,59
0.4875672301277518,100,59
0.4967308447230607,101,59
0.5055803735740483,102,59
0.5150578962638974,103,59
0.5173204280436039,104,59
0.5160109214484692,105,59
0.5166141875088215,106,59
0.5173513703048229,107,59
0.5264885146170855,108,59
0.5327135995030403,109,59
0.5396444797515869,110,59
0.5259352680295706,111,59
0.5304870754480362,112,59
0.5268441047519445,113,59
0.532206304371357,114,59
0.5333662517368793,115,59
0.5371027663350105,116,59
0.5466647632420063,117,59
0.5492847822606564,118,59
0.5528934299945831,119,59
0.5559752434492111,120,59
0.5598293803632259,121,59
0.5656676664948463,122,59
0.5719370469450951,123,59
0.5755840763449669,124,59
0.5697696581482887,125,59
0.5697206556797028,126,59
0.5526143051683903,127,59
0.5500468201935291,128,59
0.5511535480618477,129,59
0.5464409664273262,130,59
0.5375763960182667,131,59
0.5254243277013302,132,59
0.5212564282119274,133,59
0.5163805652409792,134,59
0.5073039811104536,135,59
0.493238705676049,136,59
0.476497545838356,137,59
0.4659537002444267,138,59
0.44890232011675835,139,59
0.43146150559186935,140,59
0.4296751320362091,141,59
0.42370230704545975,142,59
0.4224404916167259,143,59
0.420148640871048,144,59
0.4126746505498886,145,59
0.4114803522825241,146,59
0.4027802348136902,147,59
0.41343098878860474,148,59
0.42360590398311615,149,59
0.38711557537317276,0,60
0.38646046072244644,1,60
0.38824353367090225,2,60
0.39649341255426407,3,60
0.4009709134697914,4,60
0.3953416422009468,5,60
0.3984166383743286,6,60
0.4000910297036171,7,60
0.396492063999176,8,60
0.40947338938713074,9,60
0.41443147510290146,10,60
0.4157249629497528,11,60
0.4281734600663185,12,60
0.43909624591469765,13,60
0.4505118280649185,14,60
0.46160053089261055,15,60
0.46739551424980164,16,60
0.4712374918162823,17,60
0.475383123382926,18,60
0.4784022141247988,19,60
0.48365818336606026,20,60
0.4883204959332943,21,60
0.49263351038098335,22,60
0.49873365950770676,23,60
0.5036582169122994,24,60
0.5049434979446232,25,60
0.5020234165713191,26,60
0.5081761572510004,27,60
0.5121356835588813,28,60
0.524528943002224,29,60
0.5243997722864151,30,60
0.5283914301544428,31,60
0.5352772250771523,32,60
0.5433884188532829,33,60
0.532501932233572,34,60
0.5182499401271343,35,60
0.510121769271791,36,60
0.4962726840749383,37,60
0.4922483083792031,38,60
0.4931474272161722,39,60
0.4848294835537672,40,60
0.4813627768307924,41,60
0.47592025250196457,42,60
0.46288836374878883,43,60
0.4482569172978401,44,60
0.44646498933434486,45,60
0.43896760791540146,46,60
0.4280026853084564,47,60
0.41955792158842087,48,60
0.4081675037741661,49,60
0.40570130944252014,50,60
0.4009952172636986,51,60
0.39372649788856506,52,60
0.38826143741607666,53,60
0.38162127137184143,54,60
0.376504510641098,55,60
0.36582715809345245,56,60
0.3610479533672333,57,60
0.35510730743408203,58,60
0.3539477586746216,59,60
0.36063213646411896,60,60
0.3690064400434494,61,60
0.38300997018814087,62,60
0.38928699493408203,63,60
0.39682886004447937,64,60
0.4054698273539543,65,60
0.4113234654068947,66,60
0.42347899824380875,67,60
0.42835377901792526,68,60
0.4261214807629585,69,60
0.4175810217857361,70,60
0.41835469007492065,71,60
0.41677331179380417,72,60
0.4125719889998436,73,60
0.41207462549209595,74,60
0.4080928787589073,75,60
0.404257133603096,76,60
0.4012133851647377,77,60
0.40126100182533264,78,60
0.39933430403470993,79,60
0.40006115287542343,80,60
0.40611638873815536,81,60
0.4181251600384712,82,60
0.42398177832365036,83,60
0.4220346659421921,84,60
0.4225669726729393,85,60
0.42900393158197403,86,60
0.44383061677217484,87,60
0.4499756842851639,88,60
0.45551564544439316,89,60
0.4618368186056614,90,60
0.4717014692723751,91,60
0.4731367565691471,92,60
0.47503276355564594,93,60
0.47103376314044,94,60
0.46612976491451263,95,60
0.4704325031489134,96,60
0.4796985015273094,97,60
0.4838022217154503,98,60
0.49002257734537125,99,60
0.49666189798153937,100,60
0.5100295823067427,101,60
0.5121174994856119,102,60
0.5173854324966669,103,60
0.5193803235888481,104,60
0.5145818218588829,105,60
0.5139907775446773,106,60
0.521633967757225,107,60
0.53093889541924,108,60
0.5393162779510021,109,60
0.5463112480938435,110,60
0.54063730686903,111,60
0.5401022359728813,112,60
0.5448476709425449,113,60
0.5461021959781647,114,60
0.5448140166699886,115,60
0.542191568762064,116,60
0.5491713508963585,117,60
0.5507912933826447,118,60
0.5529500842094421,119,60
0.554018422961235,120,60
0.5628948509693146,121,60
0.5696352794766426,122,60
0.5810358822345734,123,60
0.5840123370289803,124,60
0.5779413729906082,125,60
0.5797168761491776,126,60
0.5671091973781586,127,60
0.5611180439591408,128,60
0.5598106123507023,129,60
0.5607380457222462,130,60
0.549420665949583,131,60
0.5336916334927082,132,60
0.5231335945427418,133,60
0.5162900313735008,134,60
0.5004186459991615,135,60
0.4882886344566941,136,60
0.47212732024490833,137,60
0.46359123662114143,138,60
0.4524254947900772,139,60
0.43484023213386536,140,60
0.4237881675362587,141,60
0.41643060743808746,142,60
0.4143132045865059,143,60
0.40472716093063354,144,60
0.4016032814979553,145,60
0.4035305753350258,146,60
0.40437471121549606,147,60
0.4094575420022011,148,60
0.412229984998703,149,60
0.38441202044487,0,61
0.388863168656826,1,61
0.3893611207604408,2,61
0.39466889202594757,3,61
0.4083321839570999,4,61
0.40532295405864716,5,61
0.4041872173547745,6,61
0.4035574272274971,7,61
0.40076298266649246,8,61
0.4049249738454819,9,61
0.4120144322514534,10,61
0.4229777306318283,11,61
0.4360712170600891,12,61
0.44862011820077896,13,61
0.4600478820502758,14,61
0.4750250745564699,15,61
0.48142349906265736,16,61
0.4826675374060869,17,61
0.4857603209093213,18,61
0.4878443218767643,19,61
0.49157359078526497,20,61
0.4968338052276522,21,61
0.5045986953191459,22,61
0.5107241189107299,23,61
0.5124470926821232,24,61
0.5100050941109657,25,61
0.5112779559567571,26,61
0.5144187472760677,27,61
0.5218562856316566,28,61
0.5268960688263178,29,61
0.5296915974467993,30,61
0.5332631133496761,31,61
0.5370067767798901,32,61
0.5417997725307941,33,61
0.5347742736339569,34,61
0.5227939523756504,35,61
0.5112598361447453,36,61
0.5028956055175513,37,61
0.4896079711616039,38,61
0.4883785294368863,39,61
0.4846197981387377,40,61
0.4796886723488569,41,61
0.47319192066788673,42,61
0.4550559036433697,43,61
0.4445038437843323,44,61
0.44220904260873795,45,61
0.43371138721704483,46,61
0.42246682941913605,47,61
0.4142245948314667,48,61
0.4039154052734375,49,61
0.39985543489456177,50,61
0.39861008524894714,51,61
0.3961455151438713,52,61
0.38965238630771637,53,61
0.38615475594997406,54,61
0.3764858692884445,55,61
0.3594798743724823,56,61
0.35148264467716217,57,61
0.3437630832195282,58,61
0.35120972990989685,59,61
0.3604916036128998,60,61
0.37339815497398376,61,61
0.3801608234643936,62,61
0.38724610954523087,63,61
0.3977058008313179,64,61
0.40959613025188446,65,61
0.4290919825434685,66,61
0.437866386026144,67,61
0.44401899725198746,68,61
0.44627876207232475,69,61
0.4291028678417206,70,61
0.4242718517780304,71,61
0.42614661157131195,72,61
0.4249151274561882,73,61
0.4229529947042465,74,61
0.4205658882856369,75,61
0.416095070540905,76,61
0.4098588675260544,77,61
0.4092966914176941,78,61
0.4053383618593216,79,61
0.4078357443213463,80,61
0.41901080310344696,81,61
0.432750441133976,82,61
0.43826400116086006,83,61
0.43478289246559143,84,61
0.4381099306046963,85,61
0.44331933185458183,86,61
0.46078263595700264,87,61
0.4724049586802721,88,61
0.4737607631832361,89,61
0.48105193115770817,90,61
0.4888794496655464,91,61
0.4831756893545389,92,61
0.4851989736780524,93,61
0.4811438601464033,94,61
0.4792758096009493,95,61
0.4841013979166746,96,61
0.4835166893899441,97,61
0.4894460989162326,98,61
0.49876555532682687,99,61
0.5078089544549584,100,61
0.5153668271377683,101,61
0.5185726601630449,102,61
0.5245632752776146,103,61
0.5248295068740845,104,61
0.525000998750329,105,61
0.5237468276172876,106,61
0.5276473723351955,107,61
0.5314819142222404,108,61
0.5415180772542953,109,61
0.5481724813580513,110,61
0.5516658797860146,111,61
0.5556310974061489,112,61
0.5531689301133156,113,61
0.5531050562858582,114,61
0.5499173067510128,115,61
0.5449291057884693,116,61
0.548054113984108,117,61
0.5495283082127571,118,61
0.5539597421884537,119,61
0.5595936924219131,120,61
0.5672607421875,121,61
0.5730743929743767,122,61
0.5812182798981667,123,61
0.5876188203692436,124,61
0.592479981482029,125,61
0.5946496650576591,126,61
0.5779936909675598,127,61
0.5716339275240898,128,61
0.5699782222509384,129,61
0.565971314907074,130,61
0.5565222352743149,131,61
0.542727030813694,132,61
0.5299521498382092,133,61
0.5199426617473364,134,61
0.5049657761119306,135,61
0.489118835888803,136,61
0.4727777689695358,137,61
0.4626595079898834,138,61
0.4470858462154865,139,61
0.42732543498277664,140,61
0.41916605830192566,141,61
0.41372867673635483,142,61
0.409316822886467,143,61
0.4044855162501335,144,61
0.4003974348306656,145,61
0.39957938343286514,146,61
0.39994875341653824,147,61
0.3979744613170624,148,61
0.40078888088464737,149,61
0.3887365385890007,0,62
0.3904600813984871,1,62
0.39115477353334427,2,62
0.3961828351020813,3,62
0.4109867960214615,4,62
0.4089774712920189,5,62
0.40434984117746353,6,62
0.40025901794433594,7,62
0.39778268337249756,8,62
0.4041525274515152,9,62
0.41205795109272003,10,62
0.4238187223672867,11,62
0.43665221333503723,12,62
0.450879517942667,13,62
0.4665331542491913,14,62
0.48030253127217293,15,62
0.48580079805105925,16,62
0.4855517130345106,17,62
0.4907414671033621,18,62
0.4942172607406974,19,62
0.49700058763846755,20,62
0.5058708623982966,21,62
0.5129109276458621,22,62
0.5204516500234604,23,62
0.5195155218243599,24,62
0.5180268753319979,25,62
0.521157942712307,26,62
0.5246540829539299,27,62
0.5286801513284445,28,62
0.5319246612489223,29,62
0.5365814529359341,30,62
0.5391049049794674,31,62
0.5433716773986816,32,62
0.5437176413834095,33,62
0.540888287127018,34,62
0.525612112134695,35,62
0.5185077283531427,36,62
0.5120071414858103,37,62
0.49778375402092934,38,62
0.49174073804169893,39,62
0.48951976280659437,40,62
0.4731925502419472,41,62
0.4586603492498398,42,62
0.44501424208283424,43,62
0.43341804295778275,44,62
0.4314950257539749,45,62
0.42498963326215744,46,62
0.416463166475296,47,62
0.40966906398534775,48,62
0.40079817175865173,49,62
0.4008072540163994,50,62
0.4039735123515129,51,62
0.40187348425388336,52,62
0.39613648504018784,53,62
0.3927241116762161,54,62
0.3823494389653206,55,62
0.3644394129514694,56,62
0.35147958993911743,57,62
0.3504717946052551,58,62
0.3549419492483139,59,62
0.35851360857486725,60,62
0.37459708750247955,61,62
0.3831220641732216,62,62
0.39307350665330887,63,62
0.4091721251606941,64,62
0.4238582029938698,65,62
0.4361513629555702,66,62
0.446425698697567,67,62
0.4539385661482811,68,62
0.4607616700232029,69,62
0.4386308714747429,70,62
0.43381834775209427,71,62
0.4378518871963024,72,62
0.43766677752137184,73,62
0.439352173358202,74,62
0.4356323555111885,75,62
0.42886950820684433,76,62
0.4247211441397667,77,62
0.41890107840299606,78,62
0.4145123064517975,79,62
0.4157431870698929,80,62
0.4269190654158592,81,62
0.43339458853006363,82,62
0.44758833944797516,83,62
0.45318761840462685,84,62
0.45716750994324684,85,62
0.46291589364409447,86,62
0.4791864398866892,87,62
0.4928184454329312,88,62
0.49386471370235085,89,62
0.4969780407845974,90,62
0.48948565404862165,91,62
0.48838157299906015,92,62
0.4891719603911042,93,62
0.48264880664646626,94,62
0.4851040169596672,95,62
0.48797311447560787,96,62
0.49167013727128506,97,62
0.5003910131053999,98,62
0.5100609706714749,99,62
0.5232435688376427,100,62
0.5261570606380701,101,62
0.5298243071883917,102,62
0.5400155074894428,103,62
0.542177364230156,104,62
0.5392670966684818,105,62
0.5403338484466076,106,62
0.5383770652115345,107,62
0.5425866208970547,108,62
0.5519115626811981,109,62
0.5579477846622467,110,62
0.5552626401185989,111,62
0.5601913668215275,112,62
0.5616639293730259,113,62
0.5630315542221069,114,62
0.5597872100770473,115,62
0.5517763458192348,116,62
0.5508229658007622,117,62
0.5521928183734417,118,62
0.5564635172486305,119,62
0.5625509321689606,120,62
0.5704855024814606,121,62
0.57700315117836,122,62
0.5784624367952347,123,62
0.5863671600818634,124,62
0.5956748053431511,125,62
0.5985842272639275,126,62
0.5834623947739601,127,62
0.5779051631689072,128,62
0.5737021416425705,129,62
0.5655830800533295,130,62
0.559076864272356,131,62
0.542525377124548,132,62
0.5284941177815199,133,62
0.5252431072294712,134,62
0.5061245188117027,135,62
0.49049832206219435,136,62
0.47644446790218353,137,62
0.4644192270934582,138,62
0.4430033452808857,139,62
0.42442959547042847,140,62
0.4130992293357849,141,62
0.41322747617959976,142,62
0.4068543314933777,143,62
0.40116529911756516,144,62
0.3917531594634056,145,62
0.39061904698610306,146,62
0.3874337747693062,147,62
0.38341719657182693,148,62
0.3936862200498581,149,62
0.39251609146595,0,63
0.3976365327835083,1,63
0.39548029005527496,2,63
0.40413717925548553,3,63
0.4164164736866951,4,63
0.41568000614643097,5,63
0.41172508895397186,6,63
0.4029233530163765,7,63
0.40015309303998947,8,63
0.40437526255846024,9,63
0.4095659479498863,10,63
0.41929497569799423,11,63
0.421852245926857,12,63
0.44309505820274353,13,63
0.4599064141511917,14,63
0.46909268386662006,15,63
0.47968715988099575,16,63
0.48213021643459797,17,63
0.4851947696879506,18,63
0.491841615177691,19,63
0.5018980943132192,20,63
0.5096935844048858,21,63
0.513417474925518,22,63
0.5256692003458738,23,63
0.5245246756821871,24,63
0.5229967087507248,25,63
0.5292741414159536,26,63
0.5361968241631985,27,63
0.5366848632693291,28,63
0.5391244404017925,29,63
0.5455700419843197,30,63
0.5475406013429165,31,63
0.5505166351795197,32,63
0.5478715822100639,33,63
0.544954214245081,34,63
0.5321133844554424,35,63
0.5178948175162077,36,63
0.5136474287137389,37,63
0.5034844742622226,38,63
0.4974996286910027,39,63
0.4826588239520788,40,63
0.4657674580812454,41,63
0.4531756676733494,42,63
0.43774042278528214,43,63
0.4333065450191498,44,63
0.43052103370428085,45,63
0.42440343648195267,46,63
0.417553648352623,47,63
0.41069163382053375,48,63
0.40441519021987915,49,63
0.40921400487422943,50,63
0.4079621583223343,51,63
0.40345656126737595,52,63
0.4022075831890106,53,63
0.3986710011959076,54,63
0.39185842871665955,55,63
0.3762809857726097,56,63
0.356179341673851,57,63
0.34696604311466217,58,63
0.3484559506177902,59,63
0.3603304475545883,60,63
0.37414464354515076,61,63
0.38744767010211945,62,63
0.40287261456251144,63,63
0.4159577041864395,64,63
0.4343477934598923,65,63
0.4464603587985039,66,63
0.4502122849225998,67,63
0.4553600251674652,68,63
0.4504108987748623,69,63
0.441309317946434,70,63
0.43782004714012146,71,63
0.44002677872776985,72,63
0.44259966537356377,73,63
0.45046795532107353,74,63
0.4471554234623909,75,63
0.43807561695575714,76,63
0.4325256645679474,77,63
0.4283781051635742,78,63
0.42156869173049927,79,63
0.42524608969688416,80,63
0.4256432428956032,81,63
0.4419151470065117,82,63
0.4565146639943123,83,63
0.46481285244226456,84,63
0.4732277784496546,85,63
0.48492172081023455,86,63
0.49465993931517005,87,63
0.5024031659122556,88,63
0.5012337748194113,89,63
0.4968826218973845,90,63
0.490176934748888,91,63
0.48868468310683966,92,63
0.4895416898652911,93,63
0.48641614988446236,94,63
0.49330500653013587,95,63
0.49568698089569807,96,63
0.504474388435483,97,63
0.5150199960917234,98,63
0.5221110749989748,99,63
0.5313902385532856,100,63
0.5338244698941708,101,63
0.5404491387307644,102,63
0.5524955950677395,103,63
0.5552469827234745,104,63
0.5545953884720802,105,63
0.551839105784893,106,63
0.5476549342274666,107,63
0.5509145930409431,108,63
0.5583136714994907,109,63
0.5640716105699539,110,63
0.5637760534882545,111,63
0.566868357360363,112,63
0.5736781358718872,113,63
0.5719266980886459,114,63
0.5659934282302856,115,63
0.5597630254924297,116,63
0.5583906099200249,117,63
0.5586218126118183,118,63
0.5624694749712944,119,63
0.5758993327617645,120,63
0.5817003026604652,121,63
0.578424796462059,122,63
0.5746153518557549,123,63
0.5841141566634178,124,63
0.5931928008794785,125,63
0.6024867594242096,126,63
0.5887876972556114,127,63
0.5845731571316719,128,63
0.5794881731271744,129,63
0.5677686482667923,130,63
0.5602486804127693,131,63
0.5485429428517818,132,63
0.5353065207600594,133,63
0.5335633046925068,134,63
0.5128075033426285,135,63
0.48933568876236677,136,63
0.4759449288249016,137,63
0.455887358635664,138,63
0.4372022747993469,139,63
0.42161252349615097,140,63
0.40608784556388855,141,63
0.40984249114990234,142,63
0.4016112834215164,143,63
0.3936431035399437,144,63
0.39451076835393906,145,63
0.39408979564905167,146,63
0.3874729052186012,147,63
0.38688013702630997,148,63
0.3943846747279167,149,63
0.40757758915424347,0,64
0.4067644998431206,1,64
0.40695609152317047,2,64
0.4153149351477623,3,64
0.4193197712302208,4,64
0.41784506291151047,5,64
0.4151717871427536,6,64
0.4054476097226143,7,64
0.39691808074712753,8,64
0.3980279788374901,9,64
0.4058036282658577,10,64
0.4158780798316002,11,64
0.4245004206895828,12,64
0.43668968230485916,13,64
0.4491865299642086,14,64
0.4655815474689007,15,64
0.4767160266637802,16,64
0.48195512406527996,17,64
0.48559321742504835,18,64
0.49337825970724225,19,64
0.5072760344482958,20,64
0.5168864820152521,21,64
0.5250284783542156,22,64
0.5306253470480442,23,64
0.5318054929375648,24,64
0.5308526791632175,25,64
0.534612063318491,26,64
0.53562031686306,27,64
0.534857764840126,28,64
0.5454959720373154,29,64
0.557726826518774,30,64
0.5610951296985149,31,64
0.5556659512221813,32,64
0.5591356344521046,33,64
0.5510940551757812,34,64
0.5380621515214443,35,64
0.5281244143843651,36,64
0.5255446452647448,37,64
0.513596672564745,38,64
0.5004225502198096,39,64
0.48140723444521427,40,64
0.46680234000086784,41,64
0.45296555012464523,42,64
0.44008195772767067,43,64
0.4369227811694145,44,64
0.43209896236658096,45,64
0.42252418398857117,46,64
0.4163718745112419,47,64
0.41142741590738297,48,64
0.4105522483587265,49,64
0.4065999463200569,50,64
0.40496887266635895,51,64
0.4054595157504082,52,64
0.40191831439733505,53,64
0.39799434691667557,54,64
0.3951558619737625,55,64
0.3866105079650879,56,64
0.36736370623111725,57,64
0.35889139771461487,58,64
0.3579958379268646,59,64
0.36744673550128937,60,64
0.37709440290927887,61,64
0.39488255977630615,62,64
0.40851976722478867,63,64
0.4256930351257324,64,64
0.44240133464336395,65,64
0.4470706544816494,66,64
0.44796332344412804,67,64
0.45173000171780586,68,64
0.44849543645977974,69,64
0.4412947781383991,70,64
0.44185788556933403,71,64
0.4396232143044472,72,64
0.44522368535399437,73,64
0.45182570815086365,74,64
0.4495352990925312,75,64
0.4455060623586178,76,64
0.43933240696787834,77,64
0.43396009504795074,78,64
0.432663694024086,79,64
0.4401666857302189,80,64
0.44285478815436363,81,64
0.45106368511915207,82,64
0.45661742240190506,83,64
0.47075762040913105,84,64
0.48200318962335587,85,64
0.4930633897893131,86,64
0.502810031408444,87,64
0.5063846120610833,88,64
0.5046768602915108,89,64
0.5009199430351146,90,64
0.49717957875691354,91,64
0.4954081913456321,92,64
0.4991036888677627,93,64
0.49974468114669435,94,64
0.49863835028372705,95,64
0.5042390180751681,96,64
0.5136528490111232,97,64
0.5231409296393394,98,64
0.5302772056311369,99,64
0.5371887795627117,100,64
0.5440963059663773,101,64
0.5547008663415909,102,64
0.5588579177856445,103,64
0.5625439807772636,104,64
0.5631799250841141,105,64
0.5591159649193287,106,64
0.5552163012325764,107,64
0.5578698292374611,108,64
0.5645748823881149,109,64
0.5691130459308624,110,64
0.5720047056674957,111,64
0.5742698386311531,112,64
0.5742054805159569,113,64
0.5719198137521744,114,64
0.5700516328215599,115,64
0.5669909939169884,116,64
0.5641684308648109,117,64
0.5672980844974518,118,64
0.5694040060043335,119,64
0.584130197763443,120,64
0.5863761380314827,121,64
0.5847266912460327,122,64
0.5837678611278534,123,64
0.5874588713049889,124,64
0.59453184902668,125,64
0.5979032516479492,126,64
0.5917250290513039,127,64
0.5940611809492111,128,64
0.5835023149847984,129,64
0.5720390155911446,130,64
0.5633382573723793,131,64
0.5522318445146084,132,64
0.5427303723990917,133,64
0.5336953848600388,134,64
0.519777936860919,135,64
0.5014046088326722,136,64
0.47954551689326763,137,64
0.4577731639146805,138,64
0.4320363402366638,139,64
0.41386115550994873,140,64
0.4013160616159439,141,64
0.3999968618154526,142,64
0.4039045125246048,143,64
0.40421850234270096,144,64
0.40533845126628876,145,64
0.40055881440639496,146,64
0.39389343559741974,147,64
0.3929685950279236,148,64
0.3935869187116623,149,64
0.4171394407749176,0,65
0.41815420985221863,1,65
0.42047424614429474,2,65
0.4211221933364868,3,65
0.4227077141404152,4,65
0.42542342096567154,5,65
0.41806625574827194,6,65
0.41090819239616394,7,65
0.4091320186853409,8,65
0.40954455733299255,9,65
0.4086340367794037,10,65
0.4137806296348572,11,65
0.42283016443252563,12,65
0.4331364259123802,13,65
0.4518665671348572,14,65
0.47157089971005917,15,65
0.4775709342211485,16,65
0.48245994560420513,17,65
0.48827887885272503,18,65
0.4978372815530747,19,65
0.5110787265002728,20,65
0.5223985407501459,21,65
0.5290516372770071,22,65
0.5329681411385536,23,65
0.5333473682403564,24,65
0.5406762473285198,25,65
0.5403056554496288,26,65
0.5387264750897884,27,65
0.5444714576005936,28,65
0.5536127239465714,29,65
0.5617592930793762,30,65
0.5694518685340881,31,65
0.5663167461752892,32,65
0.5636639967560768,33,65
0.5583564601838589,34,65
0.5499160662293434,35,65
0.5416036769747734,36,65
0.5326123274862766,37,65
0.5158190429210663,38,65
0.49871253489982337,39,65
0.4821123965084553,40,65
0.46957189962267876,41,65
0.4571006968617439,42,65
0.4464702345430851,43,65
0.43411487340927124,44,65
0.4274096414446831,45,65
0.41888992488384247,46,65
0.418711818754673,47,65
0.4172094389796257,48,65
0.4072968512773514,49,65
0.40584882348775864,50,65
0.4071704000234604,51,65
0.40650366246700287,52,65
0.408340185880661,53,65
0.40833257883787155,54,65
0.397842101752758,55,65
0.384784571826458,56,65
0.3736136704683304,57,65
0.36656881868839264,58,65
0.3630080819129944,59,65
0.3726885914802551,60,65
0.38309259712696075,61,65
0.4079393893480301,62,65
0.4183887764811516,63,65
0.4306623414158821,64,65
0.44673191010951996,65,65
0.44396645203232765,66,65
0.44007521122694016,67,65
0.44115273281931877,68,65
0.44618671014904976,69,65
0.4388587325811386,70,65
0.4435351565480232,71,65
0.4396461434662342,72,65
0.44432010129094124,73,65
0.445059597492218,74,65
0.44565484672784805,75,65
0.44381243363022804,76,65
0.44119130074977875,77,65
0.44190968200564384,78,65
0.4474232569336891,79,65
0.4480888843536377,80,65
0.4547155052423477,81,65
0.4586790055036545,82,65
0.46542998775839806,83,65
0.47931682877242565,84,65
0.4853778099641204,85,65
0.49738628952763975,86,65
0.5074204686097801,87,65
0.5122312139719725,88,65
0.5094918170943856,89,65
0.5080949049443007,90,65
0.5153501583263278,91,65
0.5064620212651789,92,65
0.5024979903828353,93,65
0.5060822856612504,94,65
0.5090984301641583,95,65
0.5132699785754085,96,65
0.521234005689621,97,65
0.5278544276952744,98,65
0.537939976900816,99,65
0.5472171567380428,100,65
0.5568728558719158,101,65
0.5659723803400993,102,65
0.5668222978711128,103,65
0.5648749619722366,104,65
0.5632602050900459,105,65
0.5605831108987331,106,65
0.5593073293566704,107,65
0.5631854310631752,108,65
0.5704009234905243,109,65
0.5718493312597275,110,65
0.5746220201253891,111,65
0.5796670615673065,112,65
0.5745555311441422,113,65
0.5700481161475182,114,65
0.574532575905323,115,65
0.5729505717754364,116,65
0.5722911655902863,117,65
0.5744592398405075,118,65
0.576829805970192,119,65
0.5816535800695419,120,65
0.5910830423235893,121,65
0.589190699160099,122,65
0.5904099643230438,123,65
0.5950319170951843,124,65
0.597191832959652,125,65
0.5977172702550888,126,65
0.5942488014698029,127,65
0.5936894714832306,128,65
0.5785367265343666,129,65
0.5746828764677048,130,65
0.5688350573182106,131,65
0.5540696643292904,132,65
0.5444574281573296,133,65
0.541327454149723,134,65
0.5227462910115719,135,65
0.5021327524445951,136,65
0.4849601974710822,137,65
0.4624331258237362,138,65
0.4315212070941925,139,65
0.41721274703741074,140,65
0.4079987481236458,141,65
0.4083121493458748,142,65
0.40669969469308853,143,65
0.4074486196041107,144,65
0.41276247054338455,145,65
0.406188927590847,146,65
0.398473359644413,147,65
0.39926715940237045,148,65
0.40023893117904663,149,65
0.4290236607193947,0,66
0.42962057143449783,1,66
0.4339398890733719,2,66
0.4386054202914238,3,66
0.4369172006845474,4,66
0.43131791800260544,5,66
0.42365820705890656,6,66
0.4219002202153206,7,66
0.42101652175188065,8,66
0.418014295399189,9,66
0.4185362756252289,10,66
0.41825901716947556,11,66
0.42543820291757584,12,66
0.44031262770295143,13,66
0.45677707344293594,14,66
0.46849384903907776,15,66
0.4733252078294754,16,66
0.4792777355760336,17,66
0.4888895284384489,18,66
0.4981917504919693,19,66
0.5133042735978961,20,66
0.525110999122262,21,66
0.5227448791265488,22,66
0.5340531282126904,23,66
0.5392261408269405,24,66
0.5412621684372425,25,66
0.5378255844116211,26,66
0.5455312095582485,27,66
0.5519608408212662,28,66
0.5541642270982265,29,66
0.5645543932914734,30,66
0.5695018619298935,31,66
0.5715999752283096,32,66
0.5650331899523735,33,66
0.5625608265399933,34,66
0.5484775044023991,35,66
0.5432170554995537,36,66
0.5341501794755459,37,66
0.516181817278266,38,66
0.5012265596305951,39,66
0.48510636389255524,40,66
0.47520033828914165,41,66
0.4606417939066887,42,66
0.4508630372583866,43,66
0.43746937066316605,44,66
0.43022000044584274,45,66
0.42316626012325287,46,66
0.4251568391919136,47,66
0.42233891785144806,48,66
0.41468336433172226,49,66
0.41258417814970016,50,66
0.4091082215309143,51,66
0.4084834158420563,52,66
0.40945975482463837,53,66
0.40618985146284103,54,66
0.396835058927536,55,66
0.3800092339515686,56,66
0.3705289214849472,57,66
0.3684558719396591,58,66
0.37165048718452454,59,66
0.38060539215803146,60,66
0.3995431736111641,61,66
0.4120234474539757,62,66
0.41999130696058273,63,66
0.4264595955610275,64,66
0.4369868040084839,65,66
0.4300972744822502,66,66
0.430039681494236,67,66
0.4343620240688324,68,66
0.44073715806007385,69,66
0.4359138533473015,70,66
0.4393893778324127,71,66
0.44083063676953316,72,66
0.44418274238705635,73,66
0.44676699861884117,74,66
0.4463585093617439,75,66
0.44693640246987343,76,66
0.44299721345305443,77,66
0.449588168412447,78,66
0.451630849391222,79,66
0.4522518254816532,80,66
0.4549402892589569,81,66
0.46381570026278496,82,66
0.4717089645564556,83,66
0.48415520042181015,84,66
0.49618343892507255,85,66
0.5030054161325097,86,66
0.5109831001609564,87,66
0.5120840156450868,88,66
0.5080623906105757,89,66
0.519366879016161,90,66
0.5179058946669102,91,66
0.5113249737769365,92,66
0.5099655445665121,93,66
0.5115483114495873,94,66
0.5154042486101389,95,66
0.5211330447345972,96,66
0.5285579171031713,97,66
0.5335290543735027,98,66
0.536299891769886,99,66
0.5470623075962067,100,66
0.5586101599037647,101,66
0.5675054118037224,102,66
0.5707598254084587,103,66
0.5697529092431068,104,66
0.5701026171445847,105,66
0.5669068917632103,106,66
0.567005068063736,107,66
0.5669984519481659,108,66
0.5700424835085869,109,66
0.5776002705097198,110,66
0.5844174474477768,111,66
0.5831983387470245,112,66
0.5753560662269592,113,66
0.5752227753400803,114,66
0.5768373310565948,115,66
0.5816283747553825,116,66
0.5813175663352013,117,66
0.5819194987416267,118,66
0.5812216103076935,119,66
0.5853670984506607,120,66
0.5933298543095589,121,66
0.5941781550645828,122,66
0.5949289053678513,123,66
0.6034028604626656,124,66
0.6046560704708099,125,66
0.6027399301528931,126,66
0.5945408940315247,127,66
0.588586151599884,128,66
0.5816961377859116,129,66
0.5784448757767677,130,66
0.5734997689723969,131,66
0.5631066113710403,132,66
0.555043663829565,133,66
0.5418716743588448,134,66
0.5223335269838572,135,66
0.5022595964837819,136,66
0.4913381915539503,137,66
0.4762218911200762,138,66
0.4472462050616741,139,66
0.4321766570210457,140,66
0.42766711860895157,141,66
0.4256637394428253,142,66
0.418559268116951,143,66
0.41780419647693634,144,66
0.42049019783735275,145,66
0.4169687479734421,146,66
0.41153256595134735,147,66
0.41179873794317245,148,66
0.41355713456869125,149,66
0.43925266340374947,0,67
0.4352727085351944,1,67
0.4354928880929947,2,67
0.44446614012122154,3,67
0.4428376704454422,4,67
0.44128113240003586,5,67
0.437314011156559,6,67
0.43320174515247345,7,67
0.43071120232343674,8,67
0.4330955445766449,9,67
0.43025238811969757,10,67
0.4299952760338783,11,67
0.43924568593502045,12,67
0.45306627079844475,13,67
0.4628642573952675,14,67
0.4672849737107754,15,67
0.4711993206292391,16,67
0.4731018617749214,17,67
0.4867424750700593,18,67
0.49732335191220045,19,67
0.5057257651351392,20,67
0.5172246545553207,21,67
0.5279187522828579,22,67
0.5295398980379105,23,67
0.5318712964653969,24,67
0.5357893034815788,25,67
0.5395974926650524,26,67
0.5506515763700008,27,67
0.5529766455292702,28,67
0.555244505405426,29,67
0.5654225870966911,30,67
0.5657156184315681,31,67
0.5698182955384254,32,67
0.566720075905323,33,67
0.5586022697389126,34,67
0.5501114241778851,35,67
0.5432510711252689,36,67
0.5390148460865021,37,67
0.526001550257206,38,67
0.510310978628695,39,67
0.4940875209867954,40,67
0.4786394778639078,41,67
0.4660944752395153,42,67
0.4566728062927723,43,67
0.4464673064649105,44,67
0.43880847096443176,45,67
0.43386224657297134,46,67
0.42965737730264664,47,67
0.424444280564785,48,67
0.4183794781565666,49,67
0.41166409105062485,50,67
0.4073486477136612,51,67
0.40568753331899643,52,67
0.40399961173534393,53,67
0.4044405072927475,54,67
0.3908490240573883,55,67
0.37407831847667694,56,67
0.36647702753543854,57,67
0.3712165504693985,58,67
0.38049232214689255,59,67
0.38700833171606064,60,67
0.4059157446026802,61,67
0.40603408962488174,62,67
0.410389207303524,63,67
0.418343648314476,64,67
0.42229103296995163,65,67
0.42331336438655853,66,67
0.42341917753219604,67,67
0.42411115765571594,68,67
0.43494608998298645,69,67
0.4337499290704727,70,67
0.43942634388804436,71,67
0.44460198655724525,72,67
0.44659828022122383,73,67
0.4492410644888878,74,67
0.4517626725137234,75,67
0.44818080589175224,76,67
0.4440886080265045,77,67
0.4468648172914982,78,67
0.44817589968442917,79,67
0.4486456885933876,80,67
0.45636139437556267,81,67
0.46550101786851883,82,67
0.47873604483902454,83,67
0.4897588510066271,84,67
0.49797763023525476,85,67
0.5037045187782496,86,67
0.5111137256026268,87,67
0.5172731205821037,88,67
0.5141486590728164,89,67
0.515926780179143,90,67
0.5165995974093676,91,67
0.5121226413175464,92,67
0.5092892050743103,93,67
0.5096335476264358,94,67
0.5112979942932725,95,67
0.5192002039402723,96,67
0.5265985075384378,97,67
0.5311663765460253,98,67
0.5361189357936382,99,67
0.5469808764755726,100,67
0.5560930855572224,101,67
0.5659448951482773,102,67
0.572845846414566,103,67
0.575393058359623,104,67
0.5803151801228523,105,67
0.574689693748951,106,67
0.5730144158005714,107,67
0.570755697786808,108,67
0.5774742364883423,109,67
0.582842692732811,110,67
0.5911121740937233,111,67
0.5882197320461273,112,67
0.5825252011418343,113,67
0.5786137282848358,114,67
0.5831038057804108,115,67
0.5883203148841858,116,67
0.5899511948227882,117,67
0.5944876223802567,118,67
0.599004790186882,119,67
0.5983159467577934,120,67
0.6022856086492538,121,67
0.6023492589592934,122,67
0.6058423966169357,123,67
0.6117817088961601,124,67
0.610783539712429,125,67
0.6114229261875153,126,67
0.597026489675045,127,67
0.5893887206912041,128,67
0.5825870111584663,129,67
0.5776419639587402,130,67
0.5681252405047417,131,67
0.56497623026371,132,67
0.5546267963945866,133,67
0.5438043959438801,134,67
0.529722461476922,135,67
0.5153246968984604,136,67
0.5028476025909185,137,67
0.49078444112092257,138,67
0.4661973789334297,139,67
0.4490239657461643,140,67
0.4402157813310623,141,67
0.4356098026037216,142,67
0.42864736169576645,143,67
0.42745209485292435,144,67
0.42773740738630295,145,67
0.42580922693014145,146,67
0.4265919104218483,147,67
0.42858050018548965,148,67
0.42941394448280334,149,67
0.444868516176939,0,68
0.44669394940137863,1,68
0.44729845225811005,2,68
0.4444293789565563,3,68
0.45043836161494255,4,68
0.45130056887865067,5,68
0.4457636661827564,6,68
0.4415593519806862,7,68
0.4386212043464184,8,68
0.44068896025419235,9,68
0.4370950236916542,10,68
0.4428265877068043,11,68
0.4574528634548187,12,68
0.46663402393460274,13,68
0.47123697213828564,14,68
0.47338837943971157,15,68
0.4759294129908085,16,68
0.48157328739762306,17,68
0.48891477659344673,18,68
0.49784410814754665,19,68
0.5063117076642811,20,68
0.5083958562463522,21,68
0.5133514171466231,22,68
0.5220534428954124,23,68
0.5217200387269258,24,68
0.5300611518323421,25,68
0.5434148795902729,26,68
0.550745602697134,27,68
0.5594727993011475,28,68
0.5635752156376839,29,68
0.5606617145240307,30,68
0.5655065700411797,31,68
0.5765342861413956,32,68
0.5718579590320587,33,68
0.5578394681215286,34,68
0.547037199139595,35,68
0.5413285568356514,36,68
0.5378036946058273,37,68
0.5303712505847216,38,68
0.520939365029335,39,68
0.5052293026819825,40,68
0.4867858188226819,41,68
0.4723998997360468,42,68
0.46519016847014427,43,68
0.4611680395901203,44,68
0.44543249532580376,45,68
0.4353426918387413,46,68
0.43158016353845596,47,68
0.4268761873245239,48,68
0.4178699925541878,49,68
0.41437334567308426,50,68
0.4045683816075325,51,68
0.3942682147026062,52,68
0.40700481832027435,53,68
0.4072188585996628,54,68
0.3867608308792114,55,68
0.3814265802502632,56,68
0.37524300813674927,57,68
0.37865742295980453,58,68
0.386897973716259,59,68
0.39067352563142776,60,68
0.4097954258322716,61,68
0.40100308507680893,62,68
0.40930764377117157,63,68
0.409962423145771,64,68
0.414259172976017,65,68
0.4199439659714699,66,68
0.4170733764767647,67,68
0.41772787272930145,68,68
0.42405659705400467,69,68
0.4336201101541519,70,68
0.44551466405391693,71,68
0.4467683508992195,72,68
0.44540030881762505,73,68
0.4457333832979202,74,68
0.44898850098252296,75,68
0.4544370360672474,76,68
0.4487391263246536,77,68
0.4496361166238785,78,68
0.44631677865982056,79,68
0.4577203765511513,80,68
0.46569687500596046,81,68
0.46949972957372665,82,68
0.4790517296642065,83,68
0.4928780244663358,84,68
0.5010309173958376,85,68
0.506876670755446,86,68
0.5165105480700731,87,68
0.5277630519121885,88,68
0.5197501704096794,89,68
0.5183082930743694,90,68
0.5144564593210816,91,68
0.5085395565256476,92,68
0.5080781672149897,93,68
0.5060375295579433,94,68
0.5075486367568374,95,68
0.512004460208118,96,68
0.5226328335702419,97,68
0.5287925731390715,98,68
0.5397991202771664,99,68
0.5539053939282894,100,68
0.5611432455480099,101,68
0.5706164315342903,102,68
0.573731854557991,103,68
0.5795636549592018,104,68
0.5818410068750381,105,68
0.5810328125953674,106,68
0.5784016773104668,107,68
0.576117031276226,108,68
0.5827249363064766,109,68
0.5877780169248581,110,68
0.597145102918148,111,68
0.5947192683815956,112,68
0.5926175117492676,113,68
0.5887906700372696,114,68
0.5952797308564186,115,68
0.5988623797893524,116,68
0.6098382323980331,117,68
0.612298384308815,118,68
0.6171618178486824,119,68
0.6143480911850929,120,68
0.6151100322604179,121,68
0.6115040704607964,122,68
0.6106254830956459,123,68
0.6121056154370308,124,68
0.6101162508130074,125,68
0.6050363406538963,126,68
0.5946041792631149,127,68
0.5853817760944366,128,68
0.5788012146949768,129,68
0.5740521177649498,130,68
0.5746301785111427,131,68
0.5728529393672943,132,68
0.5652413591742516,133,68
0.5545806363224983,134,68
0.5422405190765858,135,68
0.5319391526281834,136,68
0.518733311444521,137,68
0.49361345591023564,138,68
0.4757283441722393,139,68
0.46195467561483383,140,68
0.44967879354953766,141,68
0.44676224514842033,142,68
0.43801506236195564,143,68
0.4319581016898155,144,68
0.4329383224248886,145,68
0.4343247711658478,146,68
0.43778107315301895,147,68
0.440263032913208,148,68
0.4440874196588993,149,68
0.45131268724799156,0,69
0.4595838040113449,1,69
0.4619228467345238,2,69
0.455832052975893,3,69
0.45814934372901917,4,69
0.4579906798899174,5,69
0.45728451758623123,6,69
0.4529275856912136,7,69
0.4457033723592758,8,69
0.44313327595591545,9,69
0.4485328868031502,10,69
0.4500684142112732,11,69
0.4664185382425785,12,69
0.47528490237891674,13,69
0.48036589100956917,14,69
0.4829888101667166,15,69
0.4847836624830961,16,69
0.4904994387179613,17,69
0.4966115851420909,18,69
0.49763733241707087,19,69
0.5046602580696344,20,69
0.5067683118395507,21,69
0.5076725678518414,22,69
0.5124817518517375,23,69
0.5172673054039478,24,69
0.5307777319103479,25,69
0.5412581041455269,26,69
0.5567355416715145,27,69
0.5679843872785568,28,69
0.5672616809606552,29,69
0.5696888566017151,30,69
0.5748140960931778,31,69
0.5798060074448586,32,69
0.5668747127056122,33,69
0.5600831583142281,34,69
0.5488442368805408,35,69
0.5422229133546352,36,69
0.5353836379945278,37,69
0.5301423203200102,38,69
0.519706329330802,39,69
0.5073064044117928,40,69
0.4884361010044813,41,69
0.4788168501108885,42,69
0.47022812254726887,43,69
0.46289631724357605,44,69
0.45041392743587494,45,69
0.44011203572154045,46,69
0.4343828707933426,47,69
0.43068908154964447,48,69
0.4308485612273216,49,69
0.42329441756010056,50,69
0.40710505098104477,51,69
0.39802662283182144,52,69
0.4010233208537102,53,69
0.40749260783195496,54,69
0.399136058986187,55,69
0.3916643112897873,56,69
0.38615915924310684,57,69
0.3833339139819145,58,69
0.38455722481012344,59,69
0.38470927625894547,60,69
0.4059140235185623,61,69
0.407516784965992,62,69
0.410830594599247,63,69
0.40999606251716614,64,69
0.416220098733902,65,69
0.4168953150510788,66,69
0.4140346199274063,67,69
0.4149010628461838,68,69
0.41787515580654144,69,69
0.43389277160167694,70,69
0.4441835395991802,71,69
0.44153688848018646,72,69
0.4422563463449478,73,69
0.43625692278146744,74,69
0.44830599799752235,75,69
0.4478359930217266,76,69
0.4489385709166527,77,69
0.4509498216211796,78,69
0.446655310690403,79,69
0.45326074957847595,80,69
0.457327276468277,81,69
0.4661475345492363,82,69
0.4806217569857836,83,69
0.4933233233168721,84,69
0.5066416170448065,85,69
0.5139477699995041,86,69
0.5272647477686405,87,69
0.5281991492956877,88,69
0.5200296472758055,89,69
0.5147310672327876,90,69
0.5112805869430304,91,69
0.5080876490101218,92,69
0.5081761088222265,93,69
0.5052094855345786,94,69
0.5115764271467924,95,69
0.5150509448722005,96,69
0.5226980000734329,97,69
0.5332392305135727,98,69
0.5435237139463425,99,69
0.5564402677118778,100,69
0.5637811794877052,101,69
0.5744831338524818,102,69
0.5775759145617485,103,69
0.5839800983667374,104,69
0.5874143913388252,105,69
0.5889212563633919,106,69
0.5886688083410263,107,69
0.5872029662132263,108,69
0.5907263904809952,109,69
0.595158189535141,110,69
0.6025400832295418,111,69
0.6061394885182381,112,69
0.607356496155262,113,69
0.6034718602895737,114,69
0.6075442731380463,115,69
0.6197534129023552,116,69
0.6300885230302811,117,69
0.6321429014205933,118,69
0.6314594745635986,119,69
0.6230385527014732,120,69
0.6211269646883011,121,69
0.6169475018978119,122,69
0.6165108755230904,123,69
0.6152022406458855,124,69
0.608630821108818,125,69
0.6064372956752777,126,69
0.5932487770915031,127,69
0.5870621055364609,128,69
0.5837361365556717,129,69
0.5824685916304588,130,69
0.5787921622395515,131,69
0.5841067135334015,132,69
0.5789775773882866,133,69
0.5676259472966194,134,69
0.5589984320104122,135,69
0.5486352629959583,136,69
0.5273199025541544,137,69
0.5073291175067425,138,69
0.48736840672791004,139,69
0.4775333572179079,140,69
0.4659087210893631,141,69
0.45607588812708855,142,69
0.44470999017357826,143,69
0.4421084336936474,144,69
0.43847931548953056,145,69
0.44301754608750343,146,69
0.4496126361191273,147,69
0.45004168525338173,148,69
0.451930183917284,149,69
0.4580664560198784,0,70
0.46083827316761017,1,70
0.4650815539062023,2,70
0.4620470739901066,3,70
0.46463289111852646,4,70
0.45976483076810837,5,70
0.455941092222929,6,70
0.453847985714674,7,70
0.4595289081335068,8,70
0.4648163802921772,9,70
0.46741048619151115,10,70
0.46850280836224556,11,70
0.4745807610452175,12,70
0.48259951546788216,13,70
0.4905687151476741,14,70
0.49447175534442067,15,70
0.49760452774353325,16,70
0.5014838761417195,17,70
0.5048142606392503,18,70
0.5079768458381295,19,70
0.5106134852394462,20,70
0.5120976306498051,21,70
0.5105705074965954,22,70
0.5109763937070966,23,70
0.5187699403613806,24,70
0.5324011445045471,25,70
0.5420389138162136,26,70
0.5510548017919064,27,70
0.557677872478962,28,70
0.554285679012537,29,70
0.5536694191396236,30,70
0.5640465244650841,31,70
0.5674830228090286,32,70
0.5609984919428825,33,70
0.5568554140627384,34,70
0.5500279478728771,35,70
0.5421665795147419,36,70
0.5353195704519749,37,70
0.5291298441588879,38,70
0.516011368483305,39,70
0.5027652245480567,40,70
0.4884518785402179,41,70
0.4787170309573412,42,70
0.47048929519951344,43,70
0.4613873325288296,44,70
0.45182834938168526,45,70
0.4400973804295063,46,70
0.4337562620639801,47,70
0.4305415526032448,48,70
0.42706842720508575,49,70
0.41876259446144104,50,70
0.4010985791683197,51,70
0.3900540843605995,52,70
0.3927347734570503,53,70
0.3946797475218773,54,70
0.39732779562473297,55,70
0.3939311057329178,56,70
0.38752103596925735,57,70
0.3752104490995407,58,70
0.3806832358241081,59,70
0.38507920503616333,60,70
0.39410529285669327,61,70
0.3957075923681259,62,70
0.3960390016436577,63,70
0.40254879742860794,64,70
0.411098375916481,65,70
0.41575731337070465,66,70
0.4179846718907356,67,70
0.4192237928509712,68,70
0.42916567623615265,69,70
0.43579817563295364,70,70
0.4438948817551136,71,70
0.44927140325307846,72,70
0.4449147768318653,73,70
0.4395526051521301,74,70
0.4391097202897072,75,70
0.4417593516409397,76,70
0.4472741074860096,77,70
0.45428894087672234,78,70
0.4548049829900265,79,70
0.46008508279919624,80,70
0.46887690015137196,81,70
0.4762767590582371,82,70
0.49081721995025873,83,70
0.5028432793915272,84,70
0.5101301688700914,85,70
0.5185851827263832,86,70
0.528101833537221,87,70
0.5250795539468527,88,70
0.5148292779922485,89,70
0.511070191860199,90,70
0.5155339641496539,91,70
0.5176953785121441,92,70
0.514170023612678,93,70
0.5124060520902276,94,70
0.5145595101639628,95,70
0.5156050939112902,96,70
0.5242163185030222,97,70
0.53779561445117,98,70
0.5491566099226475,99,70
0.5636953264474869,100,70
0.5776111111044884,101,70
0.583246998488903,102,70
0.5858167484402657,103,70
0.5891912281513214,104,70
0.5893718004226685,105,70
0.5904892906546593,106,70
0.5902281329035759,107,70
0.587859071791172,108,70
0.6016956865787506,109,70
0.6093837022781372,110,70
0.6176472678780556,111,70
0.6206702440977097,112,70
0.6256521195173264,113,70
0.624261312186718,114,70
0.6230786815285683,115,70
0.6255574375391006,116,70
0.6323317885398865,117,70
0.6372326165437698,118,70
0.6378347128629684,119,70
0.6303528994321823,120,70
0.6266301274299622,121,70
0.6216842085123062,122,70
0.6151638254523277,123,70
0.6094413548707962,124,70
0.6041661277413368,125,70
0.5985046327114105,126,70
0.5881654694676399,127,70
0.5842661336064339,128,70
0.5816483870148659,129,70
0.5782133787870407,130,70
0.5739231631159782,131,70
0.5757021307945251,132,70
0.5779452994465828,133,70
0.572222389280796,134,70
0.5630802288651466,135,70
0.5522057749330997,136,70
0.5334729291498661,137,70
0.5116795999929309,138,70
0.4979264372959733,139,70
0.48691971600055695,140,70
0.47597785107791424,141,70
0.46191880851984024,142,70
0.45493732020258904,143,70
0.44520897045731544,144,70
0.44318563118577003,145,70
0.4462313801050186,146,70
0.44953446462750435,147,70
0.4529617242515087,148,70
0.4582345187664032,149,70
0.46582354232668877,0,71
0.468024093657732,1,71
0.4702356941998005,2,71
0.46828532963991165,3,71
0.4692500978708267,4,71
0.46650436148047447,5,71
0.4658577926456928,6,71
0.46705763787031174,7,71
0.47813382372260094,8,71
0.4861129065975547,9,71
0.48833135701715946,10,71
0.48858390003442764,11,71
0.4887361451983452,12,71
0.49173125345259905,13,71
0.49485574616119266,14,71
0.4986750981770456,15,71
0.5016891137929633,16,71
0.5036818950902671,17,71
0.5093596540391445,18,71
0.5126319592818618,19,71
0.5155415972694755,20,71
0.5182837527245283,21,71
0.512690513394773,22,71
0.5151321878656745,23,71
0.5173127371817827,24,71
0.5328316316008568,25,71
0.5424928590655327,26,71
0.5524190440773964,27,71
0.559032928198576,28,71
0.5600265078246593,29,71
0.5620100647211075,30,71
0.5665113180875778,31,71
0.5687916055321693,32,71
0.5623816102743149,33,71
0.5572759248316288,34,71
0.5538151264190674,35,71
0.5502197109162807,36,71
0.5420999713242054,37,71
0.5273126251995564,38,71
0.5185624044388533,39,71
0.5089554265141487,40,71
0.4959413055330515,41,71
0.4871570663526654,42,71
0.47810039669275284,43,71
0.4624209441244602,44,71
0.4534305967390537,45,71
0.4399416595697403,46,71
0.43598804622888565,47,71
0.4321734756231308,48,71
0.4269797131419182,49,71
0.4137835130095482,50,71
0.3998688757419586,51,71
0.38638100028038025,52,71
0.38686736673116684,53,71
0.3897317200899124,54,71
0.390897274017334,55,71
0.39448732137680054,56,71
0.3868974968791008,57,71
0.3796692192554474,58,71
0.3816501721739769,59,71
0.38239990919828415,60,71
0.38345101475715637,61,71
0.382626049220562,62,71
0.38742321729660034,63,71
0.39799629151821136,64,71
0.40717341005802155,65,71
0.4131099805235863,66,71
0.41385091841220856,67,71
0.4217626303434372,68,71
0.4311056435108185,69,71
0.43845605850219727,70,71
0.44858741387724876,71,71
0.4542667828500271,72,71
0.45177462697029114,73,71
0.4473418891429901,74,71
0.43950391560792923,75,71
0.43993689492344856,76,71
0.44695259258151054,77,71
0.4569295719265938,78,71
0.46175582334399223,79,71
0.4710084665566683,80,71
0.48227145709097385,81,71
0.48624548502266407,82,71
0.4967013574205339,83,71
0.5101498877629638,84,71
0.5122533459216356,85,71
0.5115386145189404,86,71
0.5226307418197393,87,71
0.5231089629232883,88,71
0.5155116394162178,89,71
0.5151671199128032,90,71
0.5166192799806595,91,71
0.5165542121976614,92,71
0.5102213965728879,93,71
0.5119489319622517,94,71
0.5119622750207782,95,71
0.5105932988226414,96,71
0.529420480132103,97,71
0.546825498342514,98,71
0.5609460547566414,99,71
0.574264258146286,100,71
0.5854209735989571,101,71
0.5921437218785286,102,71
0.5911446660757065,103,71
0.595229834318161,104,71
0.5990079268813133,105,71
0.5939441025257111,106,71
0.6000188365578651,107,71
0.6089861989021301,108,71
0.6142896935343742,109,71
0.6231333315372467,110,71
0.6297778487205505,111,71
0.633999690413475,112,71
0.6389705538749695,113,71
0.6358529329299927,114,71
0.6348579823970795,115,71
0.6375651210546494,116,71
0.639727458357811,117,71
0.6437116265296936,118,71
0.6451367884874344,119,71
0.6422031074762344,120,71
0.6393331438302994,121,71
0.6310309171676636,122,71
0.622061625123024,123,71
0.6096596792340279,124,71
0.599411241710186,125,71
0.5933485105633736,126,71
0.5887045860290527,127,71
0.5867050290107727,128,71
0.5749085545539856,129,71
0.5745817497372627,130,71
0.5722447782754898,131,71
0.5758455917239189,132,71
0.5808349624276161,133,71
0.5769234970211983,134,71
0.5698370561003685,135,71
0.5633041113615036,136,71
0.5440580360591412,137,71
0.5230032484978437,138,71
0.5115861110389233,139,71
0.4963659937493503,140,71
0.48765173833817244,141,71
0.4725670777261257,142,71
0.45795179158449173,143,71
0.45082319900393486,144,71
0.44651391357183456,145,71
0.45063574984669685,146,71
0.4498329944908619,147,71
0.44606564939022064,148,71
0.4536933973431587,149,71
0.4750587437301874,0,72
0.47685800306499004,1,72
0.47618149034678936,2,72
0.47722566314041615,3,72
0.4761027991771698,4,72
0.4753259588032961,5,72
0.4762838501483202,6,72
0.48340677469968796,7,72
0.49159962497651577,8,72
0.4956386610865593,9,72
0.5030393465422094,10,72
0.505156650673598,11,72
0.506805369630456,12,72
0.5069584148004651,13,72
0.5037092557176948,14,72
0.5015488783828914,15,72
0.5017906037392095,16,72
0.5047949478030205,17,72
0.5100829396396875,18,72
0.5171880349516869,19,72
0.5204765945672989,20,72
0.5166025143116713,21,72
0.5137048605829477,22,72
0.5165093261748552,23,72
0.5226843506097794,24,72
0.5344348289072514,25,72
0.5444865375757217,26,72
0.5534599237143993,27,72
0.5632328614592552,28,72
0.5666137263178825,29,72
0.5737867131829262,30,72
0.5728643164038658,31,72
0.569959431886673,32,72
0.5679514557123184,33,72
0.5619141273200512,34,72
0.5559022538363934,35,72
0.5477408617734909,36,72
0.5358436964452267,37,72
0.5253950394690037,38,72
0.5179400555789471,39,72
0.5126122878864408,40,72
0.503759469371289,41,72
0.4886074997484684,42,72
0.4715386629104614,43,72
0.4643200784921646,44,72
0.45845935866236687,45,72
0.4489171802997589,46,72
0.4415288008749485,47,72
0.43248365819454193,48,72
0.4266348332166672,49,72
0.40855081379413605,50,72
0.3979816883802414,51,72
0.3880475386977196,52,72
0.3930581659078598,53,72
0.39083182066679,54,72
0.38475801050662994,55,72
0.3875841200351715,56,72
0.3859688565135002,57,72
0.38429275900125504,58,72
0.37635398656129837,59,72
0.3778998628258705,60,72
0.37729598581790924,61,72
0.3729180097579956,62,72
0.3795584961771965,63,72
0.39289937913417816,64,72
0.4003671631217003,65,72
0.4108104929327965,66,72
0.42001964896917343,67,72
0.42558638751506805,68,72
0.4260307177901268,69,72
0.43530385196208954,70,72
0.44661953672766685,71,72
0.45070069283246994,72,72
0.4548173062503338,73,72
0.44946908205747604,74,72
0.439448818564415,75,72
0.4437566362321377,76,72
0.44787154346704483,77,72
0.45008957758545876,78,72
0.455584779381752,79,72
0.4725975729525089,80,72
0.4833819940686226,81,72
0.49160590022802353,82,72
0.5039032441563904,83,72
0.5077645508572459,84,72
0.5147569607943296,85,72
0.5165928695350885,86,72
0.5203484818339348,87,72
0.5209723897278309,88,72
0.5179308596998453,89,72
0.5151907559484243,90,72
0.5110418722033501,91,72
0.5086847310885787,92,72
0.5094144260510802,93,72
0.5072564948350191,94,72
0.5109417112544179,95,72
0.5180033389478922,96,72
0.5328253097832203,97,72
0.5553430020809174,98,72
0.5727662667632103,99,72
0.5877275988459587,100,72
0.5979206040501595,101,72
0.6066771745681763,102,72
0.6086531355977058,103,72
0.6096978858113289,104,72
0.6100978404283524,105,72
0.6095845550298691,106,72
0.6136032938957214,107,72
0.6218683123588562,108,72
0.6297358721494675,109,72
0.63660728931427,110,72
0.6478814780712128,111,72
0.651351660490036,112,72
0.6489636600017548,113,72
0.6414878815412521,114,72
0.6432752311229706,115,72
0.6455659568309784,116,72
0.6513868719339371,117,72
0.6586186438798904,118,72
0.6567057818174362,119,72
0.6516189575195312,120,72
0.645863801240921,121,72
0.6406165808439255,122,72
0.6260847300291061,123,72
0.6096932217478752,124,72
0.5944961830973625,125,72
0.5923619195818901,126,72
0.5855621546506882,127,72
0.5804447308182716,128,72
0.5766279920935631,129,72
0.5754106193780899,130,72
0.5735234394669533,131,72
0.5777372196316719,132,72
0.5809996277093887,133,72
0.5772018730640411,134,72
0.583993211388588,135,72
0.5807208642363548,136,72
0.5627566128969193,137,72
0.5424135364592075,138,72
0.5247072782367468,139,72
0.5078338431194425,140,72
0.4924267125315964,141,72
0.48172842524945736,142,72
0.4701294582337141,143,72
0.4631551541388035,144,72
0.45534537360072136,145,72
0.45354484394192696,146,72
0.4522085525095463,147,72
0.4505872391164303,148,72
0.4572438411414623,149,72
0.4803566448390484,0,73
0.4857734525576234,1,73
0.48719543404877186,2,73
0.48794142436236143,3,73
0.4873023284599185,4,73
0.4872578913345933,5,73
0.49017347674816847,6,73
0.49520943174138665,7,73
0.4992275304393843,8,73
0.5017281577456743,9,73
0.5142153650522232,10,73
0.5186095871031284,11,73
0.5188143271952868,12,73
0.5139096258208156,13,73
0.5079915849491954,14,73
0.5069687641225755,15,73
0.5080295288935304,16,73
0.5088061094284058,17,73
0.5122855920344591,18,73
0.517866212874651,19,73
0.5209362842142582,20,73
0.5184606444090605,21,73
0.5183870475739241,22,73
0.516299668699503,23,73
0.5237173344939947,24,73
0.5354817174375057,25,73
0.547889020293951,26,73
0.5552778579294682,27,73
0.5637359470129013,28,73
0.5719257071614265,29,73
0.5770375654101372,30,73
0.5804172977805138,31,73
0.5736717060208321,32,73
0.5661101192235947,33,73
0.5618895888328552,34,73
0.5529054328799248,35,73
0.5440598055720329,36,73
0.534957978874445,37,73
0.522691773250699,38,73
0.5162395536899567,39,73
0.5087832286953926,40,73
0.499106137547642,41,73
0.48488191701471806,42,73
0.47455729357898235,43,73
0.4689797703176737,44,73
0.4642717204988003,45,73
0.45732709392905235,46,73
0.44945618882775307,47,73
0.43874700367450714,48,73
0.42253489792346954,49,73
0.41215015947818756,50,73
0.38982289284467697,51,73
0.38945574313402176,52,73
0.3946131616830826,53,73
0.3944145143032074,54,73
0.38682228326797485,55,73
0.38654613494873047,56,73
0.38497865945100784,57,73
0.3875468894839287,58,73
0.3821140229701996,59,73
0.3780731186270714,60,73
0.3725452125072479,61,73
0.37030231952667236,62,73
0.37860551476478577,63,73
0.38770584762096405,64,73
0.40032222867012024,65,73
0.4143363982439041,66,73
0.42322704941034317,67,73
0.42388372868299484,68,73
0.4275788813829422,69,73
0.4267234727740288,70,73
0.4353455454111099,71,73
0.44886496290564537,72,73
0.45397593453526497,73,73
0.44810032472014427,74,73
0.44323620572686195,75,73
0.44328705221414566,76,73
0.4437713511288166,77,73
0.4417572505772114,78,73
0.44999682158231735,79,73
0.460949644446373,80,73
0.47553229331970215,81,73
0.4871038366109133,82,73
0.49821294273715466,83,73
0.5079445913434029,84,73
0.5194884967058897,85,73
0.5210267938673496,86,73
0.5217231623828411,87,73
0.5181169435381889,88,73
0.517716670408845,89,73
0.5155696850270033,90,73
0.5081935683265328,91,73
0.5071968925185502,92,73
0.5131701473146677,93,73
0.5149047682061791,94,73
0.5251275692135096,95,73
0.5343352444469929,96,73
0.5417367108166218,97,73
0.5598306059837341,98,73
0.5895502492785454,99,73
0.605256974697113,100,73
0.6125596538186073,101,73
0.6157941669225693,102,73
0.6231773868203163,103,73
0.6228943914175034,104,73
0.6177839934825897,105,73
0.6180839911103249,106,73
0.622524581849575,107,73
0.6289433389902115,108,73
0.6374278664588928,109,73
0.6439728438854218,110,73
0.6593291759490967,111,73
0.6619165241718292,112,73
0.6584133952856064,113,73
0.6556872427463531,114,73
0.6503726094961166,115,73
0.6505700796842575,116,73
0.6549607515335083,117,73
0.6660137921571732,118,73
0.6617418974637985,119,73
0.656393751502037,120,73
0.6507214605808258,121,73
0.6429542601108551,122,73
0.6288056820631027,123,73
0.6108356192708015,124,73
0.597545437514782,125,73
0.5908729359507561,126,73
0.5815535485744476,127,73
0.5740617737174034,128,73
0.5724131241440773,129,73
0.572700135409832,130,73
0.5728987157344818,131,73
0.5734640285372734,132,73
0.581444539129734,133,73
0.5845848321914673,134,73
0.5873484089970589,135,73
0.5834620669484138,136,73
0.5633727386593819,137,73
0.547521535307169,138,73
0.5304841231554747,139,73
0.5217617768794298,140,73
0.5103003419935703,141,73
0.4937246097251773,142,73
0.4813208356499672,143,73
0.4720028527081013,144,73
0.4622718542814255,145,73
0.4529550224542618,146,73
0.45219074934720993,147,73
0.4563601352274418,148,73
0.4632730409502983,149,73
0.49219844909384847,0,74
0.503511453513056,1,74
0.5014186953194439,2,74
0.4993045515730046,3,74
0.4964191422332078,4,74
0.49710224010050297,5,74
0.5036480550188571,6,74
0.5058755157515407,7,74
0.5038337395526469,8,74
0.5033207430969924,9,74
0.5091909999027848,10,74
0.5134185524657369,11,74
0.5181491710245609,12,74
0.5146150141954422,13,74
0.5086225951090455,14,74
0.5097887059673667,15,74
0.5098234601318836,16,74
0.5129826720803976,17,74
0.5184863600879908,18,74
0.5182550344616175,19,74
0.5189175698906183,20,74
0.5230777096003294,21,74
0.525854891166091,22,74
0.5285082682967186,23,74
0.5327918119728565,24,74
0.5424586571753025,25,74
0.5492663644254208,26,74
0.5590778291225433,27,74
0.5691303759813309,28,74
0.5784868896007538,29,74
0.5839405581355095,30,74
0.5855987668037415,31,74
0.5786506161093712,32,74
0.5615384839475155,33,74
0.5559540577232838,34,74
0.552109781652689,35,74
0.5372969582676888,36,74
0.5212076716125011,37,74
0.5165298748761415,38,74
0.510650796815753,39,74
0.501372319413349,40,74
0.4903916511684656,41,74
0.4818590749055147,42,74
0.4700414687395096,43,74
0.46839286759495735,44,74
0.46574481949210167,45,74
0.46199654415249825,46,74
0.4584789276123047,47,74
0.4424707815051079,48,74
0.42142730951309204,49,74
0.40222444385290146,50,74
0.3957235589623451,51,74
0.3875343054533005,52,74
0.38601844757795334,53,74
0.39434150606393814,54,74
0.38922372460365295,55,74
0.38728003203868866,56,74
0.3862098753452301,57,74
0.3897109404206276,58,74
0.3834562376141548,59,74
0.37652982771396637,60,74
0.36996251344680786,61,74
0.36491285264492035,62,74
0.3726598769426346,63,74
0.38621218502521515,64,74
0.4054544121026993,65,74
0.41861604899168015,66,74
0.4251147583127022,67,74
0.42126496881246567,68,74
0.42248938232660294,69,74
0.41441376507282257,70,74
0.43125901371240616,71,74
0.4474801942706108,72,74
0.44223373383283615,73,74
0.446067750453949,74,74
0.44412971660494804,75,74
0.43732065707445145,76,74
0.4413432888686657,77,74
0.4408976808190346,78,74
0.45289646834135056,79,74
0.4596213214099407,80,74
0.47023405507206917,81,74
0.4815834406763315,82,74
0.5031566850375384,83,74
0.5082834558561444,84,74
0.5164694860577583,85,74
0.5210110377520323,86,74
0.5198585148900747,87,74
0.5142888613045216,88,74
0.5213839877396822,89,74
0.5168156232684851,90,74
0.511956405825913,91,74
0.5124713741242886,92,74
0.5197167862206697,93,74
0.527748404070735,94,74
0.5392602235078812,95,74
0.5396359376609325,96,74
0.5471523217856884,97,74
0.5645599141716957,98,74
0.5934894531965256,99,74
0.6133155003190041,100,74
0.623696081340313,101,74
0.6261043101549149,102,74
0.6257147789001465,103,74
0.6252021044492722,104,74
0.6177251115441322,105,74
0.6246321797370911,106,74
0.6277844607830048,107,74
0.6320493966341019,108,74
0.6407771706581116,109,74
0.6442906111478806,110,74
0.6571889221668243,111,74
0.6593881100416183,112,74
0.6625481247901917,113,74
0.6575489491224289,114,74
0.648143082857132,115,74
0.6472276896238327,116,74
0.6519573628902435,117,74
0.6593935191631317,118,74
0.6596406996250153,119,74
0.6568133980035782,120,74
0.6535691767930984,121,74
0.643295168876648,122,74
0.6306768357753754,123,74
0.6152364537119865,124,74
0.6030441895127296,125,74
0.5914354026317596,126,74
0.5777174308896065,127,74
0.5661798268556595,128,74
0.5669182389974594,129,74
0.5672842636704445,130,74
0.5660361126065254,131,74
0.5654002279043198,132,74
0.5770846083760262,133,74
0.5885536596179008,134,74
0.5862501636147499,135,74
0.5731941312551498,136,74
0.5709703341126442,137,74
0.5561436600983143,138,74
0.5384802669286728,139,74
0.5296127181500196,140,74
0.5210351310670376,141,74
0.5083608897402883,142,74
0.49284208519384265,143,74
0.47742154262959957,144,74
0.46916755475103855,145,74
0.4616195149719715,146,74
0.46262389048933983,147,74
0.46880338713526726,148,74
0.4713803809136152,149,74
0.5064837038516998,0,75
0.5180833004415035,1,75
0.5188850201666355,2,75
0.507922787219286,3,75
0.5032874762546271,4,75
0.503060849616304,5,75
0.5042218500748277,6,75
0.5056022023782134,7,75
0.5066938134841621,8,75
0.5022826923523098,9,75
0.5028352304361761,10,75
0.507047388702631,11,75
0.5115125719457865,12,75
0.5111785912886262,13,75
0.5107207158580422,14,75
0.5119489319622517,15,75
0.5147766778245568,16,75
0.5185519084334373,17,75
0.520427294075489,18,75
0.5184865035116673,19,75
0.5244959052652121,20,75
0.5245472826063633,21,75
0.5361075326800346,22,75
0.5456543304026127,23,75
0.549158614128828,24,75
0.5573140531778336,25,75
0.5566123574972153,26,75
0.5646400824189186,27,75
0.5752473473548889,28,75
0.5835411697626114,29,75
0.5879373922944069,30,75
0.5856867209076881,31,75
0.5763173475861549,32,75
0.55962273478508,33,75
0.5559704564511776,34,75
0.5432672165334225,35,75
0.5303622279316187,36,75
0.5172053575515747,37,75
0.5041150632314384,38,75
0.5045746779069304,39,75
0.49703028821386397,40,75
0.4845204185694456,41,75
0.4743282366544008,42,75
0.46670063212513924,43,75
0.4632483571767807,44,75
0.46182799339294434,45,75
0.45528506860136986,46,75
0.4618334136903286,47,75
0.4518997482955456,48,75
0.4278453066945076,49,75
0.41161639988422394,50,75
0.3959241732954979,51,75
0.3906562626361847,52,75
0.38775037229061127,53,75
0.39539459347724915,54,75
0.3941526263952255,55,75
0.3868125081062317,56,75
0.38679511845111847,57,75
0.39221035689115524,58,75
0.38586869090795517,59,75
0.3791777640581131,60,75
0.37340404093265533,61,75
0.36832471191883087,62,75
0.3781660348176956,63,75
0.39515653252601624,64,75
0.41061705350875854,65,75
0.4195353835821152,66,75
0.42849697917699814,67,75
0.4258081316947937,68,75
0.42901378870010376,69,75
0.418615460395813,70,75
0.42864296585321426,71,75
0.4411201849579811,72,75
0.43887750059366226,73,75
0.4416836053133011,74,75
0.4423001781105995,75,75
0.443946473300457,76,75
0.44531039521098137,77,75
0.4443398602306843,78,75
0.45537254586815834,79,75
0.4653066173195839,80,75
0.47438414953649044,81,75
0.4793843161314726,82,75
0.5001430904085282,83,75
0.5068761613219976,84,75
0.5113150058314204,85,75
0.5129140764474869,86,75
0.5145209841430187,87,75
0.5175803992897272,88,75
0.5206276066601276,89,75
0.5203420240432024,90,75
0.5109780579805374,91,75
0.5197202824056149,92,75
0.528217501938343,93,75
0.5379714593291283,94,75
0.5481950379908085,95,75
0.5520251020789146,96,75
0.5588787458837032,97,75
0.5823646932840347,98,75
0.5986005738377571,99,75
0.615008533000946,100,75
0.6311774849891663,101,75
0.638071596622467,102,75
0.6330457180738449,103,75
0.629838764667511,104,75
0.6257095634937286,105,75
0.6273739039897919,106,75
0.6335183531045914,107,75
0.6438367664813995,108,75
0.648123174905777,109,75
0.6419089883565903,110,75
0.6519655734300613,111,75
0.6551721394062042,112,75
0.6547317057847977,113,75
0.6509107500314713,114,75
0.6436364352703094,115,75
0.6437870115041733,116,75
0.6463926434516907,117,75
0.6510516256093979,118,75
0.6534969210624695,119,75
0.6550935059785843,120,75
0.652443066239357,121,75
0.6467319875955582,122,75
0.6364581733942032,123,75
0.6234721541404724,124,75
0.6086486652493477,125,75
0.594729982316494,126,75
0.5776929631829262,127,75
0.5656945556402206,128,75
0.5644754022359848,129,75
0.5616779327392578,130,75
0.5649553313851357,131,75
0.5696094706654549,132,75
0.5761434808373451,133,75
0.5836201086640358,134,75
0.5727833062410355,135,75
0.5669894739985466,136,75
0.5678478330373764,137,75
0.5564757771790028,138,75
0.5417396686971188,139,75
0.5332296341657639,140,75
0.5232364851981401,141,75
0.5133930379524827,142,75
0.5070954132825136,143,75
0.4972568219527602,144,75
0.4886795589700341,145,75
0.4815527852624655,146,75
0.48415227606892586,147,75
0.48289419524371624,148,75
0.47800576873123646,149,75
0.5318247154355049,0,76
0.5285051837563515,1,76
0.5271740220487118,2,76
0.5171501487493515,3,76
0.5080931903794408,4,76
0.5065668132156134,5,76
0.5050650853663683,6,76
0.5059433709830046,7,76
0.5059226276353002,8,76
0.5034968119580299,9,76
0.5025295754894614,10,76
0.5039301849901676,11,76
0.5046426672488451,12,76
0.5067694764584303,13,76
0.5118987476453185,14,76
0.5150435557588935,15,76
0.5192263051867485,16,76
0.5272283423691988,17,76
0.5267059579491615,18,76
0.5232418235391378,19,76
0.5248764473944902,20,76
0.5309587679803371,21,76
0.5491124913096428,22,76
0.560718011111021,23,76
0.5687955841422081,24,76
0.5738139599561691,25,76
0.5714615806937218,26,76
0.5774220004677773,27,76
0.5832080990076065,28,76
0.5881649181246758,29,76
0.5895412191748619,30,76
0.5845168605446815,31,76
0.5702592059969902,32,76
0.5542447417974472,33,76
0.5414052419364452,34,76
0.5290288105607033,35,76
0.5154917882755399,36,76
0.5056023541837931,37,76
0.4919950636103749,38,76
0.48526771925389767,39,76
0.4802003689110279,40,76
0.47193227149546146,41,76
0.46470286324620247,42,76
0.4598485827445984,43,76
0.4573170132935047,44,76
0.4575307294726372,45,76
0.45466039702296257,46,76
0.4532923959195614,47,76
0.435313917696476,48,76
0.42787638306617737,49,76
0.4111776351928711,50,76
0.3970348984003067,51,76
0.3891564756631851,52,76
0.3875911384820938,53,76
0.39305562525987625,54,76
0.3945922181010246,55,76
0.39182864129543304,56,76
0.3928843140602112,57,76
0.3944462016224861,58,76
0.3938562348484993,59,76
0.38852687180042267,60,76
0.3839005157351494,61,76
0.38504790514707565,62,76
0.3938240334391594,63,76
0.40658392012119293,64,76
0.41075895726680756,65,76
0.42244482785463333,66,76
0.4290872737765312,67,76
0.4329695999622345,68,76
0.4307837709784508,69,76
0.4181468039751053,70,76
0.4231170192360878,71,76
0.4363161697983742,72,76
0.4390944838523865,73,76
0.44597137719392776,74,76
0.44932207837700844,75,76
0.4512631744146347,76,76
0.45713333785533905,77,76
0.45803796127438545,78,76
0.4628223292529583,79,76
0.47234985046088696,80,76
0.47814569249749184,81,76
0.48095530830323696,82,76
0.49464642629027367,83,76
0.5014168698107824,84,76
0.5030872239731252,85,76
0.5091986795887351,86,76
0.515467501245439,87,76
0.516318567097187,88,76
0.5175887085497379,89,76
0.5137302689254284,90,76
0.5117554869502783,91,76
0.5246445965021849,92,76
0.5409301593899727,93,76
0.5480168536305428,94,76
0.5537671819329262,95,76
0.5645562261343002,96,76
0.5725180879235268,97,76
0.5933563783764839,98,76
0.6053494289517403,99,76
0.6200298741459846,100,76
0.6334295719861984,101,76
0.6394744962453842,102,76
0.6336599737405777,103,76
0.6311189383268356,104,76
0.6354028433561325,105,76
0.6386603266000748,106,76
0.6387338191270828,107,76
0.6456579864025116,108,76
0.6470204293727875,109,76
0.6429738104343414,110,76
0.6474359333515167,111,76
0.6446482837200165,112,76
0.6455714702606201,113,76
0.6472563296556473,114,76
0.6440571397542953,115,76
0.640796959400177,116,76
0.637960821390152,117,76
0.645146906375885,118,76
0.6492704153060913,119,76
0.6565576046705246,120,76
0.6515191197395325,121,76
0.6472533941268921,122,76
0.6376660317182541,123,76
0.6249067038297653,124,76
0.6128106713294983,125,76
0.5992794558405876,126,76
0.5727044939994812,127,76
0.5733216851949692,128,76
0.5689714998006821,129,76
0.565314307808876,130,76
0.5679524317383766,131,76
0.5753132030367851,132,76
0.5780059024691582,133,76
0.577399343252182,134,76
0.5698555186390877,135,76
0.5624578967690468,136,76
0.5591627061367035,137,76
0.5550132915377617,138,76
0.5447566658258438,139,76
0.5373543165624142,140,76
0.531573336571455,141,76
0.5254352558404207,142,76
0.517179986461997,143,76
0.5127529306337237,144,76
0.5066676591522992,145,76
0.5003333589702379,146,76
0.49422826478257775,147,76
0.4912919783964753,148,76
0.4854946117848158,149,76
0.5307749100029469,0,77
0.5364896506071091,1,77
0.5367035232484341,2,77
0.5318469889461994,3,77
0.5248143058270216,4,77
0.5154157364740968,5,77
0.5132170477882028,6,77
0.5079281758517027,7,77
0.5092803034931421,8,77
0.5090346671640873,9,77
0.5028511709533632,10,77
0.5054292590357363,11,77
0.5053343554027379,12,77
0.5123679498210549,13,77
0.5182339623570442,14,77
0.5206077732145786,15,77
0.5234133470803499,16,77
0.5325022675096989,17,77
0.53521678596735,18,77
0.5341603457927704,19,77
0.5402101092040539,20,77
0.5452077426016331,21,77
0.5545494183897972,22,77
0.5667798295617104,23,77
0.5778208523988724,24,77
0.5792470872402191,25,77
0.5812046900391579,26,77
0.586694523692131,27,77
0.5925318449735641,28,77
0.5948546826839447,29,77
0.590605840086937,30,77
0.5831594318151474,31,77
0.5686803236603737,32,77
0.5466528683900833,33,77
0.5315672047436237,34,77
0.5177994575351477,35,77
0.49744217772968113,36,77
0.48502135183662176,37,77
0.4757838696241379,38,77
0.4632652811706066,39,77
0.4653903879225254,40,77
0.46099014207720757,41,77
0.4544719122350216,42,77
0.4463895745575428,43,77
0.4470497742295265,44,77
0.45002637058496475,45,77
0.4521089121699333,46,77
0.44068993628025055,47,77
0.4249580577015877,48,77
0.41868169605731964,49,77
0.4091489613056183,50,77
0.39991308748722076,51,77
0.38991669565439224,52,77
0.3875170052051544,53,77
0.39748290926218033,54,77
0.39829858392477036,55,77
0.3973769173026085,56,77
0.39785680174827576,57,77
0.39576657116413116,58,77
0.39951055496931076,59,77
0.4010382443666458,60,77
0.3954392522573471,61,77
0.4027783200144768,62,77
0.412356935441494,63,77
0.4177936390042305,64,77
0.42274465411901474,65,77
0.4311699643731117,66,77
0.4273621216416359,67,77
0.4297064170241356,68,77
0.4275595098733902,69,77
0.42066527903079987,70,77
0.431607648730278,71,77
0.44033412262797356,72,77
0.4500660300254822,73,77
0.45927127450704575,74,77
0.46285754442214966,75,77
0.4640403389930725,76,77
0.4687497243285179,77,77
0.47359664365649223,78,77
0.4738921280950308,79,77
0.4760578814893961,80,77
0.47896283492445946,81,77
0.48245234973728657,82,77
0.487599628046155,83,77
0.4944513882510364,84,77
0.5003629568091128,85,77
0.4987769726430997,86,77
0.4977296681609005,87,77
0.5077590770088136,88,77
0.5139690116047859,89,77
0.5091858115047216,90,77
0.5084995543584228,91,77
0.5248156581073999,92,77
0.5317472517490387,93,77
0.5475548319518566,94,77
0.5580645836889744,95,77
0.5703474283218384,96,77
0.5885096490383148,97,77
0.5994754061102867,98,77
0.6061122268438339,99,77
0.6168290302157402,100,77
0.62812839448452,101,77
0.6352372616529465,102,77
0.6331900954246521,103,77
0.6294331252574921,104,77
0.6352302730083466,105,77
0.6436080485582352,106,77
0.6447866261005402,107,77
0.6457224786281586,108,77
0.6487207114696503,109,77
0.6474505066871643,110,77
0.64629165828228,111,77
0.6401247084140778,112,77
0.6394764184951782,113,77
0.6421273499727249,114,77
0.6410006582736969,115,77
0.6418269276618958,116,77
0.6377332508563995,117,77
0.6427395790815353,118,77
0.6488181352615356,119,77
0.6515409201383591,120,77
0.6501434445381165,121,77
0.6466848105192184,122,77
0.6334377825260162,123,77
0.6220670342445374,124,77
0.6108768209815025,125,77
0.5959027260541916,126,77
0.5817282497882843,127,77
0.5713078156113625,128,77
0.569225862622261,129,77
0.5737518221139908,130,77
0.572452999651432,131,77
0.5765546709299088,132,77
0.5779929906129837,133,77
0.5744857937097549,134,77
0.5645063146948814,135,77
0.5645554512739182,136,77
0.5600730888545513,137,77
0.5542286038398743,138,77
0.5501880533993244,139,77
0.5515375323593616,140,77
0.5527192540466785,141,77
0.5468114763498306,142,77
0.5325447246432304,143,77
0.5254370085895061,144,77
0.52309675142169,145,77
0.5213458836078644,146,77
0.5089544141665101,147,77
0.5022767367772758,148,77
0.4991872177924961,149,77
0.5395863726735115,0,78
0.5444442592561245,1,78
0.5456028804183006,2,78
0.5432968735694885,3,78
0.5376604050397873,4,78
0.5335523821413517,5,78
0.5259634666144848,6,78
0.5222542993724346,7,78
0.520114628598094,8,78
0.5178047716617584,9,78
0.5139861283823848,10,78
0.5134517401456833,11,78
0.5080849742516875,12,78
0.5150076812133193,13,78
0.5224100816994905,14,78
0.5252963583916426,15,78
0.528152622282505,16,78
0.5346796624362469,17,78
0.5401157774031162,18,78
0.5427260994911194,19,78
0.5490201637148857,20,78
0.5523280687630177,21,78
0.5609361492097378,22,78
0.5682956278324127,23,78
0.5745283514261246,24,78
0.583676390349865,25,78
0.5894549116492271,26,78
0.5950790345668793,27,78
0.6011496111750603,28,78
0.6005454808473587,29,78
0.5932068824768066,30,78
0.5817010626196861,31,78
0.5678739622235298,32,78
0.5428714528679848,33,78
0.5318658202886581,34,78
0.5149360140785575,35,78
0.49019802547991276,36,78
0.48221926763653755,37,78
0.4666038788855076,38,78
0.4515394903719425,39,78
0.4539906457066536,40,78
0.45447951927781105,41,78
0.4462052658200264,42,78
0.4420575983822346,43,78
0.4420882537961006,44,78
0.4383161887526512,45,78
0.4315602630376816,46,78
0.4245406538248062,47,78
0.41145046055316925,48,78
0.41177769750356674,49,78
0.4064183160662651,50,78
0.3966877833008766,51,78
0.39007285237312317,52,78
0.40395139902830124,53,78
0.4063820317387581,54,78
0.40778566151857376,55,78
0.39895468950271606,56,78
0.4000912830233574,57,78
0.40410351008176804,58,78
0.4102529287338257,59,78
0.4123179763555527,60,78
0.4101181998848915,61,78
0.4153473973274231,62,78
0.4243507459759712,63,78
0.4282563105225563,64,78
0.42558544129133224,65,78
0.42278625816106796,66,78
0.4232965484261513,67,78
0.43054863065481186,68,78
0.4308071509003639,69,78
0.4295172616839409,70,78
0.43979623541235924,71,78
0.44699811562895775,72,78
0.4622429646551609,73,78
0.4746395032852888,74,78
0.47473125346004963,75,78
0.47129453159868717,76,78
0.4713972881436348,77,78
0.47641895338892937,78,78
0.478585010394454,79,78
0.47574679367244244,80,78
0.47907883673906326,81,78
0.4839637689292431,82,78
0.48707087710499763,83,78
0.48578263353556395,84,78
0.490779641084373,85,78
0.48380615003407,86,78
0.4859192240983248,87,78
0.5028689925093204,88,78
0.5071937669999897,89,78
0.5067312531173229,90,78
0.5106974160298705,91,78
0.5251738373190165,92,78
0.5347915552556515,93,78
0.5522073432803154,94,78
0.56583321839571,95,78
0.5817955508828163,96,78
0.6021552234888077,97,78
0.6083705648779869,98,78
0.6111557185649872,99,78
0.6188799813389778,100,78
0.6211996749043465,101,78
0.6249830946326256,102,78
0.6286498010158539,103,78
0.6296127438545227,104,78
0.6345766484737396,105,78
0.6429446339607239,106,78
0.6474109590053558,107,78
0.6509578973054886,108,78
0.6563957035541534,109,78
0.6548283249139786,110,78
0.6488968878984451,111,78
0.6402221024036407,112,78
0.6376279145479202,113,78
0.6395724713802338,114,78
0.6419172883033752,115,78
0.6393076479434967,116,78
0.6331645399332047,117,78
0.6375440806150436,118,78
0.6424102485179901,119,78
0.6466530114412308,120,78
0.6485563367605209,121,78
0.6425051242113113,122,78
0.6345837861299515,123,78
0.6263632923364639,124,78
0.6160358339548111,125,78
0.604026198387146,126,78
0.588465042412281,127,78
0.576820008456707,128,78
0.5764774307608604,129,78
0.5795463025569916,130,78
0.5803795903921127,131,78
0.5812662914395332,132,78
0.5760203823447227,133,78
0.5672466084361076,134,78
0.5595862306654453,135,78
0.5684133395552635,136,78
0.5653089061379433,137,78
0.5570512302219868,138,78
0.5584599561989307,139,78
0.5628648698329926,140,78
0.5624617598950863,141,78
0.5627192184329033,142,78
0.5499231033027172,143,78
0.5478119775652885,144,78
0.5402014926075935,145,78
0.5341298282146454,146,78
0.5231547802686691,147,78
0.5137146143242717,148,78
0.5044585959985852,149,78
0.5505493134260178,0,79
0.5512066967785358,1,79
0.5530343316495419,2,79
0.5512643381953239,3,79
0.550298310816288,4,79
0.5454144738614559,5,79
0.5389247052371502,6,79
0.5334194675087929,7,79
0.5304030235856771,8,79
0.5307625196874142,9,79
0.526724562048912,10,79
0.5219497662037611,11,79
0.5182167664170265,12,79
0.5211910475045443,13,79
0.5239978712052107,14,79
0.529950525611639,15,79
0.5361836403608322,16,79
0.542613111436367,17,79
0.5453979820013046,18,79
0.5506504885852337,19,79
0.5550759509205818,20,79
0.5592813119292259,21,79
0.5604041442275047,22,79
0.5686744302511215,23,79
0.5771723613142967,24,79
0.5901101604104042,25,79
0.5966722741723061,26,79
0.6037172079086304,27,79
0.6101658195257187,28,79
0.6126773506402969,29,79
0.6035672277212143,30,79
0.5858081057667732,31,79
0.5693441927433014,32,79
0.5474931970238686,33,79
0.532473161816597,34,79
0.5145055130124092,35,79
0.49070602748543024,36,79
0.47282600589096546,37,79
0.4590485729277134,38,79
0.4466171860694885,39,79
0.44965461269021034,40,79
0.4440528675913811,41,79
0.43933264538645744,42,79
0.4408222772181034,43,79
0.44034741818904877,44,79
0.42925990372896194,45,79
0.4140637665987015,46,79
0.40386810153722763,47,79
0.39772361516952515,48,79
0.39856185019016266,49,79
0.39773591607809067,50,79
0.39555442333221436,51,79
0.3988236263394356,52,79
0.40020326524972916,53,79
0.4011242911219597,54,79
0.406481608748436,55,79
0.40952182561159134,56,79
0.41285552829504013,57,79
0.4188072606921196,58,79
0.42150522768497467,59,79
0.4197026863694191,60,79
0.41898176819086075,61,79
0.41679367423057556,62,79
0.42692939937114716,63,79
0.43215372413396835,64,79
0.4266010746359825,65,79
0.4241061806678772,66,79
0.4235278218984604,67,79
0.4288398399949074,68,79
0.4326194226741791,69,79
0.43011474609375,70,79
0.4306826516985893,71,79
0.4448242746293545,72,79
0.46086086705327034,73,79
0.47706498950719833,74,79
0.4792935624718666,75,79
0.4787886291742325,76,79
0.47892157919704914,77,79
0.4789184294641018,78,79
0.4824269115924835,79,79
0.4812958166003227,80,79
0.4834388829767704,81,79
0.48648478649556637,82,79
0.48708078172057867,83,79
0.4776541516184807,84,79
0.47543360479176044,85,79
0.47471635416150093,86,79
0.4849268952384591,87,79
0.4969881654251367,88,79
0.5011664915364236,89,79
0.5103866644203663,90,79
0.5237840265035629,91,79
0.5371602699160576,92,79
0.5464178994297981,93,79
0.5653761029243469,94,79
0.5730761215090752,95,79
0.5856968089938164,96,79
0.6011546328663826,97,79
0.6041013523936272,98,79
0.6087588593363762,99,79
0.6147830784320831,100,79
0.6205388978123665,101,79
0.6266629099845886,102,79
0.6272798329591751,103,79
0.6286661773920059,104,79
0.6362636685371399,105,79
0.6461209952831268,106,79
0.6540019810199738,107,79
0.6546681225299835,108,79
0.6570705622434616,109,79
0.6589933335781097,110,79
0.6504953801631927,111,79
0.6398717164993286,112,79
0.6381560117006302,113,79
0.6402427405118942,114,79
0.6421090960502625,115,79
0.6398441195487976,116,79
0.6291138827800751,117,79
0.6312400698661804,118,79
0.6345763355493546,119,79
0.6437974125146866,120,79
0.6440407633781433,121,79
0.641255110502243,122,79
0.6327918469905853,123,79
0.6259253919124603,124,79
0.6222380548715591,125,79
0.6141658946871758,126,79
0.5978265702724457,127,79
0.5943483710289001,128,79
0.5896032378077507,129,79
0.5854387804865837,130,79
0.5886304974555969,131,79
0.5820825546979904,132,79
0.5741111040115356,133,79
0.5737069472670555,134,79
0.5759918317198753,135,79
0.573532409965992,136,79
0.5714448317885399,137,79
0.5687582120299339,138,79
0.5730858147144318,139,79
0.5780801102519035,140,79
0.5714699104428291,141,79
0.5712039694190025,142,79
0.5650755539536476,143,79
0.5590438134968281,144,79
0.5490648150444031,145,79
0.5380436517298222,146,79
0.5308103431016207,147,79
0.5169826429337263,148,79
0.5064205322414637,149,79
0.5630271285772324,0,80
0.5609623603522778,1,80
0.5592989511787891,2,80
0.5631964281201363,3,80
0.5613731555640697,4,80
0.5579244829714298,5,80
0.5559842549264431,6,80
0.5512032061815262,7,80
0.5463484041392803,8,80
0.5429484061896801,9,80
0.5391001999378204,10,80
0.5338280573487282,11,80
0.5289637111127377,12,80
0.5280720852315426,13,80
0.5268545430153608,14,80
0.5353327170014381,15,80
0.545612309128046,16,80
0.5502108708024025,17,80
0.5485416501760483,18,80
0.5571886487305164,19,80
0.5602044835686684,20,80
0.5632798224687576,21,80
0.5659986585378647,22,80
0.5675237849354744,23,80
0.5817369148135185,24,80
0.5925899893045425,25,80
0.598633661866188,26,80
0.6077846512198448,27,80
0.6165504157543182,28,80
0.6176466047763824,29,80
0.6095592007040977,30,80
0.5956986770033836,31,80
0.5773360580205917,32,80
0.5486153997480869,33,80
0.5314258635044098,34,80
0.5096171349287033,35,80
0.4823971036821604,36,80
0.4632965251803398,37,80
0.44838326424360275,38,80
0.44209833443164825,39,80
0.43781953305006027,40,80
0.4274187311530113,41,80
0.4297391176223755,42,80
0.43265576660633087,43,80
0.4281732589006424,44,80
0.4182380586862564,45,80
0.4015537053346634,46,80
0.3934653401374817,47,80
0.3885873630642891,48,80
0.3867102786898613,49,80
0.39344872534275055,50,80
0.39614352583885193,51,80
0.3992665633559227,52,80
0.399336040019989,53,80
0.40100061893463135,54,80
0.4073042646050453,55,80
0.4135257750749588,56,80
0.42339152842760086,57,80
0.43376004695892334,58,80
0.43186361342668533,59,80
0.42633936554193497,60,80
0.42450812458992004,61,80
0.4261283501982689,62,80
0.4338420107960701,63,80
0.43943286314606667,64,80
0.4358478784561157,65,80
0.4295496270060539,66,80
0.4326256588101387,67,80
0.43702342361211777,68,80
0.4401344358921051,69,80
0.4375883638858795,70,80
0.431882306933403,71,80
0.44091796875,72,80
0.45799965411424637,73,80
0.4721689932048321,74,80
0.4814586341381073,75,80
0.4850000310689211,76,80
0.4828654043376446,77,80
0.4782693088054657,78,80
0.4881114009767771,79,80
0.48780939914286137,80,80
0.48752314131706953,81,80
0.490624425932765,82,80
0.48980899900197983,83,80
0.48536899499595165,84,80
0.4761903341859579,85,80
0.4684220887720585,86,80
0.4802233222872019,87,80
0.4976623139809817,88,80
0.5011891623726115,89,80
0.5176130309700966,90,80
0.5342852547764778,91,80
0.5514212511479855,92,80
0.5628166347742081,93,80
0.5738927125930786,94,80
0.5812162980437279,95,80
0.593288280069828,96,80
0.6036880388855934,97,80
0.6018756926059723,98,80
0.6089382991194725,99,80
0.6123082712292671,100,80
0.6163905039429665,101,80
0.624279111623764,102,80
0.626606896519661,103,80
0.6305378377437592,104,80
0.6406592726707458,105,80
0.6552603393793106,106,80
0.6639365553855896,107,80
0.6601234972476959,108,80
0.6663403660058975,109,80
0.6653731763362885,110,80
0.6531634777784348,111,80
0.6422623544931412,112,80
0.6357724070549011,113,80
0.6392658948898315,114,80
0.6419191360473633,115,80
0.637334018945694,116,80
0.6319123357534409,117,80
0.6299665570259094,118,80
0.6328389048576355,119,80
0.6372304707765579,120,80
0.6353080421686172,121,80
0.6392806321382523,122,80
0.6308000683784485,123,80
0.6285184770822525,124,80
0.629797637462616,125,80
0.6264487653970718,126,80
0.615940622985363,127,80
0.6119772493839264,128,80
0.6013190150260925,129,80
0.5938781797885895,130,80
0.5946813300251961,131,80
0.5856827050447464,132,80
0.5749714449048042,133,80
0.5727429017424583,134,80
0.571442574262619,135,80
0.5770194232463837,136,80
0.5788624808192253,137,80
0.5792658999562263,138,80
0.5815770924091339,139,80
0.5849841758608818,140,80
0.575701117515564,141,80
0.5786701813340187,142,80
0.5778456851840019,143,80
0.5622126124799252,144,80
0.5548863112926483,145,80
0.5470111295580864,146,80
0.53585060313344,147,80
0.5189432948827744,148,80
0.5062549142166972,149,80
0.580701157450676,0,81
0.5737787410616875,1,81
0.568212240934372,2,81
0.573496975004673,3,81
0.5734400451183319,4,81
0.5750781521201134,5,81
0.5723788812756538,6,81
0.5674997866153717,7,81
0.563331812620163,8,81
0.5556493364274502,9,81
0.5526634231209755,10,81
0.5449707061052322,11,81
0.5361402593553066,12,81
0.5303688738495111,13,81
0.5334862433373928,14,81
0.5354408286511898,15,81
0.546379491686821,16,81
0.5512008853256702,17,81
0.5510667264461517,18,81
0.5612552426755428,19,81
0.5623107440769672,20,81
0.5646967589855194,21,81
0.5704964026808739,22,81
0.5760755836963654,23,81
0.5898454636335373,24,81
0.6007376834750175,25,81
0.6042235270142555,26,81
0.6072279140353203,27,81
0.6164096370339394,28,81
0.6171060726046562,29,81
0.6084226220846176,30,81
0.6036228314042091,31,81
0.5848684832453728,32,81
0.5545401461422443,33,81
0.5388993732631207,34,81
0.5099707609042525,35,81
0.4811207763850689,36,81
0.46270960196852684,37,81
0.45056770369410515,38,81
0.4429509565234184,39,81
0.4313928186893463,40,81
0.418882817029953,41,81
0.4152383804321289,42,81
0.4201683774590492,43,81
0.41577188670635223,44,81
0.40809788554906845,45,81
0.38964760303497314,46,81
0.38090768456459045,47,81
0.38517051190137863,48,81
0.3862503096461296,49,81
0.3884761482477188,50,81
0.38921939581632614,51,81
0.3890957310795784,52,81
0.39733558148145676,53,81
0.3978351354598999,54,81
0.4024948477745056,55,81
0.40906528383493423,56,81
0.4258224815130234,57,81
0.4438057467341423,58,81
0.44159069657325745,59,81
0.4356429874897003,60,81
0.43559225648641586,61,81
0.4432468041777611,62,81
0.45782941952347755,63,81
0.45680880546569824,64,81
0.45486777275800705,65,81
0.4436502829194069,66,81
0.43989915400743484,67,81
0.44526851549744606,68,81
0.44908982142806053,69,81
0.4415547661483288,70,81
0.43441615998744965,71,81
0.44269300624728203,72,81
0.4541225917637348,73,81
0.4716193024069071,74,81
0.4766735155135393,75,81
0.48645511362701654,76,81
0.4790553469210863,77,81
0.4774207416921854,78,81
0.48478835728019476,79,81
0.48552144318819046,80,81
0.49014910496771336,81,81
0.4960211645811796,82,81
0.4901877213269472,83,81
0.4806830510497093,84,81
0.4785981308668852,85,81
0.4760771244764328,86,81
0.493944875895977,87,81
0.5090990597382188,88,81
0.5129577619954944,89,81
0.5283467937260866,90,81
0.543250136077404,91,81
0.5548385828733444,92,81
0.5681147128343582,93,81
0.5801232159137726,94,81
0.5886292457580566,95,81
0.5976147875189781,96,81
0.6058973744511604,97,81
0.6086530685424805,98,81
0.6081152632832527,99,81
0.6143794655799866,100,81
0.6158187687397003,101,81
0.6188048422336578,102,81
0.6252805292606354,103,81
0.6343526244163513,104,81
0.6472132652997971,105,81
0.6684811413288116,106,81
0.6738002896308899,107,81
0.6673046201467514,108,81
0.6704155951738358,109,81
0.6651286780834198,110,81
0.6545384377241135,111,81
0.6450691670179367,112,81
0.6414119452238083,113,81
0.6423632055521011,114,81
0.6433280259370804,115,81
0.6398738920688629,116,81
0.6333563476800919,117,81
0.632097065448761,118,81
0.634496659040451,119,81
0.6352622509002686,120,81
0.634821280837059,121,81
0.6381963491439819,122,81
0.6340299695730209,123,81
0.6326984316110611,124,81
0.630376011133194,125,81
0.6290239691734314,126,81
0.6239072903990746,127,81
0.621624656021595,128,81
0.6087733954191208,129,81
0.6061150804162025,130,81
0.6002994328737259,131,81
0.5877622738480568,132,81
0.5755351632833481,133,81
0.5730429664254189,134,81
0.5708722546696663,135,81
0.5743326768279076,136,81
0.5779355689883232,137,81
0.5798642262816429,138,81
0.5860095322132111,139,81
0.5900604650378227,140,81
0.5835227519273758,141,81
0.5842681229114532,142,81
0.5792100057005882,143,81
0.5673175677657127,144,81
0.5629295706748962,145,81
0.5544227845966816,146,81
0.5420347824692726,147,81
0.5193191859871149,148,81
0.5068589905276895,149,81
0.5953215956687927,0,82
0.5898774638772011,1,82
0.5829938873648643,2,82
0.5832968801259995,3,82
0.5855904817581177,4,82
0.5872356742620468,5,82
0.5847564935684204,6,82
0.5774450674653053,7,82
0.572175957262516,8,82
0.5636823624372482,9,82
0.5628557875752449,10,82
0.5569307319819927,11,82
0.5452034138143063,12,82
0.5340474545955658,13,82
0.5306698940694332,14,82
0.5355324260890484,15,82
0.5485521219670773,16,82
0.5585121586918831,17,82
0.5642730891704559,18,82
0.5568580701947212,19,82
0.555313840508461,20,82
0.5647654235363007,21,82
0.5726096481084824,22,82
0.5852162465453148,23,82
0.5936712622642517,24,82
0.6023811921477318,25,82
0.6060009747743607,26,82
0.605900414288044,27,82
0.61264418810606,28,82
0.6128865703940392,29,82
0.6088134273886681,30,82
0.6027153581380844,31,82
0.5891096368432045,32,82
0.5642930343747139,33,82
0.5419698096811771,34,82
0.5149004608392715,35,82
0.4913781899958849,36,82
0.4702643044292927,37,82
0.45771338418126106,38,82
0.44861453771591187,39,82
0.4377344474196434,40,82
0.41791897267103195,41,82
0.4035216122865677,42,82
0.402650386095047,43,82
0.40028711408376694,44,82
0.39519479125738144,45,82
0.3816293478012085,46,82
0.37196415662765503,47,82
0.375994049012661,48,82
0.3736995756626129,49,82
0.37605471909046173,50,82
0.3772891163825989,51,82
0.3769666478037834,52,82
0.3848693445324898,53,82
0.38960617035627365,54,82
0.39697249233722687,55,82
0.40695567429065704,56,82
0.42477450519800186,57,82
0.44072674959897995,58,82
0.4463375620543957,59,82
0.4468771405518055,60,82
0.44930844753980637,61,82
0.46585172787308693,62,82
0.4685368649661541,63,82
0.46370547637343407,64,82
0.4552771970629692,65,82
0.4450324550271034,66,82
0.4438179284334183,67,82
0.44529158622026443,68,82
0.44459736719727516,69,82
0.43865084648132324,70,82
0.43158046901226044,71,82
0.43808507546782494,72,82
0.4518764987587929,73,82
0.46819696947932243,74,82
0.48184619285166264,75,82
0.490580340847373,76,82
0.4858925109729171,77,82
0.48404434509575367,78,82
0.4847795758396387,79,82
0.48407351039350033,80,82
0.4882707865908742,81,82
0.49422594672068954,82,82
0.4880133140832186,83,82
0.47640214301645756,84,82
0.4760615024715662,85,82
0.48336590826511383,86,82
0.49908974958816543,87,82
0.5086659155786037,88,82
0.5152961695566773,89,82
0.5314290001988411,90,82
0.5415202490985394,91,82
0.5594225376844406,92,82
0.5733420997858047,93,82
0.5852964892983437,94,82
0.5957903265953064,95,82
0.6055218130350113,96,82
0.6123325526714325,97,82
0.6161888241767883,98,82
0.61285600066185,99,82
0.6159195676445961,100,82
0.6219682395458221,101,82
0.630000576376915,102,82
0.6383731812238693,103,82
0.6455617100000381,104,82
0.6577146351337433,105,82
0.668917641043663,106,82
0.6733229011297226,107,82
0.6712877452373505,108,82
0.6648305207490921,109,82
0.6607984155416489,110,82
0.6492851376533508,111,82
0.6468475759029388,112,82
0.6469987481832504,113,82
0.6460515558719635,114,82
0.6379948258399963,115,82
0.6366239339113235,116,82
0.6364486664533615,117,82
0.6349013298749924,118,82
0.634601280093193,119,82
0.6311154514551163,120,82
0.6332445591688156,121,82
0.6433699727058411,122,82
0.6432005167007446,123,82
0.6378654986619949,124,82
0.6390255093574524,125,82
0.6423048824071884,126,82
0.6340984851121902,127,82
0.6250213831663132,128,82
0.6140297278761864,129,82
0.6074212938547134,130,82
0.599606916308403,131,82
0.5854508355259895,132,82
0.576445572078228,133,82
0.5757759809494019,134,82
0.5757879018783569,135,82
0.5784723535180092,136,82
0.5803073048591614,137,82
0.5844138488173485,138,82
0.5952416360378265,139,82
0.59737329185009,140,82
0.5914359837770462,141,82
0.5918214395642281,142,82
0.5904912427067757,143,82
0.5835523158311844,144,82
0.5709610432386398,145,82
0.5609296523034573,146,82
0.5455511286854744,147,82
0.5245049875229597,148,82
0.5089283185079694,149,82
0.6038787886500359,0,83
0.5990598872303963,1,83
0.5928214862942696,2,83
0.5881359949707985,3,83
0.5911091715097427,4,83
0.5933562815189362,5,83
0.5904037803411484,6,83
0.5877349004149437,7,83
0.5847798436880112,8,83
0.5741774886846542,9,83
0.5723588839173317,10,83
0.5660372525453568,11,83
0.5528179295361042,12,83
0.5471135638654232,13,83
0.5443936996161938,14,83
0.5418672487139702,15,83
0.5501133129000664,16,83
0.5539408177137375,17,83
0.5569452457129955,18,83
0.5512164421379566,19,83
0.5536705106496811,20,83
0.5629923939704895,21,83
0.5761640295386314,22,83
0.5818436071276665,23,83
0.5867147818207741,24,83
0.595408208668232,25,83
0.5999017581343651,26,83
0.6032098680734634,27,83
0.6063117831945419,28,83
0.6054029762744904,29,83
0.6073536947369576,30,83
0.6031217575073242,31,83
0.5949426144361496,32,83
0.5672213211655617,33,83
0.5485021844506264,34,83
0.5288738626986742,35,83
0.5038451298605651,36,83
0.4830306153744459,37,83
0.46673694252967834,38,83
0.45241744816303253,39,83
0.4367932081222534,40,83
0.41377028077840805,41,83
0.4052155315876007,42,83
0.3982928395271301,43,83
0.39242204278707504,44,83
0.39102308452129364,45,83
0.37656933069229126,46,83
0.3668035417795181,47,83
0.3628435581922531,48,83
0.3589940816164017,49,83
0.36310839653015137,50,83
0.3637596368789673,51,83
0.3667704612016678,52,83
0.3781059682369232,53,83
0.39485854655504227,54,83
0.40676092356443405,55,83
0.4150643050670624,56,83
0.4245080202817917,57,83
0.4385170117020607,58,83
0.4469052404165268,59,83
0.4525684453547001,60,83
0.46299198642373085,61,83
0.4664723090827465,62,83
0.4677915424108505,63,83
0.4580899775028229,64,83
0.4466446787118912,65,83
0.4484885334968567,66,83
0.44590336456894875,67,83
0.44556622579693794,68,83
0.4417359232902527,69,83
0.4314764514565468,70,83
0.4296480566263199,71,83
0.4389036037027836,72,83
0.4518393948674202,73,83
0.4576195366680622,74,83
0.47134562209248543,75,83
0.48578026331961155,76,83
0.48496195301413536,77,83
0.4836384914815426,78,83
0.483006639406085,79,83
0.48085514083504677,80,83
0.48713908437639475,81,83
0.4869807166978717,82,83
0.48511137813329697,83,83
0.4812172017991543,84,83
0.48010200448334217,85,83
0.48598467092961073,86,83
0.4950161804445088,87,83
0.5030969316139817,88,83
0.5111317168921232,89,83
0.5246478654444218,90,83
0.5416769161820412,91,83
0.560585979372263,92,83
0.5738004744052887,93,83
0.5891512259840965,94,83
0.603037640452385,95,83
0.6147452741861343,96,83
0.620029516518116,97,83
0.625630646944046,98,83
0.623430997133255,99,83
0.6208364591002464,100,83
0.6307573020458221,101,83
0.637806698679924,102,83
0.6437627375125885,103,83
0.659184530377388,104,83
0.6691806763410568,105,83
0.6717684417963028,106,83
0.6750569939613342,107,83
0.6742505580186844,108,83
0.6699617654085159,109,83
0.6595656275749207,110,83
0.6478599011898041,111,83
0.6466851085424423,112,83
0.6453427821397781,113,83
0.6414655596017838,114,83
0.6373835802078247,115,83
0.6336196511983871,116,83
0.6345658749341965,117,83
0.636834055185318,118,83
0.6341372281312943,119,83
0.6350520104169846,120,83
0.6389692574739456,121,83
0.6472332924604416,122,83
0.6464633345603943,123,83
0.6461212486028671,124,83
0.6481193453073502,125,83
0.6540507525205612,126,83
0.642477959394455,127,83
0.630690261721611,128,83
0.6176913604140282,129,83
0.6081123352050781,130,83
0.5991830229759216,131,83
0.5909648165106773,132,83
0.5823558643460274,133,83
0.5757028385996819,134,83
0.5775497481226921,135,83
0.5811222717165947,136,83
0.5872753486037254,137,83
0.5950105488300323,138,83
0.5992453172802925,139,83
0.6004222109913826,140,83
0.5993355736136436,141,83
0.5925436541438103,142,83
0.5915669798851013,143,83
0.5882758721709251,144,83
0.5785729959607124,145,83
0.5702566877007484,146,83
0.5508242882788181,147,83
0.5274802874773741,148,83
0.5073968465439975,149,83
0.6044592335820198,0,84
0.6010799780488014,1,84
0.5937882512807846,2,84
0.5910925343632698,3,84
0.5924534425139427,4,84
0.597038634121418,5,84
0.5984088182449341,6,84
0.5962485894560814,7,84
0.5894839391112328,8,84
0.5917309671640396,9,84
0.5796395018696785,10,84
0.5711483731865883,11,84
0.5577127523720264,12,84
0.5516552478075027,13,84
0.5465900003910065,14,84
0.544685110449791,15,84
0.5455080009996891,16,84
0.5464244857430458,17,84
0.5490297935903072,18,84
0.5501390136778355,19,84
0.5520097203552723,20,84
0.558543000370264,21,84
0.5672610029578209,22,84
0.5716382041573524,23,84
0.5770885348320007,24,84
0.5842490643262863,25,84
0.5927650853991508,26,84
0.6016067862510681,27,84
0.602566309273243,28,84
0.6028710827231407,29,84
0.6055068001151085,30,84
0.6025160551071167,31,84
0.5975372716784477,32,84
0.575145848095417,33,84
0.553508210927248,34,84
0.5330136492848396,35,84
0.5121358558535576,36,84
0.5000742021074984,37,84
0.47279520332813263,38,84
0.4503856226801872,39,84
0.4293220266699791,40,84
0.4103052169084549,41,84
0.4015173465013504,42,84
0.39480897039175034,43,84
0.38698405772447586,44,84
0.3819914683699608,45,84
0.3677075505256653,46,84
0.35347670316696167,47,84
0.35185202956199646,48,84
0.3504296988248825,49,84
0.3534543812274933,50,84
0.35859154164791107,51,84
0.36810989677906036,52,84
0.38091716170310974,53,84
0.39366550743579865,54,84
0.4051300510764122,55,84
0.4156133458018303,56,84
0.4205280765891075,57,84
0.43466004729270935,58,84
0.4412524998188019,59,84
0.4547676369547844,60,84
0.46469276398420334,61,84
0.46330950409173965,62,84
0.4612312652170658,63,84
0.4572460874915123,64,84
0.44815217703580856,65,84
0.4458729885518551,66,84
0.4403263255953789,67,84
0.44286123290657997,68,84
0.44018492102622986,69,84
0.4283365085721016,70,84
0.42623426020145416,71,84
0.43202367424964905,72,84
0.44383788481354713,73,84
0.4607580080628395,74,84
0.4711850229650736,75,84
0.4819564390927553,76,84
0.486124899238348,77,84
0.4835287407040596,78,84
0.4786299206316471,79,84
0.4811243060976267,80,84
0.48249343037605286,81,84
0.4847187278792262,82,84
0.4768976718187332,83,84
0.4774285424500704,84,84
0.4848432010039687,85,84
0.49108475260436535,86,84
0.49640153790824115,87,84
0.496467154705897,88,84
0.5042064068838954,89,84
0.5175364334136248,90,84
0.5429674796760082,91,84
0.5516232177615166,92,84
0.5598138310015202,93,84
0.5839809402823448,94,84
0.6048241555690765,95,84
0.6159191504120827,96,84
0.6241322085261345,97,84
0.6307740360498428,98,84
0.6303114145994186,99,84
0.6299899518489838,100,84
0.6395750343799591,101,84
0.6418353468179703,102,84
0.6574865132570267,103,84
0.6707619428634644,104,84
0.6727504879236221,105,84
0.6731349378824234,106,84
0.6769760996103287,107,84
0.6818393021821976,108,84
0.6751931309700012,109,84
0.6632877588272095,110,84
0.6505339741706848,111,84
0.6484093070030212,112,84
0.6450235843658447,113,84
0.6444687098264694,114,84
0.6391668170690536,115,84
0.6393874287605286,116,84
0.6372614055871964,117,84
0.6355200409889221,118,84
0.6354368776082993,119,84
0.6364514827728271,120,84
0.6399017572402954,121,84
0.6427527815103531,122,84
0.6447903662919998,123,84
0.6480654180049896,124,84
0.6547700613737106,125,84
0.6590370088815689,126,84
0.6488980054855347,127,84
0.6316026151180267,128,84
0.6181929931044579,129,84
0.6118922755122185,130,84
0.6047667935490608,131,84
0.6023769229650497,132,84
0.5951569154858589,133,84
0.583752766251564,134,84
0.5831388682126999,135,84
0.5867438837885857,136,84
0.5919892713427544,137,84
0.6043209731578827,138,84
0.6074071228504181,139,84
0.6111185997724533,140,84
0.6073040142655373,141,84
0.5979787781834602,142,84
0.5930410847067833,143,84
0.5880618244409561,144,84
0.5795481353998184,145,84
0.5676878541707993,146,84
0.5416446551680565,147,84
0.5198529586195946,148,84
0.5026905848644674,149,84
0.6102207899093628,0,85
0.6033109948039055,1,85
0.5977324321866035,2,85
0.59498281031847,3,85
0.5987761318683624,4,85
0.602371335029602,5,85
0.6030299738049507,6,85
0.6008266136050224,7,85
0.6036646291613579,8,85
0.5962490066885948,9,85
0.5840936303138733,10,85
0.5707278847694397,11,85
0.5572303831577301,12,85
0.551355168223381,13,85
0.5466246716678143,14,85
0.5422908328473568,15,85
0.5415413603186607,16,85
0.5386312231421471,17,85
0.5420609787106514,18,85
0.5461607091128826,19,85
0.5516087412834167,20,85
0.5532628744840622,21,85
0.5563010573387146,22,85
0.5623259171843529,23,85
0.5691394209861755,24,85
0.5795158222317696,25,85
0.5855063050985336,26,85
0.5928019732236862,27,85
0.6026880145072937,28,85
0.6027381122112274,29,85
0.60431057959795,30,85
0.6061522662639618,31,85
0.6023171320557594,32,85
0.5789256691932678,33,85
0.5592202842235565,34,85
0.5393756665289402,35,85
0.5214918069541454,36,85
0.4911606181412935,37,85
0.4674576632678509,38,85
0.4406111314892769,39,85
0.41640226542949677,40,85
0.4016348794102669,41,85
0.3936876505613327,42,85
0.38916952162981033,43,85
0.3854733183979988,44,85
0.37906215339899063,45,85
0.3754403814673424,46,85
0.36692504584789276,47,85
0.3640258312225342,48,85
0.3601541072130203,49,85
0.3579694330692291,50,85
0.35967059433460236,51,85
0.37223030626773834,52,85
0.38634852319955826,53,85
0.3985358625650406,54,85
0.4117281213402748,55,85
0.42131124436855316,56,85
0.4289057105779648,57,85
0.4399780221283436,58,85
0.4459482543170452,59,85
0.45374205335974693,60,85
0.46193044632673264,61,85
0.4602082632482052,62,85
0.4582461006939411,63,85
0.454473078250885,64,85
0.44418568536639214,65,85
0.4390350878238678,66,85
0.43239469081163406,67,85
0.43150438368320465,68,85
0.42892879992723465,69,85
0.42290453612804413,70,85
0.4215463176369667,71,85
0.42099203914403915,72,85
0.4352751821279526,73,85
0.45503951981663704,74,85
0.46831025183200836,75,85
0.4826549328863621,76,85
0.4892139984294772,77,85
0.48954929783940315,78,85
0.4825735464692116,79,85
0.48062891885638237,80,85
0.47740479186177254,81,85
0.4813892673701048,82,85
0.47883844561874866,83,85
0.4814976993948221,84,85
0.49132649693638086,85,85
0.49876176903489977,86,85
0.5061386041343212,87,85
0.5030107602942735,88,85
0.5095218066126108,89,85
0.5203368607908487,90,85
0.5318826846778393,91,85
0.5487161129713058,92,85
0.563129223883152,93,85
0.5860637798905373,94,85
0.6063247248530388,95,85
0.616835743188858,96,85
0.6266631484031677,97,85
0.6300922334194183,98,85
0.6302027106285095,99,85
0.6365482956171036,100,85
0.6488829106092453,101,85
0.6635163426399231,102,85
0.6752514690160751,103,85
0.6821690797805786,104,85
0.6807786524295807,105,85
0.6800335198640823,106,85
0.6782526075839996,107,85
0.6849792301654816,108,85
0.6836271733045578,109,85
0.6723847985267639,110,85
0.6554528176784515,111,85
0.6535505950450897,112,85
0.6526914983987808,113,85
0.6540327668190002,114,85
0.6518483906984329,115,85
0.6459723860025406,116,85
0.6395770907402039,117,85
0.6337291747331619,118,85
0.6340019255876541,119,85
0.635083481669426,120,85
0.6393131464719772,121,85
0.6412421613931656,122,85
0.641892284154892,123,85
0.6447479724884033,124,85
0.6532038599252701,125,85
0.6591322124004364,126,85
0.6501468122005463,127,85
0.6393627673387527,128,85
0.6276612132787704,129,85
0.6205329969525337,130,85
0.6147182509303093,131,85
0.6120599508285522,132,85
0.6067949086427689,133,85
0.6034349724650383,134,85
0.5997406095266342,135,85
0.6004769504070282,136,85
0.6045012250542641,137,85
0.611467108130455,138,85
0.6116307377815247,139,85
0.6127573177218437,140,85
0.6026219204068184,141,85
0.6014656499028206,142,85
0.5981076136231422,143,85
0.5960448086261749,144,85
0.5809053480625153,145,85
0.5603705570101738,146,85
0.5355390124022961,147,85
0.5174854919314384,148,85
0.5048038098029792,149,85
0.6171410381793976,0,86
0.6097419410943985,1,86
0.6036546528339386,2,86
0.6039582192897797,3,86
0.6028659269213676,4,86
0.6006329506635666,5,86
0.6007178202271461,6,86
0.6037526801228523,7,86
0.6053827032446861,8,86
0.5965398922562599,9,86
0.5827947482466698,10,86
0.5663524270057678,11,86
0.5575846135616302,12,86
0.5568146854639053,13,86
0.5479089505970478,14,86
0.5396522618830204,15,86
0.5326525419950485,16,86
0.5314160101115704,17,86
0.5398667491972446,18,86
0.5470031313598156,19,86
0.5445557869970798,20,86
0.5419494658708572,21,86
0.5462717898190022,22,86
0.5496944487094879,23,86
0.5569364503026009,24,86
0.5687406957149506,25,86
0.5772058665752411,26,86
0.588578350841999,27,86
0.5994785875082016,28,86
0.6077075526118279,29,86
0.6106515377759933,30,86
0.6131292283535004,31,86
0.6094842627644539,32,86
0.5863170847296715,33,86
0.5672564804553986,34,86
0.5491176396608353,35,86
0.5242951363325119,36,86
0.49011294543743134,37,86
0.4656433165073395,38,86
0.4384552799165249,39,86
0.4132130593061447,40,86
0.39859937876462936,41,86
0.395183265209198,42,86
0.4005592092871666,43,86
0.39620649069547653,44,86
0.3885553255677223,45,86
0.376636765897274,46,86
0.3743784576654434,47,86
0.3695161044597626,48,86
0.36240459978580475,49,86
0.35972079634666443,50,86
0.36552882194519043,51,86
0.37587352842092514,52,86
0.39070693403482437,53,86
0.4040382578969002,54,86
0.41887207329273224,55,86
0.4281748756766319,56,86
0.43491050601005554,57,86
0.4395415037870407,58,86
0.44217338413000107,59,86
0.446480430662632,60,86
0.4545925632119179,61,86
0.464394748210907,62,86
0.462152648717165,63,86
0.4513082876801491,64,86
0.43451591581106186,65,86
0.42985227704048157,66,86
0.42393864691257477,67,86
0.42066405713558197,68,86
0.41914448142051697,69,86
0.4115241765975952,70,86
0.40783701092004776,71,86
0.41651665419340134,72,86
0.4318220987915993,73,86
0.44600698724389076,74,86
0.4628434330224991,75,86
0.4805712606757879,76,86
0.48504115734249353,77,86
0.48093837685883045,78,86
0.4802718162536621,79,86
0.4846569672226906,80,86
0.48426624946296215,81,86
0.4847551276907325,82,86
0.4864716297015548,83,86
0.48873393051326275,84,86
0.49254164518788457,85,86
0.501732490840368,86,86
0.5093936966732144,87,86
0.5085487049072981,88,86
0.519413685426116,89,86
0.5319913290441036,90,86
0.5389258898794651,91,86
0.5527788661420345,92,86
0.5682345107197762,93,86
0.586495116353035,94,86
0.603827565908432,95,86
0.6126565113663673,96,86
0.6227256655693054,97,86
0.6271536499261856,98,86
0.6331309825181961,99,86
0.6444830596446991,100,86
0.6649831086397171,101,86
0.6836709976196289,102,86
0.690838411450386,103,86
0.6922820210456848,104,86
0.6958262473344803,105,86
0.6932495087385178,106,86
0.6896143853664398,107,86
0.6934813857078552,108,86
0.6926726549863815,109,86
0.6872665733098984,110,86
0.6760554164648056,111,86
0.6689305007457733,112,86
0.6674778610467911,113,86
0.668028935790062,114,86
0.6687674969434738,115,86
0.6551251858472824,116,86
0.6469547897577286,117,86
0.6393730491399765,118,86
0.6387882381677628,119,86
0.6398594230413437,120,86
0.6409243196249008,121,86
0.6394899785518646,122,86
0.640217512845993,123,86
0.6426984220743179,124,86
0.6519546806812286,125,86
0.6588832885026932,126,86
0.652334451675415,127,86
0.6471660882234573,128,86
0.639514833688736,129,86
0.6352546811103821,130,86
0.6311649531126022,131,86
0.6259889453649521,132,86
0.6200684010982513,133,86
0.6174582093954086,134,86
0.6141091361641884,135,86
0.613774910569191,136,86
0.6178201138973236,137,86
0.6205300018191338,138,86
0.6194714680314064,139,86
0.6165106147527695,140,86
0.601097971200943,141,86
0.6000871583819389,142,86
0.5966217219829559,143,86
0.595230296254158,144,86
0.5786780267953873,145,86
0.5570270828902721,146,86
0.5358428172767162,147,86
0.517138909548521,148,86
0.5033556034322828,149,86
0.6150567829608917,0,87
0.6111598163843155,1,87
0.609358936548233,2,87
0.6069226935505867,3,87
0.602157898247242,4,87
0.5974470973014832,5,87
0.5921584814786911,6,87
0.5971320867538452,7,87
0.5982458144426346,8,87
0.5901672318577766,9,87
0.5789855718612671,10,87
0.5659771636128426,11,87
0.558944933116436,12,87
0.5589176751673222,13,87
0.5498376078903675,14,87
0.5399804748594761,15,87
0.5312274135649204,16,87
0.5306130908429623,17,87
0.5379292219877243,18,87
0.542207095772028,19,87
0.5379668921232224,20,87
0.5342695526778698,21,87
0.5336857810616493,22,87
0.5367763191461563,23,87
0.5464239604771137,24,87
0.5612066239118576,25,87
0.5765881016850471,26,87
0.5920393392443657,27,87
0.6016084998846054,28,87
0.6096036955714226,29,87
0.6157665774226189,30,87
0.6198359355330467,31,87
0.6133919358253479,32,87
0.5911816731095314,33,87
0.5708672404289246,34,87
0.5500646941363811,35,87
0.5218568537384272,36,87
0.495697473641485,37,87
0.46729807555675507,38,87
0.4425615817308426,39,87
0.4229676276445389,40,87
0.3993268087506294,41,87
0.3902611806988716,42,87
0.39737892150878906,43,87
0.3981091007590294,44,87
0.3916217163205147,45,87
0.3810037299990654,46,87
0.37586263567209244,47,87
0.36946508288383484,48,87
0.36733439564704895,49,87
0.36733584105968475,50,87
0.3739827275276184,51,87
0.38908375054597855,52,87
0.3991658240556717,53,87
0.4086202457547188,54,87
0.4174318164587021,55,87
0.4204377681016922,56,87
0.43143080919981003,57,87
0.43821194022893906,58,87
0.446240097284317,59,87
0.444198589771986,60,87
0.4404240623116493,61,87
0.4535401165485382,62,87
0.45702046528458595,63,87
0.44634442403912544,64,87
0.4276355057954788,65,87
0.42559895664453506,66,87
0.4165903478860855,67,87
0.4092666804790497,68,87
0.40940380841493607,69,87
0.40155043452978134,70,87
0.40960543602705,71,87
0.41142696887254715,72,87
0.41805125027894974,73,87
0.43136943131685257,74,87
0.4523957371711731,75,87
0.47617935575544834,76,87
0.48023086227476597,77,87
0.47455365024507046,78,87
0.4742675945162773,79,87
0.48444108944386244,80,87
0.477755069732666,81,87
0.4807029701769352,82,87
0.48634191881865263,83,87
0.4920285912230611,84,87
0.493971629999578,85,87
0.5020188596099615,86,87
0.5068186614662409,87,87
0.5054672406986356,88,87
0.5220023225992918,89,87
0.5301519632339478,90,87
0.5408306308090687,91,87
0.556027676910162,92,87
0.5605797134339809,93,87
0.5839034542441368,94,87
0.6023209393024445,95,87
0.6130691170692444,96,87
0.6229636520147324,97,87
0.6282631754875183,98,87
0.6348191052675247,99,87
0.6543286740779877,100,87
0.6781924813985825,101,87
0.6969824880361557,102,87
0.7018228322267532,103,87
0.705059215426445,104,87
0.7063663601875305,105,87
0.7049856036901474,106,87
0.7037952095270157,107,87
0.7064828872680664,108,87
0.7084035128355026,109,87
0.7045291066169739,110,87
0.6964880526065826,111,87
0.6877420097589493,112,87
0.6868707239627838,113,87
0.6833759844303131,114,87
0.6829809546470642,115,87
0.6682232320308685,116,87
0.6562540978193283,117,87
0.6519248783588409,118,87
0.6477569788694382,119,87
0.6492484211921692,120,87
0.648281529545784,121,87
0.6417047381401062,122,87
0.6444753557443619,123,87
0.6515264511108398,124,87
0.6536344289779663,125,87
0.6671742647886276,126,87
0.6566819846630096,127,87
0.6505541950464249,128,87
0.6499509960412979,129,87
0.6453308761119843,130,87
0.6401519924402237,131,87
0.6407759785652161,132,87
0.6337798684835434,133,87
0.636201336979866,134,87
0.6288767904043198,135,87
0.6290363371372223,136,87
0.6350540369749069,137,87
0.6307404488325119,138,87
0.6232367530465126,139,87
0.6221970543265343,140,87
0.6036179810762405,141,87
0.5979935750365257,142,87
0.5986143574118614,143,87
0.5950200259685516,144,87
0.5793019607663155,145,87
0.5552334822714329,146,87
0.5269535519182682,147,87
0.5107696475461125,148,87
0.49612986180000007,149,87
0.6085480228066444,0,88
0.6088365167379379,1,88
0.6045054197311401,2,88
0.6040412336587906,3,88
0.5993270948529243,4,88
0.5917797014117241,5,88
0.588013306260109,6,88
0.5890662893652916,7,88
0.588204637169838,8,88
0.58595772087574,9,88
0.5785060599446297,10,88
0.5740008428692818,11,88
0.5707390829920769,12,88
0.5626843348145485,13,88
0.5541831441223621,14,88
0.5422059930860996,15,88
0.5367444902658463,16,88
0.5365947522222996,17,88
0.538931593298912,18,88
0.535121887922287,19,88
0.5307999812066555,20,88
0.5274138860404491,21,88
0.5280082486569881,22,88
0.5328870117664337,23,88
0.5457214824855328,24,88
0.5600791797041893,25,88
0.5772031620144844,26,88
0.5960739403963089,27,88
0.603460393846035,28,88
0.6107614412903786,29,88
0.6186927258968353,30,88
0.6197807639837265,31,88
0.5990711152553558,32,88
0.5857225954532623,33,88
0.570597417652607,34,88
0.5446674227714539,35,88
0.5174007285386324,36,88
0.4944314039312303,37,88
0.466022826731205,38,88
0.44279783964157104,39,88
0.42393918335437775,40,88
0.403508685529232,41,88
0.39507705718278885,42,88
0.39292340725660324,43,88
0.3969699516892433,44,88
0.3949147239327431,45,88
0.3894142061471939,46,88
0.37832705676555634,47,88
0.37164267897605896,48,88
0.3696940988302231,49,88
0.3755727633833885,50,88
0.3881212919950485,51,88
0.3985759988427162,52,88
0.40805089473724365,53,88
0.4066767990589142,54,88
0.4138308987021446,55,88
0.4210931062698364,56,88
0.42506109923124313,57,88
0.4319518357515335,58,88
0.44069211557507515,59,88
0.444802213460207,60,88
0.44204141199588776,61,88
0.4556695558130741,62,88
0.45572834834456444,63,88
0.44638485461473465,64,88
0.4335050508379936,65,88
0.4271199479699135,66,88
0.41481373459100723,67,88
0.4020184651017189,68,88
0.3975030779838562,69,88
0.39366546273231506,70,88
0.39837291091680527,71,88
0.40053559839725494,72,88
0.40749359130859375,73,88
0.4215780645608902,74,88
0.4446076564490795,75,88
0.46374599635601044,76,88
0.47387973219156265,77,88
0.47378223203122616,78,88
0.4688416011631489,79,88
0.474031675606966,80,88
0.47508715093135834,81,88
0.4802321828901768,82,88
0.4835274163633585,83,88
0.4870015950873494,84,88
0.4903959799557924,85,88
0.4961291968356818,86,88
0.4988711526384577,87,88
0.5069633075036108,88,88
0.5252267867326736,89,88
0.5292356219142675,90,88
0.5417965389788151,91,88
0.5590853355824947,92,88
0.5700647756457329,93,88
0.5875688418745995,94,88
0.6072081550955772,95,88
0.6187298893928528,96,88
0.6243369877338409,97,88
0.6340062171220779,98,88
0.6459928750991821,99,88
0.6653724908828735,100,88
0.6846696734428406,101,88
0.6978963613510132,102,88
0.7070304155349731,103,88
0.7188842743635178,104,88
0.7157085090875626,105,88
0.7179063558578491,106,88
0.7143467515707016,107,88
0.7165447026491165,108,88
0.7191226631402969,109,88
0.7176003903150558,110,88
0.7123204618692398,111,88
0.70892134308815,112,88
0.7083091884851456,113,88
0.7128017842769623,114,88
0.7001738399267197,115,88
0.6843961179256439,116,88
0.670784518122673,117,88
0.6635282039642334,118,88
0.658239021897316,119,88
0.6563634425401688,120,88
0.6520261317491531,121,88
0.6492311805486679,122,88
0.650943785905838,123,88
0.6564116328954697,124,88
0.6665492355823517,125,88
0.6734094768762589,126,88
0.6626203060150146,127,88
0.6561542302370071,128,88
0.6520834565162659,129,88
0.6498118340969086,130,88
0.6431830674409866,131,88
0.644289642572403,132,88
0.6450382173061371,133,88
0.6449714004993439,134,88
0.6406932473182678,135,88
0.6393004357814789,136,88
0.6373728960752487,137,88
0.6288338601589203,138,88
0.6252138614654541,139,88
0.6215260252356529,140,88
0.6055656298995018,141,88
0.5992236956954002,142,88
0.595078781247139,143,88
0.587034061551094,144,88
0.5699888989329338,145,88
0.5486989691853523,146,88
0.5281923431903124,147,88
0.5075877425260842,148,88
0.4953331225551665,149,88
0.6083445623517036,0,89
0.6093921810388565,1,89
0.6063085496425629,2,89
0.6053906455636024,3,89
0.5993247106671333,4,89
0.5939648970961571,5,89
0.5877912864089012,6,89
0.5863985195755959,7,89
0.586848646402359,8,89
0.5849226117134094,9,89
0.5810165330767632,10,89
0.5754906758666039,11,89
0.5710820704698563,12,89
0.5672749578952789,13,89
0.5541153810918331,14,89
0.5436705537140369,15,89
0.5410930141806602,16,89
0.5393094830214977,17,89
0.5342835634946823,18,89
0.5248750392347574,19,89
0.5229515172541142,20,89
0.5230004526674747,21,89
0.5252522975206375,22,89
0.5313422419130802,23,89
0.5450390428304672,24,89
0.5599465630948544,25,89
0.5722211822867393,26,89
0.5965056344866753,27,89
0.596630372107029,28,89
0.6024573519825935,29,89
0.6072840690612793,30,89
0.6051842644810677,31,89
0.59134092181921,32,89
0.5806570649147034,33,89
0.5663648843765259,34,89
0.5439395159482956,35,89
0.5176982153207064,36,89
0.4901357665657997,37,89
0.46733447164297104,38,89
0.4515381343662739,39,89
0.433171346783638,40,89
0.4107237681746483,41,89
0.4006986767053604,42,89
0.3967541828751564,43,89
0.3973056748509407,44,89
0.3932849019765854,45,89
0.38882144540548325,46,89
0.3822561204433441,47,89
0.37877750396728516,48,89
0.37820764631032944,49,89
0.3883640691637993,50,89
0.39788349717855453,51,89
0.4045606628060341,52,89
0.40631090849637985,53,89
0.40735291689634323,54,89
0.4074925258755684,55,89
0.4097266420722008,56,89
0.4180160462856293,57,89
0.42564762383699417,58,89
0.4367090314626694,59,89
0.44675397872924805,60,89
0.4487565867602825,61,89
0.45503129065036774,62,89
0.45553551986813545,63,89
0.4501844383776188,64,89
0.4424423351883888,65,89
0.4311901181936264,66,89
0.41634785383939743,67,89
0.4008897989988327,68,89
0.39221030473709106,69,89
0.3904695436358452,70,89
0.39212626218795776,71,89
0.3928305134177208,72,89
0.3984864503145218,73,89
0.4117380902171135,74,89
0.42971261590719223,75,89
0.4457924999296665,76,89
0.45222342386841774,77,89
0.4551788792014122,78,89
0.4582105539739132,79,89
0.4646078124642372,80,89
0.4680592641234398,81,89
0.4736990537494421,82,89
0.4780787490308285,83,89
0.48504784516990185,84,89
0.49138782173395157,85,89
0.4984557924326509,86,89
0.5065473886206746,87,89
0.5167816672474146,88,89
0.5308353565633297,89,89
0.53096236102283,90,89
0.5453060679137707,91,89
0.5617531463503838,92,89
0.5763973221182823,93,89
0.5890496298670769,94,89
0.6052383780479431,95,89
0.6175190433859825,96,89
0.6264654248952866,97,89
0.6430464088916779,98,89
0.6622829288244247,99,89
0.6760964244604111,100,89
0.6858621537685394,101,89
0.6963848322629929,102,89
0.7036774456501007,103,89
0.7150148451328278,104,89
0.7222515195608139,105,89
0.7242444604635239,106,89
0.726898804306984,107,89
0.7296076267957687,108,89
0.736260712146759,109,89
0.7343394905328751,110,89
0.7257979512214661,111,89
0.7244202494621277,112,89
0.7345287352800369,113,89
0.7174113839864731,114,89
0.7069472074508667,115,89
0.6956464499235153,116,89
0.6861319988965988,117,89
0.6808791309595108,118,89
0.6732818484306335,119,89
0.6658414751291275,120,89
0.6574830859899521,121,89
0.655609130859375,122,89
0.6614361107349396,123,89
0.6687145382165909,124,89
0.6718859821557999,125,89
0.6758172363042831,126,89
0.6685661673545837,127,89
0.6630688905715942,128,89
0.6563919335603714,129,89
0.6534726917743683,130,89
0.6511543840169907,131,89
0.6534769684076309,132,89
0.6540743559598923,133,89
0.6479267030954361,134,89
0.6467809528112411,135,89
0.643181562423706,136,89
0.6393480002880096,137,89
0.6351495087146759,138,89
0.623652845621109,139,89
0.6132885068655014,140,89
0.5978327617049217,141,89
0.5936978906393051,142,89
0.5888980254530907,143,89
0.5752358585596085,144,89
0.5592070743441582,145,89
0.5421710349619389,146,89
0.5258009489625692,147,89
0.5118599133566022,148,89
0.49726464389823377,149,89
0.6038443744182587,0,90
0.6067545935511589,1,90
0.6084148734807968,2,90
0.5975178480148315,3,90
0.5971196740865707,4,90
0.5942664965987206,5,90
0.587020568549633,6,90
0.5817688405513763,7,90
0.5823537781834602,8,90
0.5804055333137512,9,90
0.576145276427269,10,90
0.5752415135502815,11,90
0.5695242509245872,12,90
0.5641420260071754,13,90
0.5511222779750824,14,90
0.5419060401618481,15,90
0.536441020667553,16,90
0.5317999385297298,17,90
0.5283809565007687,18,90
0.5231939777731895,19,90
0.522000951692462,20,90
0.5235977787524462,21,90
0.5232217218726873,22,90
0.5312278177589178,23,90
0.5524090863764286,24,90
0.5655854344367981,25,90
0.582018181681633,26,90
0.5860579460859299,27,90
0.5968640521168709,28,90
0.6024665981531143,29,90
0.6053813472390175,30,90
0.5953149572014809,31,90
0.5863356366753578,32,90
0.5710718184709549,33,90
0.5594232529401779,34,90
0.540709737688303,35,90
0.5244496483355761,36,90
0.49524877732619643,37,90
0.4720747862011194,38,90
0.45413149148225784,39,90
0.4378354959189892,40,90
0.4142724573612213,41,90
0.4024185463786125,42,90
0.3920421302318573,43,90
0.3905881568789482,44,90
0.39460907131433487,45,90
0.3902183324098587,46,90
0.38588374853134155,47,90
0.38069313764572144,48,90
0.3880043625831604,49,90
0.39380496740341187,50,90
0.39919254928827286,51,90
0.4057937264442444,52,90
0.40084483474493027,53,90
0.4053501710295677,54,90
0.4081316664814949,55,90
0.40457042306661606,56,90
0.41459493339061737,57,90
0.4248286485671997,58,90
0.4371853619813919,59,90
0.4422086402773857,60,90
0.45160892605781555,61,90
0.4609108604490757,62,90
0.4583437852561474,63,90
0.45565755292773247,64,90
0.4481192044913769,65,90
0.4355062022805214,66,90
0.4229404106736183,67,90
0.4056224077939987,68,90
0.3981790989637375,69,90
0.39672673493623734,70,90
0.39123035967350006,71,90
0.3858628049492836,72,90
0.3911660313606262,73,90
0.39868536591529846,74,90
0.4196499139070511,75,90
0.43280626088380814,76,90
0.43806855753064156,77,90
0.44168635830283165,78,90
0.44358765706419945,79,90
0.4451459050178528,80,90
0.45018889009952545,81,90
0.4627551697194576,82,90
0.46920898742973804,83,90
0.48195468820631504,84,90
0.4936082693748176,85,90
0.49699997575953603,86,90
0.5042583071626723,87,90
0.5126199759542942,88,90
0.5235332120209932,89,90
0.5340566784143448,90,90
0.5407457686960697,91,90
0.5575013794004917,92,90
0.5720193758606911,93,90
0.5882335156202316,94,90
0.6036471053957939,95,90
0.6189032644033432,96,90
0.6313997358083725,97,90
0.646899402141571,98,90
0.6637595593929291,99,90
0.6731472611427307,100,90
0.6846878230571747,101,90
0.6907056868076324,102,90
0.7010123282670975,103,90
0.7127439081668854,104,90
0.7248257398605347,105,90
0.7289478182792664,106,90
0.7349245399236679,107,90
0.7435274124145508,108,90
0.7443824261426926,109,90
0.7474384605884552,110,90
0.7449121028184891,111,90
0.743544265627861,112,90
0.7412838488817215,113,90
0.7262454479932785,114,90
0.7181399315595627,115,90
0.7102977931499481,116,90
0.7026939690113068,117,90
0.6958620101213455,118,90
0.6904393583536148,119,90
0.6773492097854614,120,90
0.6650030314922333,121,90
0.6664286255836487,122,90
0.6679224073886871,123,90
0.6752757281064987,124,90
0.6749393492937088,125,90
0.6777618527412415,126,90
0.6731502860784531,127,90
0.6655616164207458,128,90
0.6555016934871674,129,90
0.6530185788869858,130,90
0.6553086489439011,131,90
0.6541638970375061,132,90
0.6522402167320251,133,90
0.6494344621896744,134,90
0.6490208804607391,135,90
0.6409774422645569,136,90
0.6386697292327881,137,90
0.6375333517789841,138,90
0.6264190822839737,139,90
0.6141234412789345,140,90
0.5960443690419197,141,90
0.5887324437499046,142,90
0.5791432484984398,143,90
0.5602633431553841,144,90
0.5499513447284698,145,90
0.534834947437048,146,90
0.5263164602220058,147,90
0.518026702105999,148,90
0.5012878408888355,149,90
0.5987964123487473,0,91
0.5987448617815971,1,91
0.5961512625217438,2,91
0.5931627005338669,3,91
0.5906536430120468,4,91
0.5882650911808014,5,91
0.5869753807783127,6,91
0.580794595181942,7,91
0.5769157856702805,8,91
0.5709624364972115,9,91
0.5715149268507957,10,91
0.5705863982439041,11,91
0.5636902749538422,12,91
0.5563457161188126,13,91
0.5479138158261776,14,91
0.5377762243151665,15,91
0.5288510713726282,16,91
0.524455675855279,17,91
0.5222820322960615,18,91
0.5215266365557909,19,91
0.5222841966897249,20,91
0.5228355024009943,21,91
0.5266694836318493,22,91
0.5355803482234478,23,91
0.5481572151184082,24,91
0.5612680576741695,25,91
0.5673820078372955,26,91
0.582548588514328,27,91
0.5927320048213005,28,91
0.5985168218612671,29,91
0.6031246110796928,30,91
0.5941925793886185,31,91
0.5872684121131897,32,91
0.5611376762390137,33,91
0.5440790839493275,34,91
0.5312578976154327,35,91
0.5188397839665413,36,91
0.49693417199887335,37,91
0.4768368564546108,38,91
0.45661550760269165,39,91
0.4437865875661373,40,91
0.4232280105352402,41,91
0.40907416492700577,42,91
0.39986831694841385,43,91
0.3968186676502228,44,91
0.3954358622431755,45,91
0.3872085362672806,46,91
0.3849031552672386,47,91
0.3856307417154312,48,91
0.38802240043878555,49,91
0.38516537100076675,50,91
0.39041686803102493,51,91
0.3990223631262779,52,91
0.3959668278694153,53,91
0.40466277301311493,54,91
0.40890754759311676,55,91
0.41183440387248993,56,91
0.4180920422077179,57,91
0.4246315062046051,58,91
0.4285212457180023,59,91
0.4399966672062874,60,91
0.4533472880721092,61,91
0.46250272542238235,62,91
0.4597511328756809,63,91
0.45593157038092613,64,91
0.44535044208168983,65,91
0.43461521714925766,66,91
0.42523786425590515,67,91
0.4112413227558136,68,91
0.4027240127325058,69,91
0.39586634933948517,70,91
0.3909788727760315,71,91
0.3848598971962929,72,91
0.38860034197568893,73,91
0.39684154838323593,74,91
0.4144381955265999,75,91
0.42637090384960175,76,91
0.43243078142404556,77,91
0.4334688261151314,78,91
0.4320647045969963,79,91
0.43401285260915756,80,91
0.4408315494656563,81,91
0.4584418125450611,82,91
0.46414677798748016,83,91
0.47293965332210064,84,91
0.48289926536381245,85,91
0.48844981752336025,86,91
0.4929402298294008,87,91
0.5042979698628187,88,91
0.5190568212419748,89,91
0.5280357860028744,90,91
0.5401839092373848,91,91
0.5568271800875664,92,91
0.5704418048262596,93,91
0.5889807492494583,94,91
0.6080857887864113,95,91
0.6244181543588638,96,91
0.6402069926261902,97,91
0.6550124287605286,98,91
0.6603216677904129,99,91
0.6684014946222305,100,91
0.6789076924324036,101,91
0.6916293501853943,102,91
0.7011068761348724,103,91
0.7135478258132935,104,91
0.7236365675926208,105,91
0.7331185191869736,106,91
0.7401549071073532,107,91
0.7448399215936661,108,91
0.7479444444179535,109,91
0.7580606639385223,110,91
0.7553776800632477,111,91
0.7512463927268982,112,91
0.7421715706586838,113,91
0.7306730300188065,114,91
0.724858433008194,115,91
0.7227315604686737,116,91
0.7169184982776642,117,91
0.7057725638151169,118,91
0.7034608721733093,119,91
0.6937042325735092,120,91
0.6845548301935196,121,91
0.6807065308094025,122,91
0.6782298684120178,123,91
0.6847470104694366,124,91
0.6844136267900467,125,91
0.6878858208656311,126,91
0.6797897070646286,127,91
0.6675547957420349,128,91
0.6561931818723679,129,91
0.6567006856203079,130,91
0.6552381366491318,131,91
0.6572365909814835,132,91
0.6564276814460754,133,91
0.6526841819286346,134,91
0.6495789289474487,135,91
0.6420570611953735,136,91
0.6350758224725723,137,91
0.6322467774152756,138,91
0.6276735812425613,139,91
0.6165697872638702,140,91
0.5990352183580399,141,91
0.5832769945263863,142,91
0.5746806263923645,143,91
0.5577316209673882,144,91
0.542254950851202,145,91
0.5291962083429098,146,91
0.5228258520364761,147,91
0.516676900908351,148,91
0.49934624432353303,149,91
0.5945213511586189,0,92
0.5928056165575981,1,92
0.5905425176024437,2,92
0.5867923721671104,3,92
0.5861160606145859,4,92
0.5852096453309059,5,92
0.5854745805263519,6,92
0.5740872099995613,7,92
0.5691669136285782,8,92
0.5664130970835686,9,92
0.5653959065675735,10,92
0.5633574947714806,11,92
0.5569157227873802,12,92
0.5536649487912655,13,92
0.546204786747694,14,92
0.5359648130834103,15,92
0.5288032274693251,16,92
0.524704284965992,17,92
0.5201100129634142,18,92
0.5237959362566471,19,92
0.5201788954436779,20,92
0.5206570941954851,21,92
0.5245959199965,22,92
0.5321582034230232,23,92
0.5420570075511932,24,92
0.5483616963028908,25,92
0.5579745434224606,26,92
0.5746837854385376,27,92
0.5826199650764465,28,92
0.5865582972764969,29,92
0.5890975520014763,30,92
0.5890866741538048,31,92
0.5807655900716782,32,92
0.5563152655959129,33,92
0.5346956290304661,34,92
0.5206192824989557,35,92
0.5169068574905396,36,92
0.5007307244231924,37,92
0.4855033792555332,38,92
0.46581314504146576,39,92
0.449995256960392,40,92
0.42739221453666687,41,92
0.41345179826021194,42,92
0.40494680404663086,43,92
0.40232717245817184,44,92
0.39789847284555435,45,92
0.39486993104219437,46,92
0.39065956324338913,47,92
0.39131874591112137,48,92
0.3883514851331711,49,92
0.38366590440273285,50,92
0.38668419420719147,51,92
0.3913756087422371,52,92
0.39575759321451187,53,92
0.4033607989549637,54,92
0.4102287217974663,55,92
0.4166856035590172,56,92
0.4200247824192047,57,92
0.4235909879207611,58,92
0.4276331514120102,59,92
0.44073154032230377,60,92
0.4479779489338398,61,92
0.4506637193262577,62,92
0.44936705753207207,63,92
0.44888976961374283,64,92
0.4442441761493683,65,92
0.43533942848443985,66,92
0.4263007193803787,67,92
0.4145623743534088,68,92
0.40528951585292816,69,92
0.39681652188301086,70,92
0.3931760862469673,71,92
0.39048320800065994,72,92
0.3952734246850014,73,92
0.40422236919403076,74,92
0.4183718413114548,75,92
0.4280879944562912,76,92
0.43331386893987656,77,92
0.42884379625320435,78,92
0.42920416593551636,79,92
0.43595460802316666,80,92
0.4445277005434036,81,92
0.45065300166606903,82,92
0.4594133235514164,83,92
0.46291476115584373,84,92
0.47228361293673515,85,92
0.4815559647977352,86,92
0.49233929673209786,87,92
0.4986341967014596,88,92
0.5097727151587605,89,92
0.5228613968938589,90,92
0.5389718525111675,91,92
0.5569080747663975,92,92
0.5715019330382347,93,92
0.5930997729301453,94,92
0.6117667928338051,95,92
0.623702697455883,96,92
0.6414478421211243,97,92
0.6558800935745239,98,92
0.6541130393743515,99,92
0.6661256700754166,100,92
0.6781178712844849,101,92
0.6925689280033112,102,92
0.7043867409229279,103,92
0.7158935368061066,104,92
0.7247437536716461,105,92
0.7335563153028488,106,92
0.7397688180208206,107,92
0.7418852150440216,108,92
0.7489748001098633,109,92
0.7621487081050873,110,92
0.7591007649898529,111,92
0.7520790696144104,112,92
0.7440018355846405,113,92
0.7310288846492767,114,92
0.7274103313684464,115,92
0.7244564741849899,116,92
0.7181330472230911,117,92
0.7225917279720306,118,92
0.7185708731412888,119,92
0.7107987850904465,120,92
0.6972612142562866,121,92
0.692418560385704,122,92
0.6904353946447372,123,92
0.6947632431983948,124,92
0.6975584924221039,125,92
0.6979543715715408,126,92
0.688515916466713,127,92
0.6788832396268845,128,92
0.66952945291996,129,92
0.6647174060344696,130,92
0.6598394066095352,131,92
0.6621732413768768,132,92
0.6628552079200745,133,92
0.6583593934774399,134,92
0.6520058512687683,135,92
0.6449625939130783,136,92
0.638308584690094,137,92
0.635142520070076,138,92
0.6280393004417419,139,92
0.6179532781243324,140,92
0.5948747768998146,141,92
0.583898738026619,142,92
0.5773023515939713,143,92
0.5584414973855019,144,92
0.53958610445261,145,92
0.529331162571907,146,92
0.520563792437315,147,92
0.5078461533412337,148,92
0.4991579905617982,149,92
0.5959348827600479,0,93
0.5903381109237671,1,93
0.5851921513676643,2,93
0.579304575920105,3,93
0.5723723024129868,4,93
0.5670323222875595,5,93
0.5665025860071182,6,93
0.5569169521331787,7,93
0.5567620024085045,8,93
0.5570711083710194,9,93
0.555877361446619,10,93
0.5508460514247417,11,93
0.545278538018465,12,93
0.5466151237487793,13,93
0.5377221331000328,14,93
0.5277288183569908,15,93
0.5271065142005682,16,93
0.5205579772591591,17,93
0.5153100565075874,18,93
0.5176394898444414,19,93
0.5155392158776522,20,93
0.5120143452659249,21,93
0.5160135105252266,22,93
0.5273613948374987,23,93
0.5339640118181705,24,93
0.54143151268363,25,93
0.5471793189644814,26,93
0.5585783161222935,27,93
0.5677737221121788,28,93
0.5669441223144531,29,93
0.5661107078194618,30,93
0.5645346716046333,31,93
0.5616265013813972,32,93
0.5473277419805527,33,93
0.5290156360715628,34,93
0.5164461154490709,35,93
0.5166076608002186,36,93
0.5048295948654413,37,93
0.49139120802283287,38,93
0.4749106951057911,39,93
0.4579908065497875,40,93
0.43421075493097305,41,93
0.4236767143011093,42,93
0.4145449995994568,43,93
0.40900639444589615,44,93
0.40310701727867126,45,93
0.4003092721104622,46,93
0.3968042954802513,47,93
0.39398667961359024,48,93
0.3867756426334381,49,93
0.378022164106369,50,93
0.3782869875431061,51,93
0.3882175534963608,52,93
0.3945593014359474,53,93
0.4006361737847328,54,93
0.41458967328071594,55,93
0.4193112626671791,56,93
0.41891684383153915,57,93
0.42172836512327194,58,93
0.4322708770632744,59,93
0.43982961773872375,60,93
0.4438270442187786,61,93
0.44381633773446083,62,93
0.4400216266512871,63,93
0.441802766174078,64,93
0.4351139962673187,65,93
0.4322684481739998,66,93
0.42611340433359146,67,93
0.4159073606133461,68,93
0.4103121757507324,69,93
0.40172695368528366,70,93
0.4044133275747299,71,93
0.4074492007493973,72,93
0.410700298845768,73,93
0.41881056129932404,74,93
0.42783553153276443,75,93
0.4375894032418728,76,93
0.4440908916294575,77,93
0.442661814391613,78,93
0.4428810700774193,79,93
0.445105466991663,80,93
0.45059705525636673,81,93
0.4498007595539093,82,93
0.4553229846060276,83,93
0.45719319581985474,84,93
0.4656868949532509,85,93
0.4772933889180422,86,93
0.4883651388809085,87,93
0.5063111074268818,88,93
0.5209156293421984,89,93
0.535412821918726,90,93
0.546588059514761,91,93
0.561981413513422,92,93
0.5713587403297424,93,93
0.588128536939621,94,93
0.6123800128698349,95,93
0.6282021552324295,96,93
0.6417054235935211,97,93
0.6523156017065048,98,93
0.6544573903083801,99,93
0.6557967364788055,100,93
0.6710312515497208,101,93
0.690380334854126,102,93
0.7024955600500107,103,93
0.7179436087608337,104,93
0.7254449129104614,105,93
0.7340521514415741,106,93
0.7391773462295532,107,93
0.7457618862390518,108,93
0.7525484561920166,109,93
0.7555955052375793,110,93
0.7472337484359741,111,93
0.7412891685962677,112,93
0.7356497347354889,113,93
0.7305149883031845,114,93
0.7323091328144073,115,93
0.7348213195800781,116,93
0.7311603128910065,117,93
0.7277080416679382,118,93
0.726308599114418,119,93
0.7178851515054703,120,93
0.7136745601892471,121,93
0.7077618986368179,122,93
0.7027253359556198,123,93
0.7060199826955795,124,93
0.7072174698114395,125,93
0.7073787301778793,126,93
0.6915635168552399,127,93
0.6797147542238235,128,93
0.6725145280361176,129,93
0.6698921769857407,130,93
0.665352076292038,131,93
0.665654256939888,132,93
0.6648357063531876,133,93
0.6611379235982895,134,93
0.6559057086706161,135,93
0.6523399949073792,136,93
0.6523400396108627,137,93
0.6449467092752457,138,93
0.6349903494119644,139,93
0.620563842356205,140,93
0.5903221815824509,141,93
0.5805513262748718,142,93
0.5673703998327255,143,93
0.5535332597792149,144,93
0.5402597561478615,145,93
0.5285833440721035,146,93
0.519458157941699,147,93
0.5057520954869688,148,93
0.4972946331836283,149,93
0.5968855917453766,0,94
0.5894733816385269,1,94
0.5790083110332489,2,94
0.5735220164060593,3,94
0.5684251934289932,4,94
0.5569146014750004,5,94
0.5428294725716114,6,94
0.5414161644876003,7,94
0.5402354560792446,8,94
0.5407250300049782,9,94
0.5385161750018597,10,94
0.5363923162221909,11,94
0.5364388898015022,12,94
0.5393974520266056,13,94
0.5338838621973991,14,94
0.5274397749453783,15,94
0.5248969309031963,16,94
0.5187520235776901,17,94
0.5154906362295151,18,94
0.5171115323901176,19,94
0.5115948989987373,20,94
0.5082031795755029,21,94
0.5118358870968223,22,94
0.5163996405899525,23,94
0.5212051849812269,24,94
0.5259916111826897,25,94
0.5371000692248344,26,94
0.5439974628388882,27,94
0.5508809462189674,28,94
0.5463601090013981,29,94
0.5476720221340656,30,94
0.5456320606172085,31,94
0.5440132357180119,32,94
0.5311442986130714,33,94
0.5189406760036945,34,94
0.509832669980824,35,94
0.5064334301277995,36,94
0.5014502424746752,37,94
0.4881226681172848,38,94
0.4699385352432728,39,94
0.45266586914658546,40,94
0.4350063353776932,41,94
0.42764198035001755,42,94
0.4210669919848442,43,94
0.4165985509753227,44,94
0.4143137112259865,45,94
0.4091388061642647,46,94
0.4020044580101967,47,94
0.3993001952767372,48,94
0.39102233946323395,49,94
0.37706514447927475,50,94
0.3796231225132942,51,94
0.38733479380607605,52,94
0.39396845549345016,53,94
0.3991696611046791,54,94
0.4090518355369568,55,94
0.4138932228088379,56,94
0.41470474749803543,57,94
0.41928423941135406,58,94
0.4285952150821686,59,94
0.4360353648662567,60,94
0.44204181432724,61,94
0.4440603069961071,62,94
0.4382738322019577,63,94
0.43936944380402565,64,94
0.43636010587215424,65,94
0.43596581369638443,66,94
0.42743588238954544,67,94
0.41673270612955093,68,94
0.41190576553344727,69,94
0.40462756901979446,70,94
0.41082145273685455,71,94
0.4178893119096756,72,94
0.41812417656183243,73,94
0.4224190264940262,74,94
0.43508587032556534,75,94
0.4434990882873535,76,94
0.4472271725535393,77,94
0.4483501613140106,78,94
0.44473905861377716,79,94
0.4456469751894474,80,94
0.4446178786456585,81,94
0.4468742646276951,82,94
0.4546188935637474,83,94
0.4626269266009331,84,94
0.4715326949954033,85,94
0.47940282337367535,86,94
0.49065648298710585,87,94
0.504953850992024,88,94
0.5247764140367508,89,94
0.5409662500023842,90,94
0.5497047379612923,91,94
0.5608161278069019,92,94
0.5674865543842316,93,94
0.5860593691468239,94,94
0.614036500453949,95,94
0.6288032084703445,96,94
0.637648344039917,97,94
0.6420112252235413,98,94
0.6468231528997421,99,94
0.6567118018865585,100,94
0.6725443303585052,101,94
0.6871179044246674,102,94
0.703274741768837,103,94
0.7116181403398514,104,94
0.7213291227817535,105,94
0.7284237593412399,106,94
0.7310661524534225,107,94
0.7360102832317352,108,94
0.7430294901132584,109,94
0.7446600645780563,110,94
0.7385321855545044,111,94
0.732069119811058,112,94
0.7261852622032166,113,94
0.7255504876375198,114,94
0.728964313864708,115,94
0.7321864515542984,116,94
0.7311772406101227,117,94
0.7252779304981232,118,94
0.7250653654336929,119,94
0.7287093847990036,120,94
0.7279760837554932,121,94
0.724725067615509,122,94
0.7139995843172073,123,94
0.7143444269895554,124,94
0.7151949107646942,125,94
0.7114078551530838,126,94
0.6964968889951706,127,94
0.6832888722419739,128,94
0.6782397925853729,129,94
0.6761639267206192,130,94
0.6746399253606796,131,94
0.6718918085098267,132,94
0.6650756448507309,133,94
0.6627773642539978,134,94
0.660251647233963,135,94
0.6581987589597702,136,94
0.656769260764122,137,94
0.6501690149307251,138,94
0.6330972611904144,139,94
0.6169139966368675,140,94
0.5931255221366882,141,94
0.5792480260133743,142,94
0.5642508789896965,143,94
0.5519598238170147,144,94
0.5385765209794044,145,94
0.5278983861207962,146,94
0.518215561285615,147,94
0.5070976060815156,148,94
0.4984062359435484,149,94
0.6018584370613098,0,95
0.5873324424028397,1,95
0.5749444589018822,2,95
0.5667111203074455,3,95
0.5544341020286083,4,95
0.5419797003269196,5,95
0.5292635895311832,6,95
0.5270123910158873,7,95
0.5327903218567371,8,95
0.5370860919356346,9,95
0.5305321048945189,10,95
0.526375338435173,11,95
0.5322578325867653,12,95
0.5356990769505501,13,95
0.5296131689101458,14,95
0.522836996242404,15,95
0.5156839732080698,16,95
0.514128815382719,17,95
0.5102602625265718,18,95
0.5097489189356565,19,95
0.507844221778214,20,95
0.5064227562397718,21,95
0.504568740259856,22,95
0.5015181326307356,23,95
0.511653658002615,24,95
0.5164456497877836,25,95
0.5229472983628511,26,95
0.5283612664788961,27,95
0.5291862487792969,28,95
0.526958767324686,29,95
0.5277846697717905,30,95
0.5303955897688866,31,95
0.5303750913590193,32,95
0.518809899687767,33,95
0.5145869962871075,34,95
0.5069780847989023,35,95
0.5006228414131328,36,95
0.49561298778280616,37,95
0.48192460276186466,38,95
0.4674159586429596,39,95
0.45328790321946144,40,95
0.43566253781318665,41,95
0.4237256795167923,42,95
0.4210866242647171,43,95
0.42059285193681717,44,95
0.42192986607551575,45,95
0.4149620905518532,46,95
0.4070280194282532,47,95
0.40598542243242264,48,95
0.3986136466264725,49,95
0.3877713605761528,50,95
0.3862088769674301,51,95
0.38962799310684204,52,95
0.39384549111127853,53,95
0.39813365042209625,54,95
0.40135345607995987,55,95
0.40715521574020386,56,95
0.4095401391386986,57,95
0.4200887307524681,58,95
0.4272206798195839,59,95
0.43666670471429825,60,95
0.4427868574857712,61,95
0.44282012805342674,62,95
0.43997227400541306,63,95
0.4401388429105282,64,95
0.4397529438138008,65,95
0.44114645570516586,66,95
0.43274327367544174,67,95
0.4242541268467903,68,95
0.41977204382419586,69,95
0.4115414693951607,70,95
0.41858427226543427,71,95
0.42446670681238174,72,95
0.4246091917157173,73,95
0.42592965066432953,74,95
0.43970882147550583,75,95
0.45341912657022476,76,95
0.4532412737607956,77,95
0.45536717772483826,78,95
0.45549124106764793,79,95
0.4538850300014019,80,95
0.451048381626606,81,95
0.453171256929636,82,95
0.4632505029439926,83,95
0.4728208389133215,84,95
0.4809360224753618,85,95
0.48792875930666924,86,95
0.49786852137185633,87,95
0.5110718468204141,88,95
0.5287413187325001,89,95
0.5471673235297203,90,95
0.5576474331319332,91,95
0.5677054077386856,92,95
0.5772000029683113,93,95
0.5881070271134377,94,95
0.6102621108293533,95,95
0.6282447874546051,96,95
0.6393952071666718,97,95
0.6408790498971939,98,95
0.6451933234930038,99,95
0.6588567644357681,100,95
0.6760289222002029,101,95
0.6878974586725235,102,95
0.7000154405832291,103,95
0.7088896036148071,104,95
0.7258614748716354,105,95
0.7250213474035263,106,95
0.7281187474727631,107,95
0.7280287891626358,108,95
0.7318650335073471,109,95
0.7335243970155716,110,95
0.7318660914897919,111,95
0.7327273637056351,112,95
0.7281933575868607,113,95
0.7291162610054016,114,95
0.7312325686216354,115,95
0.7337327301502228,116,95
0.735130101442337,117,95
0.7321396023035049,118,95
0.7302754372358322,119,95
0.7311243116855621,120,95
0.7354802340269089,121,95
0.7314883470535278,122,95
0.7250778079032898,123,95
0.7205110341310501,124,95
0.7229641228914261,125,95
0.7105194181203842,126,95
0.7000417411327362,127,95
0.6913928538560867,128,95
0.6836629211902618,129,95
0.6767316311597824,130,95
0.6718259751796722,131,95
0.6720867604017258,132,95
0.6691970378160477,133,95
0.6667172610759735,134,95
0.6653309762477875,135,95
0.6646644175052643,136,95
0.6578054130077362,137,95
0.6446027904748917,138,95
0.6297985166311264,139,95
0.612845316529274,140,95
0.5943176671862602,141,95
0.580734372138977,142,95
0.5663924962282181,143,95
0.5514532588422298,144,95
0.5402428582310677,145,95
0.5297460164874792,146,95
0.5201013199985027,147,95
0.5091658048331738,148,95
0.5022153730969876,149,95
0.5895472392439842,0,96
0.5806975960731506,1,96
0.567116267979145,2,96
0.5527765080332756,3,96
0.5438639558851719,4,96
0.5352090038359165,5,96
0.5282339211553335,6,96
0.5258513819426298,7,96
0.525798199698329,8,96
0.5337366126477718,9,96
0.5290009547024965,10,96
0.5279706846922636,11,96
0.5271365065127611,12,96
0.526229489594698,13,96
0.5226594563573599,14,96
0.5183145608752966,15,96
0.5138659458607435,16,96
0.5142072979360819,17,96
0.5097649376839399,18,96
0.5077413832768798,19,96
0.5097210323438048,20,96
0.50505505874753,21,96
0.5016038360772654,22,96
0.49778876709751785,23,96
0.5027550288941711,24,96
0.5057131354697049,25,96
0.5080135399475694,26,96
0.5133139593526721,27,96
0.5147581128403544,28,96
0.5139717906713486,29,96
0.5197450593113899,30,96
0.5197570249438286,31,96
0.5271390397101641,32,96
0.5076541653834283,33,96
0.507363555021584,34,96
0.498532158206217,35,96
0.4984271530993283,36,96
0.4908392559736967,37,96
0.48053526878356934,38,96
0.4660647436976433,39,96
0.4518580883741379,40,96
0.437464140355587,41,96
0.4265733137726784,42,96
0.4206877797842026,43,96
0.42462851852178574,44,96
0.4221775680780411,45,96
0.4181966781616211,46,96
0.41297394037246704,47,96
0.41406987607479095,48,96
0.40812554210424423,49,96
0.3969421908259392,50,96
0.39277634024620056,51,96
0.39438990503549576,52,96
0.39430752396583557,53,96
0.395215205848217,54,96
0.3996891528367996,55,96
0.40995050221681595,56,96
0.4159858003258705,57,96
0.42681019753217697,58,96
0.4382147565484047,59,96
0.4470384083688259,60,96
0.4544089846313,61,96
0.4546760097146034,62,96
0.4470823258161545,63,96
0.4426182173192501,64,96
0.44172171130776405,65,96
0.4385990649461746,66,96
0.4345525950193405,67,96
0.43098971992731094,68,96
0.4250156208872795,69,96
0.4191512018442154,70,96
0.42276427894830704,71,96
0.42680393159389496,72,96
0.43423500657081604,73,96
0.43847571313381195,74,96
0.4490538015961647,75,96
0.4573889300227165,76,96
0.45997751876711845,77,96
0.4654962979257107,78,96
0.4637461006641388,79,96
0.4628245271742344,80,96
0.465225238353014,81,96
0.4647237993776798,82,96
0.4701227378100157,83,96
0.4840292949229479,84,96
0.48578392155468464,85,96
0.48893214389681816,86,96
0.5016137221828103,87,96
0.5215645004063845,88,96
0.538585726171732,89,96
0.5528295710682869,90,96
0.5627578347921371,91,96
0.573776088654995,92,96
0.5867485925555229,93,96
0.5976293906569481,94,96
0.6071631461381912,95,96
0.6262872070074081,96,96
0.6391493678092957,97,96
0.6440569162368774,98,96
0.6487644463777542,99,96
0.6578343510627747,100,96
0.6733717322349548,101,96
0.6849763244390488,102,96
0.6969928443431854,103,96
0.7043466120958328,104,96
0.7043981403112411,105,96
0.7087616324424744,106,96
0.719491258263588,107,96
0.7252775728702545,108,96
0.7220077514648438,109,96
0.7259414345026016,110,96
0.7289759069681168,111,96
0.7308572232723236,112,96
0.728756383061409,113,96
0.7324110269546509,114,96
0.7373290807008743,115,96
0.7380093485116959,116,96
0.7410542219877243,117,96
0.74158875644207,118,96
0.73592509329319,119,96
0.7320359200239182,120,96
0.7313746809959412,121,96
0.7265739291906357,122,96
0.7198797762393951,123,96
0.7173897176980972,124,96
0.7166863977909088,125,96
0.7101411521434784,126,96
0.7016451060771942,127,96
0.6923648864030838,128,96
0.6853910833597183,129,96
0.6783633530139923,130,96
0.6747047603130341,131,96
0.6714529097080231,132,96
0.6709963977336884,133,96
0.6745345890522003,134,96
0.672356516122818,135,96
0.6652649939060211,136,96
0.6505969762802124,137,96
0.6346522271633148,138,96
0.6213727593421936,139,96
0.6081051751971245,140,96
0.5928884223103523,141,96
0.582314021885395,142,96
0.570996880531311,143,96
0.5562261193990707,144,96
0.5435332097113132,145,96
0.5365713909268379,146,96
0.5234243217855692,147,96
0.5143056772649288,148,96
0.5129058305174112,149,96
0.5770819634199142,0,97
0.5700791701674461,1,97
0.5579799450933933,2,97
0.5456184260547161,3,97
0.5364371240139008,4,97
0.5294236931949854,5,97
0.526466641575098,6,97
0.525164470076561,7,97
0.5264867637306452,8,97
0.5272698048502207,9,97
0.528301227837801,10,97
0.5288274046033621,11,97
0.5290837697684765,12,97
0.5252498909831047,13,97
0.5187603160738945,14,97
0.5137258199974895,15,97
0.5079486519098282,16,97
0.5101050725206733,17,97
0.5086584761738777,18,97
0.5126169035211205,19,97
0.5090735191479325,20,97
0.5077018635347486,21,97
0.5028903998900205,22,97
0.4969717070925981,23,97
0.4948606383986771,24,97
0.49492920376360416,25,97
0.4929283526726067,26,97
0.49669910594820976,27,97
0.49953112832736224,28,97
0.5021943114697933,29,97
0.5053429487161338,30,97
0.5074756513349712,31,97
0.5131518263369799,32,97
0.498116317903623,33,97
0.503173332894221,34,97
0.49330016039311886,35,97
0.49390606256201863,36,97
0.486131401732564,37,97
0.48227070085704327,38,97
0.46640314906835556,39,97
0.4520188122987747,40,97
0.440477579832077,41,97
0.4315602257847786,42,97
0.42618609219789505,43,97
0.42388880997896194,44,97
0.4221063554286957,45,97
0.417937196791172,46,97
0.4118279814720154,47,97
0.4150337874889374,48,97
0.4081350639462471,49,97
0.40102703869342804,50,97
0.39638520777225494,51,97
0.395357109606266,52,97
0.39609096199274063,53,97
0.39901794493198395,54,97
0.40312278270721436,55,97
0.4148870185017586,56,97
0.42405492812395096,57,97
0.4366910830140114,58,97
0.44629569351673126,59,97
0.46018386632204056,60,97
0.4643966183066368,61,97
0.45987970381975174,62,97
0.4510621502995491,63,97
0.44931216910481453,64,97
0.44596608728170395,65,97
0.44298821687698364,66,97
0.4395139664411545,67,97
0.43783919513225555,68,97
0.4331115856766701,69,97
0.4250565320253372,70,97
0.41889679431915283,71,97
0.42604441940784454,72,97
0.438847191631794,73,97
0.44670263677835464,74,97
0.45637794211506844,75,97
0.4647448807954788,76,97
0.4677429385483265,77,97
0.4745775908231735,78,97
0.4717881716787815,79,97
0.46933578327298164,80,97
0.4718820136040449,81,97
0.4759456682950258,82,97
0.48433875292539597,83,97
0.49103226512670517,84,97
0.4992758031003177,85,97
0.5048406971618533,86,97
0.516200752928853,87,97
0.528483061119914,88,97
0.5462800711393356,89,97
0.556068193167448,90,97
0.5627280920743942,91,97
0.5758553445339203,92,97
0.593137301504612,93,97
0.60810786485672,94,97
0.6150587052106857,95,97
0.6267441511154175,96,97
0.6384424120187759,97,97
0.6455921679735184,98,97
0.6520451605319977,99,97
0.6581420600414276,100,97
0.6651154160499573,101,97
0.6766741871833801,102,97
0.6871874928474426,103,97
0.6944579780101776,104,97
0.6972330510616302,105,97
0.7053985148668289,106,97
0.7136717885732651,107,97
0.7213962227106094,108,97
0.7201971411705017,109,97
0.7207864671945572,110,97
0.7272157073020935,111,97
0.7312108278274536,112,97
0.7340421974658966,113,97
0.735027015209198,114,97
0.73410764336586,115,97
0.7294032126665115,116,97
0.734298437833786,117,97
0.7374762892723083,118,97
0.7354447245597839,119,97
0.7313261926174164,120,97
0.7262172549962997,121,97
0.7198009639978409,122,97
0.7104383707046509,123,97
0.7037683725357056,124,97
0.7046523690223694,125,97
0.7035362124443054,126,97
0.6954853981733322,127,97
0.6918698996305466,128,97
0.6838487982749939,129,97
0.6774787306785583,130,97
0.6735749691724777,131,97
0.6734604239463806,132,97
0.6724308431148529,133,97
0.6780747473239899,134,97
0.6730721145868301,135,97
0.6577021181583405,136,97
0.6421706229448318,137,97
0.6283527314662933,138,97
0.612710103392601,139,97
0.6019542366266251,140,97
0.5894779860973358,141,97
0.5764297842979431,142,97
0.5710870176553726,143,97
0.5529898107051849,144,97
0.5434962622821331,145,97
0.5398101210594177,146,97
0.5290405172854662,147,97
0.5214752703905106,148,97
0.5136248292401433,149,97
0.5619300492107868,0,98
0.5580729432404041,1,98
0.5471082255244255,2,98
0.5335942804813385,3,98
0.5268789194524288,4,98
0.5271529350429773,5,98
0.5234882198274136,6,98
0.5251104142516851,7,98
0.5262441672384739,8,98
0.5218199379742146,9,98
0.528335016220808,10,98
0.5295508578419685,11,98
0.5264825113117695,12,98
0.5265570022165775,13,98
0.5204747170209885,14,98
0.5111567722633481,15,98
0.5051849661394954,16,98
0.5078105148859322,17,98
0.5122765554115176,18,98
0.5162906125187874,19,98
0.5100195547565818,20,98
0.5079011246562004,21,98
0.5030553648248315,22,98
0.4935413245111704,23,98
0.4893789002671838,24,98
0.49183403328061104,25,98
0.4845623793080449,26,98
0.47765874676406384,27,98
0.485286851413548,28,98
0.4859812818467617,29,98
0.484566118568182,30,98
0.49257695209234953,31,98
0.5017516183434054,32,98
0.4804474040865898,33,98
0.49373166961595416,34,98
0.4977034677285701,35,98
0.4952437672764063,36,98
0.490457427687943,37,98
0.48219338431954384,38,98
0.46736065298318863,39,98
0.45271502062678337,40,98
0.44404083862900734,41,98
0.43699342012405396,42,98
0.43364834040403366,43,98
0.4272817298769951,44,98
0.422326922416687,45,98
0.41840914636850357,46,98
0.4151630476117134,47,98
0.41007501631975174,48,98
0.4044008180499077,49,98
0.39929625391960144,50,98
0.3946836069226265,51,98
0.3950522467494011,52,98
0.40249499678611755,53,98
0.40329186618328094,54,98
0.4105958789587021,55,98
0.41934243589639664,56,98
0.42993293702602386,57,98
0.44616367667913437,58,98
0.4580671153962612,59,98
0.4670470729470253,60,98
0.4670383557677269,61,98
0.4603666588664055,62,98
0.45519283786416054,63,98
0.45131199806928635,64,98
0.44647151604294777,65,98
0.44399670511484146,66,98
0.4439396560192108,67,98
0.4430466704070568,68,98
0.4382253512740135,69,98
0.4325329288840294,70,98
0.4299515262246132,71,98
0.4318832531571388,72,98
0.43839269131422043,73,98
0.45028986781835556,74,98
0.45781317353248596,75,98
0.4633049890398979,76,98
0.46782899647951126,77,98
0.47524828650057316,78,98
0.47486708872020245,79,98
0.47698573395609856,80,98
0.4793052226305008,81,98
0.48792930599302053,82,98
0.5016864382196218,83,98
0.5047473181039095,84,98
0.5071478947065771,85,98
0.515032053925097,86,98
0.5255869626998901,87,98
0.5400456078350544,88,98
0.5493064969778061,89,98
0.5558827333152294,90,98
0.5606637708842754,91,98
0.5730570405721664,92,98
0.5998825654387474,93,98
0.6145610734820366,94,98
0.6233790665864944,95,98
0.6307584941387177,96,98
0.6401032209396362,97,98
0.6481987684965134,98,98
0.6508514285087585,99,98
0.6552678793668747,100,98
0.6589175909757614,101,98
0.6687328666448593,102,98
0.6813980787992477,103,98
0.6810652315616608,104,98
0.6897293627262115,105,98
0.7020020633935928,106,98
0.7133103013038635,107,98
0.718169629573822,108,98
0.7169783264398575,109,98
0.7174302488565445,110,98
0.7266269028186798,111,98
0.7295752465724945,112,98
0.7358977347612381,113,98
0.7328694313764572,114,98
0.7169844061136246,115,98
0.7170065492391586,116,98
0.7278492897748947,117,98
0.7326150834560394,118,98
0.7287743836641312,119,98
0.7207440435886383,120,98
0.7151893973350525,121,98
0.7098230272531509,122,98
0.7028061598539352,123,98
0.697552278637886,124,98
0.6951252520084381,125,98
0.6931818127632141,126,98
0.6860738098621368,127,98
0.6827797740697861,128,98
0.6764253228902817,129,98
0.6746539622545242,130,98
0.6702246218919754,131,98
0.6692783981561661,132,98
0.666654571890831,133,98
0.6662039011716843,134,98
0.6598621010780334,135,98
0.648142620921135,136,98
0.6341927796602249,137,98
0.6168628707528114,138,98
0.6080436259508133,139,98
0.5958674997091293,140,98
0.5792756304144859,141,98
0.5735940560698509,142,98
0.5679167583584785,143,98
0.5574488900601864,144,98
0.5514300726354122,145,98
0.5457863584160805,146,98
0.5330294519662857,147,98
0.5255948677659035,148,98
0.5101976189762354,149,98
0.5433966778218746,0,99
0.5435964204370975,1,99
0.5361690148711205,2,99
0.5299088694155216,3,99
0.5222986657172441,4,99
0.524950047954917,5,99
0.5173016227781773,6,99
0.5190005227923393,7,99
0.5190751850605011,8,99
0.5201682541519403,9,99
0.5261738616973162,10,99
0.5274625085294247,11,99
0.5221178159117699,12,99
0.5189118757843971,13,99
0.5179875623434782,14,99
0.5102593516930938,15,99
0.5062738778069615,16,99
0.5010097760241479,17,99
0.5065092383883893,18,99
0.5087216990068555,19,99
0.5095651475712657,20,99
0.5094735873863101,21,99
0.5021477537229657,22,99
0.495375347789377,23,99
0.4879964515566826,24,99
0.4861252037808299,25,99
0.46727345138788223,26,99
0.4680258631706238,27,99
0.47141204588115215,28,99
0.4794984981417656,29,99
0.4751952961087227,30,99
0.4773958120495081,31,99
0.4827863648533821,32,99
0.4710008818656206,33,99
0.4867501426488161,34,99
0.49154056422412395,35,99
0.49793005222454667,36,99
0.49559942074120045,37,99
0.4813790023326874,38,99
0.46547918394207954,39,99
0.4518628716468811,40,99
0.440349955111742,41,99
0.4385251924395561,42,99
0.4347988963127136,43,99
0.43129800260066986,44,99
0.42393580824136734,45,99
0.41950394958257675,46,99
0.4120948612689972,47,99
0.4004525765776634,48,99
0.39769812673330307,49,99
0.3928026556968689,50,99
0.3917926400899887,51,99
0.399372898042202,52,99
0.4071696251630783,53,99
0.4065515100955963,54,99
0.4168405681848526,55,99
0.4279264584183693,56,99
0.44317761063575745,57,99
0.45424604043364525,58,99
0.4621667340397835,59,99
0.4693866856396198,60,99
0.46823152154684067,61,99
0.458959486335516,62,99
0.45107047632336617,63,99
0.44962336122989655,64,99
0.44355957582592964,65,99
0.4449427127838135,66,99
0.44939612224698067,67,99
0.4497752711176872,68,99
0.4473695904016495,69,99
0.4430601894855499,70,99
0.43357397615909576,71,99
0.4368591532111168,72,99
0.4417499676346779,73,99
0.4524778053164482,74,99
0.46536703780293465,75,99
0.46929522790014744,76,99
0.4703037180006504,77,99
0.47371288761496544,78,99
0.4759865254163742,79,99
0.4813697561621666,80,99
0.4880344271659851,81,99
0.4977211297955364,82,99
0.5088448729366064,83,99
0.5137073686346412,84,99
0.5154816005378962,85,99
0.5203356724232435,86,99
0.531748503446579,87,99
0.5468423217535019,88,99
0.5546185299754143,89,99
0.5610527358949184,90,99
0.5640798062086105,91,99
0.5776078179478645,92,99
0.6076552122831345,93,99
0.6202960535883904,94,99
0.6259961277246475,95,99
0.6321727186441422,96,99
0.6421572417020798,97,99
0.6454714238643646,98,99
0.6420912891626358,99,99
0.6485412418842316,100,99
0.6546369642019272,101,99
0.6664575785398483,102,99
0.6791154742240906,103,99
0.6794479340314865,104,99
0.6872987449169159,105,99
0.6998214721679688,106,99
0.7112386375665665,107,99
0.7185747027397156,108,99
0.7129775434732437,109,99
0.7132391631603241,110,99
0.7348136454820633,111,99
0.7405654489994049,112,99
0.7454237639904022,113,99
0.734804317355156,114,99
0.7202097028493881,115,99
0.7142580896615982,116,99
0.7170944660902023,117,99
0.7186829149723053,118,99
0.718610018491745,119,99
0.7130653560161591,120,99
0.7033668011426926,121,99
0.701651319861412,122,99
0.6993954926729202,123,99
0.696989893913269,124,99
0.6899009644985199,125,99
0.6847279667854309,126,99
0.6731276214122772,127,99
0.6732111126184464,128,99
0.6728094965219498,129,99
0.6747245937585831,130,99
0.6757758110761642,131,99
0.6671009808778763,132,99
0.6603808104991913,133,99
0.6560445129871368,134,99
0.6482160538434982,135,99
0.6372255831956863,136,99
0.6205083206295967,137,99
0.6053142845630646,138,99
0.5981723591685295,139,99
0.5904760882258415,140,99
0.5744122117757797,141,99
0.5686405673623085,142,99
0.5662665516138077,143,99
0.5589015781879425,144,99
0.5507063567638397,145,99
0.5440872982144356,146,99
0.5310085769742727,147,99
0.5199447255581617,148,99
0.505543848965317,149,99
0.5389629900455475,0,100
0.5355464518070221,1,100
0.5259159114211798,2,100
0.524916410446167,3,100
0.524566326290369,4,100
0.5209134835749865,5,100
0.5139997294172645,6,100
0.5099741015583277,7,100
0.50994614046067,8,100
0.5123182209208608,9,100
0.5166907943785191,10,100
0.5188694354146719,11,100
0.515775928273797,12,100
0.5173350740224123,13,100
0.5172762647271156,14,100
0.51188775151968,15,100
0.5057732267305255,16,100
0.5021513844840229,17,100
0.5018490956863388,18,100
0.5091120693832636,19,100
0.5137217156589031,20,100
0.5142063954845071,21,100
0.5079480977728963,22,100
0.49730754806660116,23,100
0.4805476497858763,24,100
0.4789408463984728,25,100
0.469969917088747,26,100
0.46475596353411674,27,100
0.46148982644081116,28,100
0.46587707474827766,29,100
0.46600551530718803,30,100
0.46685269847512245,31,100
0.47399560175836086,32,100
0.467698872089386,33,100
0.4797083642333746,34,100
0.48624209873378277,35,100
0.4908243454992771,36,100
0.4889990584924817,37,100
0.4802159611135721,38,100
0.463449876755476,39,100
0.4487249292433262,40,100
0.43535010516643524,41,100
0.43304942548274994,42,100
0.43105077743530273,43,100
0.4316588491201401,44,100
0.4211892932653427,45,100
0.41633928567171097,46,100
0.4091089963912964,47,100
0.39882665127515793,48,100
0.39107629656791687,49,100
0.38814207911491394,50,100
0.39054321497678757,51,100
0.3954048678278923,52,100
0.402620293200016,53,100
0.4115729182958603,54,100
0.4173135682940483,55,100
0.4348791241645813,56,100
0.4531157985329628,57,100
0.4600401595234871,58,100
0.4670691713690758,59,100
0.47139238752424717,60,100
0.46638019010424614,61,100
0.4571746215224266,62,100
0.4502761997282505,63,100
0.4371694251894951,64,100
0.43734556436538696,65,100
0.44193587079644203,66,100
0.4474259577691555,67,100
0.4520658850669861,68,100
0.45141563937067986,69,100
0.44248173385858536,70,100
0.4359668865799904,71,100
0.44038600847125053,72,100
0.4462907239794731,73,100
0.4579946994781494,74,100
0.4752601720392704,75,100
0.4777672290802002,76,100
0.4806707724928856,77,100
0.4855824448168278,78,100
0.48492249101400375,79,100
0.4846251914277673,80,100
0.49579580733552575,81,100
0.5071053695864975,82,100
0.5189220160245895,83,100
0.5259723644703627,84,100
0.5302612092345953,85,100
0.5304847583174706,86,100
0.5488046146929264,87,100
0.560263954102993,88,100
0.5654347613453865,89,100
0.5694830268621445,90,100
0.5691722258925438,91,100
0.5807677656412125,92,100
0.605741947889328,93,100
0.6158869564533234,94,100
0.6207386404275894,95,100
0.6259472966194153,96,100
0.6275570094585419,97,100
0.6342342495918274,98,100
0.6397721767425537,99,100
0.6450530886650085,100,100
0.6533395498991013,101,100
0.6662006229162216,102,100
0.6746965497732162,103,100
0.6799290329217911,104,100
0.690804973244667,105,100
0.7008876949548721,106,100
0.708903968334198,107,100
0.7186727076768875,108,100
0.7159375697374344,109,100
0.7245598286390305,110,100
0.7361956387758255,111,100
0.7405669987201691,112,100
0.7367829382419586,113,100
0.7329647988080978,114,100
0.7236065119504929,115,100
0.7165459990501404,116,100
0.7139786630868912,117,100
0.7130669802427292,118,100
0.7126431316137314,119,100
0.7066552191972733,120,100
0.7022543102502823,121,100
0.6976713836193085,122,100
0.6933801621198654,123,100
0.6919671297073364,124,100
0.6821827441453934,125,100
0.674382746219635,126,100
0.6664557754993439,127,100
0.664716437458992,128,100
0.6646818369626999,129,100
0.6692823022603989,130,100
0.6700023412704468,131,100
0.6616910994052887,132,100
0.6541276276111603,133,100
0.6485936492681503,134,100
0.6379714906215668,135,100
0.6243143528699875,136,100
0.6094320714473724,137,100
0.5990063548088074,138,100
0.5949492529034615,139,100
0.589253157377243,140,100
0.5710626021027565,141,100
0.5649652257561684,142,100
0.5600240975618362,143,100
0.5522713884711266,144,100
0.5439100340008736,145,100
0.5383999161422253,146,100
0.5271250680088997,147,100
0.514696704223752,148,100
0.5004214940126985,149,100
0.5274587571620941,0,101
0.5287283528596163,1,101
0.5197996087372303,2,101
0.5140252523124218,3,101
0.5102269649505615,4,101
0.5111176036298275,5,101
0.5058033298701048,6,101
0.5003421100846026,7,101
0.5031765832100064,8,101
0.5098613519221544,9,101
0.5085370410233736,10,101
0.5104379998520017,11,101
0.5145513219758868,12,101
0.5207848567515612,13,101
0.5198147781193256,14,101
0.5138034867122769,15,101
0.5086779100820422,16,101
0.5044014914892614,17,101
0.5032056795898825,18,101
0.5090300375595689,19,101
0.519063301384449,20,101
0.520776366814971,21,101
0.5144096799194813,22,101
0.5025210632011294,23,101
0.4882638165727258,24,101
0.4767693243920803,25,101
0.46892411820590496,26,101
0.46243683248758316,27,101
0.45747801288962364,28,101
0.4591920003294945,29,101
0.4581238403916359,30,101
0.4598275348544121,31,101
0.46821384876966476,32,101
0.4658234268426895,33,101
0.47517173551023006,34,101
0.48097673431038857,35,101
0.4808123502880335,36,101
0.4774845875799656,37,101
0.4700206611305475,38,101
0.45832423493266106,39,101
0.4453525207936764,40,101
0.4311448559165001,41,101
0.4279666692018509,42,101
0.430306077003479,43,101
0.42462123930454254,44,101
0.42188502848148346,45,101
0.4170932322740555,46,101
0.40961960703134537,47,101
0.40374772995710373,48,101
0.3931614011526108,49,101
0.3924924209713936,50,101
0.3955224007368088,51,101
0.39572885632514954,52,101
0.40142470598220825,53,101
0.4111882299184799,54,101
0.4198513850569725,55,101
0.4397442154586315,56,101
0.4588204547762871,57,101
0.46258676797151566,58,101
0.4720483850687742,59,101
0.4795745685696602,60,101
0.47345866449177265,61,101
0.467025313526392,62,101
0.4439146891236305,63,101
0.43951065465807915,64,101
0.441497340798378,65,101
0.44692692905664444,66,101
0.4498525597155094,67,101
0.45454951003193855,68,101
0.45237332955002785,69,101
0.44654687866568565,70,101
0.44060996174812317,71,101
0.4419408589601517,72,101
0.4500250518321991,73,101
0.4612816423177719,74,101
0.47471739910542965,75,101
0.48241740092635155,76,101
0.4876625509932637,77,101
0.49090337101370096,78,101
0.4934093044139445,79,101
0.4972578480374068,80,101
0.5088413525372744,81,101
0.5217807590961456,82,101
0.5294942110776901,83,101
0.5374777987599373,84,101
0.5392663478851318,85,101
0.5418595187366009,86,101
0.5549692772328854,87,101
0.5644600912928581,88,101
0.5686634182929993,89,101
0.5672221779823303,90,101
0.5746654570102692,91,101
0.5838751196861267,92,101
0.5989913642406464,93,101
0.6127390787005424,94,101
0.6209577098488808,95,101
0.6209053173661232,96,101
0.6192470490932465,97,101
0.626274973154068,98,101
0.6408290266990662,99,101
0.6435993015766144,100,101
0.6491594761610031,101,101
0.6579424738883972,102,101
0.6707542240619659,103,101
0.6810956299304962,104,101
0.6873103529214859,105,101
0.7002488821744919,106,101
0.7097728550434113,107,101
0.7160180807113647,108,101
0.7240647971630096,109,101
0.7278190553188324,110,101
0.7387392967939377,111,101
0.7355846166610718,112,101
0.7307047098875046,113,101
0.7246854305267334,114,101
0.721382737159729,115,101
0.7186463326215744,116,101
0.7117309123277664,117,101
0.7114893943071365,118,101
0.709256112575531,119,101
0.7001917362213135,120,101
0.6950873732566833,121,101
0.6963741183280945,122,101
0.6909322291612625,123,101
0.6886694580316544,124,101
0.676491767168045,125,101
0.6700355708599091,126,101
0.6641500890254974,127,101
0.6612208038568497,128,101
0.659620463848114,129,101
0.6581049859523773,130,101
0.6605992764234543,131,101
0.6534593403339386,132,101
0.6435609310865402,133,101
0.6399748176336288,134,101
0.6322756111621857,135,101
0.6207269728183746,136,101
0.6090049967169762,137,101
0.5985196605324745,138,101
0.5979012176394463,139,101
0.5888144746422768,140,101
0.5683761835098267,141,101
0.5639590546488762,142,101
0.5629586949944496,143,101
0.5539954751729965,144,101
0.5388238951563835,145,101
0.5360473915934563,146,101
0.5260014086961746,147,101
0.5154454289004207,148,101
0.5040873354300857,149,101
0.5178861077874899,0,102
0.5144046479836106,1,102
0.505997562315315,2,102
0.5001558583753649,3,102
0.5035218193661422,4,102
0.4978238202165812,5,102
0.4953369270078838,6,102
0.49778113537468016,7,102
0.49681630125269294,8,102
0.5046749208122492,9,102
0.5048068533651531,10,102
0.5052642663940787,11,102
0.5108555518090725,12,102
0.5164660289883614,13,102
0.5192776452749968,14,102
0.5125395562499762,15,102
0.506556689273566,16,102
0.5024089058861136,17,102
0.5056573795154691,18,102
0.5102795576676726,19,102
0.5174423027783632,20,102
0.517050463706255,21,102
0.5122231161221862,22,102
0.4987391671165824,23,102
0.4910403210669756,24,102
0.4734851345419884,25,102
0.4670737013220787,26,102
0.4607234224677086,27,102
0.4567623883485794,28,102
0.4579405449330807,29,102
0.45620083808898926,30,102
0.4564325511455536,31,102
0.4586377218365669,32,102
0.46152377501130104,33,102
0.4675351567566395,34,102
0.4748009070754051,35,102
0.4739130977541208,36,102
0.4670434854924679,37,102
0.4576437436044216,38,102
0.45140401646494865,39,102
0.4422093741595745,40,102
0.4332182705402374,41,102
0.4295966997742653,42,102
0.43019068241119385,43,102
0.42499110847711563,44,102
0.42403821647167206,45,102
0.42012981325387955,46,102
0.41708798706531525,47,102
0.41448206454515457,48,102
0.40825192630290985,49,102
0.4018710032105446,50,102
0.4020835608243942,51,102
0.4001459851861,52,102
0.4053642898797989,53,102
0.4113147556781769,54,102
0.4201962500810623,55,102
0.44113167375326157,56,102
0.4580904059112072,57,102
0.47081003710627556,58,102
0.47832323610782623,59,102
0.4789038710296154,60,102
0.4760262481868267,61,102
0.4606861025094986,62,102
0.4521770775318146,63,102
0.4467158541083336,64,102
0.4507294073700905,65,102
0.4522571340203285,66,102
0.45310304686427116,67,102
0.45792320370674133,68,102
0.45679205656051636,69,102
0.4502596780657768,70,102
0.44185326620936394,71,102
0.44816263765096664,72,102
0.4556935578584671,73,102
0.46300145983695984,74,102
0.4720942582935095,75,102
0.4894921286031604,76,102
0.4936626683920622,77,102
0.49482158618047833,78,102
0.5016468304675072,79,102
0.5143056595697999,80,102
0.5250991601496935,81,102
0.5303256958723068,82,102
0.5411906540393829,83,102
0.5517747737467289,84,102
0.5495770461857319,85,102
0.5501450411975384,86,102
0.5525895804166794,87,102
0.5680828019976616,88,102
0.5734057649970055,89,102
0.5753961578011513,90,102
0.5824690610170364,91,102
0.5890946239233017,92,102
0.6000210344791412,93,102
0.607514463365078,94,102
0.6164764910936356,95,102
0.616639569401741,96,102
0.6226215288043022,97,102
0.6248433664441109,98,102
0.6390493214130402,99,102
0.6513470262289047,100,102
0.6459385603666306,101,102
0.6593101322650909,102,102
0.675848588347435,103,102
0.6810465008020401,104,102
0.6867494732141495,105,102
0.6950087398290634,106,102
0.7074573338031769,107,102
0.7239762246608734,108,102
0.7154832482337952,109,102
0.7269747257232666,110,102
0.7371441274881363,111,102
0.7340379804372787,112,102
0.7251923382282257,113,102
0.7132453173398972,114,102
0.7120315581560135,115,102
0.7124269753694534,116,102
0.7117787152528763,117,102
0.7146403640508652,118,102
0.7063212096691132,119,102
0.7025959193706512,120,102
0.6985061019659042,121,102
0.6980338543653488,122,102
0.6919141411781311,123,102
0.686015322804451,124,102
0.6785094290971756,125,102
0.6700534075498581,126,102
0.6614288985729218,127,102
0.6546331197023392,128,102
0.6525683104991913,129,102
0.6478132754564285,130,102
0.650605708360672,131,102
0.6469757854938507,132,102
0.6429666578769684,133,102
0.6367499679327011,134,102
0.6275652050971985,135,102
0.6131157204508781,136,102
0.6069892048835754,137,102
0.6025556698441505,138,102
0.596174567937851,139,102
0.588769219815731,140,102
0.5658283680677414,141,102
0.5600889325141907,142,102
0.5571278668940067,143,102
0.5536395832896233,144,102
0.5441206395626068,145,102
0.5360271148383617,146,102
0.5240371637046337,147,102
0.5131793497130275,148,102
0.5029616376850754,149,102
0.5029519887175411,0,103
0.49356247764080763,1,103
0.48812024388462305,2,103
0.4863638309761882,3,103
0.48335843719542027,4,103
0.4803250916302204,5,103
0.4793424494564533,6,103
0.48288790695369244,7,103
0.487503245472908,8,103
0.4972085691988468,9,103
0.49783268640749156,10,103
0.5003879941941705,11,103
0.5034084923099726,12,103
0.5072525003924966,13,103
0.5097220875322819,14,103
0.5114849451929331,15,103
0.5089075369760394,16,103
0.5071161589585245,17,103
0.5059022810310125,18,103
0.5082730045542121,19,103
0.5132412081584334,20,103
0.5126399444416165,21,103
0.5083246398717165,22,103
0.5070374673232436,23,103
0.4945958093740046,24,103
0.47957862727344036,25,103
0.4662911631166935,26,103
0.4594428949058056,27,103
0.4583020992577076,28,103
0.4562343433499336,29,103
0.4529072940349579,30,103
0.4548736661672592,31,103
0.4547460749745369,32,103
0.4519599713385105,33,103
0.4592137336730957,34,103
0.4647374637424946,35,103
0.4638029523193836,36,103
0.4596450552344322,37,103
0.45471709966659546,38,103
0.4499394856393337,39,103
0.4416017644107342,40,103
0.43412237614393234,41,103
0.4351622462272644,42,103
0.43756525963544846,43,103
0.4334484338760376,44,103
0.43030567467212677,45,103
0.42956259101629257,46,103
0.427241213619709,47,103
0.42986179143190384,48,103
0.4222266376018524,49,103
0.41679398715496063,50,103
0.4086791127920151,51,103
0.41068900376558304,52,103
0.41005023568868637,53,103
0.41311515122652054,54,103
0.42787961661815643,55,103
0.44675103947520256,56,103
0.4610946364700794,57,103
0.4741529170423746,58,103
0.48049560002982616,59,103
0.4812180697917938,60,103
0.4801900964230299,61,103
0.466778714209795,62,103
0.46391889825463295,63,103
0.4576752409338951,64,103
0.45038164407014847,65,103
0.45441505312919617,66,103
0.4594412110745907,67,103
0.4645003378391266,68,103
0.46458543837070465,69,103
0.45678048953413963,70,103
0.4505308158695698,71,103
0.4607743099331856,72,103
0.4637896493077278,73,103
0.4733006116002798,74,103
0.4806240703910589,75,103
0.4927180144004524,76,103
0.4982902955962345,77,103
0.5056285094469786,78,103
0.5157294720411301,79,103
0.5241924971342087,80,103
0.5314826816320419,81,103
0.5388806089758873,82,103
0.5528111048042774,83,103
0.5512600615620613,84,103
0.5523034259676933,85,103
0.5543139614164829,86,103
0.5574563667178154,87,103
0.5693966820836067,88,103
0.5805192217230797,89,103
0.5858078598976135,90,103
0.5889895632863045,91,103
0.5937151238322258,92,103
0.5999740958213806,93,103
0.6071441397070885,94,103
0.6138644963502884,95,103
0.619481049478054,96,103
0.6223740726709366,97,103
0.6227589175105095,98,103
0.6296535134315491,99,103
0.6453114598989487,100,103
0.6526238024234772,101,103
0.6649015992879868,102,103
0.6681434661149979,103,103
0.6733614653348923,104,103
0.6831353306770325,105,103
0.6914783120155334,106,103
0.706177219748497,107,103
0.7104726284742355,108,103
0.7135714143514633,109,103
0.7215469777584076,110,103
0.7325947135686874,111,103
0.7291734218597412,112,103
0.7207662761211395,113,103
0.7077806740999222,114,103
0.7005232125520706,115,103
0.7028520703315735,116,103
0.7084177285432816,117,103
0.7080646306276321,118,103
0.7065284699201584,119,103
0.7044838219881058,120,103
0.7037811875343323,121,103
0.7011373788118362,122,103
0.695612907409668,123,103
0.6902709752321243,124,103
0.6854314357042313,125,103
0.6767151951789856,126,103
0.6616699397563934,127,103
0.6514223664999008,128,103
0.6484369933605194,129,103
0.6478925347328186,130,103
0.6526532471179962,131,103
0.6486166417598724,132,103
0.644932359457016,133,103
0.6395077109336853,134,103
0.625993400812149,135,103
0.6107330843806267,136,103
0.6031392738223076,137,103
0.5952563211321831,138,103
0.5919942557811737,139,103
0.583578310906887,140,103
0.5714560002088547,141,103
0.5619333535432816,142,103
0.5549146831035614,143,103
0.5490560568869114,144,103
0.5424255765974522,145,103
0.5372619219124317,146,103
0.5217459443956614,147,103
0.5105763822793961,148,103
0.5046289251185954,149,103
0.48703043907880783,0,104
0.48125478997826576,1,104
0.4769760463386774,2,104
0.4705198369920254,3,104
0.46457572653889656,4,104
0.4632292166352272,5,104
0.4713067002594471,6,104
0.47173809446394444,7,104
0.47718033753335476,8,104
0.4848216222599149,9,104
0.48628086131066084,10,104
0.492383130826056,11,104
0.5035401999484748,12,104
0.5079679945483804,13,104
0.5069602229632437,14,104
0.5072238226421177,15,104
0.5065806675702333,16,104
0.5062810210511088,17,104
0.5035898773930967,18,104
0.5032503949478269,19,104
0.5050734602846205,20,104
0.5059151854366064,21,104
0.5027137531433254,22,104
0.5001188491805806,23,104
0.4949384410865605,24,104
0.4819442443549633,25,104
0.4641929641366005,26,104
0.46124963089823723,27,104
0.45621299371123314,28,104
0.456932220607996,29,104
0.4534688927233219,30,104
0.4527074806392193,31,104
0.4555089436471462,32,104
0.45169060304760933,33,104
0.4568452015519142,34,104
0.46006231382489204,35,104
0.4614134170114994,36,104
0.4614625349640846,37,104
0.4588705860078335,38,104
0.4537821337580681,39,104
0.44506942108273506,40,104
0.4440276697278023,41,104
0.4474194645881653,42,104
0.4515608884394169,43,104
0.44392580538988113,44,104
0.4397314228117466,45,104
0.437185175716877,46,104
0.43577852845191956,47,104
0.4340037703514099,48,104
0.43035542219877243,49,104
0.42442457377910614,50,104
0.41683272272348404,51,104
0.4175804778933525,52,104
0.4171516075730324,53,104
0.42590872943401337,54,104
0.43654458969831467,55,104
0.45474204421043396,56,104
0.4693497121334076,57,104
0.4759975466877222,58,104
0.48357777670025826,59,104
0.48603783175349236,60,104
0.4871970796957612,61,104
0.48170705884695053,62,104
0.4795550238341093,63,104
0.47120313718914986,64,104
0.4613257497549057,65,104
0.4612169452011585,66,104
0.468100868165493,67,104
0.4759170841425657,68,104
0.47447667084634304,69,104
0.47032895497977734,70,104
0.4658599942922592,71,104
0.46601588651537895,72,104
0.47532316483557224,73,104
0.4878693735226989,74,104
0.4957089815288782,75,104
0.5023521743714809,76,104
0.5106526650488377,77,104
0.5184703171253204,78,104
0.5217358954250813,79,104
0.5265042278915644,80,104
0.5379202552139759,81,104
0.5483138114213943,82,104
0.5572126246988773,83,104
0.5574093200266361,84,104
0.5583140514791012,85,104
0.559332586824894,86,104
0.563629761338234,87,104
0.5725947469472885,88,104
0.5832767188549042,89,104
0.5914756432175636,90,104
0.5941927880048752,91,104
0.596720464527607,92,104
0.6021380051970482,93,104
0.6057408899068832,94,104
0.6129797846078873,95,104
0.6221379861235619,96,104
0.6233978420495987,97,104
0.6217603608965874,98,104
0.6256664991378784,99,104
0.6404529213905334,100,104
0.655507281422615,101,104
0.6660762578248978,102,104
0.6658317148685455,103,104
0.6688871085643768,104,104
0.679760292172432,105,104
0.6929626613855362,106,104
0.7036571800708771,107,104
0.7037374973297119,108,104
0.7057337462902069,109,104
0.7096409946680069,110,104
0.7216548174619675,111,104
0.7225337475538254,112,104
0.7160643041133881,113,104
0.7023345530033112,114,104
0.6930215507745743,115,104
0.6948272436857224,116,104
0.7058282792568207,117,104
0.705761045217514,118,104
0.7027593106031418,119,104
0.6966974139213562,120,104
0.6955126374959946,121,104
0.6973972022533417,122,104
0.6969017833471298,123,104
0.696759968996048,124,104
0.6912985146045685,125,104
0.6818895787000656,126,104
0.661379486322403,127,104
0.6480185836553574,128,104
0.6424703896045685,129,104
0.6443269401788712,130,104
0.6532706469297409,131,104
0.6512366980314255,132,104
0.6422786265611649,133,104
0.6322958022356033,134,104
0.6328125596046448,135,104
0.6211883127689362,136,104
0.6047959849238396,137,104
0.5996972173452377,138,104
0.5972792655229568,139,104
0.5867910385131836,140,104
0.5757069736719131,141,104
0.5634334832429886,142,104
0.553606703877449,143,104
0.5452511236071587,144,104
0.5389053709805012,145,104
0.5310585461556911,146,104
0.520425446331501,147,104
0.5127276042476296,148,104
0.509712778031826,149,104
0.4804510287940502,0,105
0.4787626378238201,1,105
0.46846219524741173,2,105
0.4636790566146374,3,105
0.45826222375035286,4,105
0.4524432606995106,5,105
0.45504652708768845,6,105
0.45567546784877777,7,105
0.46266189590096474,8,105
0.46838488802313805,9,105
0.4733592886477709,10,105
0.4796059764921665,11,105
0.4944205228239298,12,105
0.5043746600858867,13,105
0.5037172739394009,14,105
0.5065230899490416,15,105
0.5047348327934742,16,105
0.5064792814664543,17,105
0.502980369143188,18,105
0.5036236254964024,19,105
0.4965784586966038,20,105
0.4997200634679757,21,105
0.4984669506084174,22,105
0.5101979020982981,23,105
0.5004861074557994,24,105
0.4875002074986696,25,105
0.4702926594763994,26,105
0.46120012924075127,27,105
0.4553745873272419,28,105
0.45444023981690407,29,105
0.45624613761901855,30,105
0.44981665536761284,31,105
0.44904742017388344,32,105
0.45158131793141365,33,105
0.4534902013838291,34,105
0.4590364135801792,35,105
0.4618634358048439,36,105
0.46701404452323914,37,105
0.4705297648906708,38,105
0.46842873468995094,39,105
0.4603443220257759,40,105
0.45705607905983925,41,105
0.4626672863960266,42,105
0.4612526595592499,43,105
0.45921578258275986,44,105
0.4529939144849777,45,105
0.4460892267525196,46,105
0.44576380029320717,47,105
0.44366734847426414,48,105
0.4386141560971737,49,105
0.431497298181057,50,105
0.4283651113510132,51,105
0.4297527074813843,52,105
0.4316639229655266,53,105
0.4392181932926178,54,105
0.45026788860559464,55,105
0.46535947546362877,56,105
0.4791248682886362,57,105
0.482833668589592,58,105
0.484863574616611,59,105
0.4863427961245179,60,105
0.48858107812702656,61,105
0.4934374135918915,62,105
0.4931929660961032,63,105
0.485992101021111,64,105
0.4741159398108721,65,105
0.4700566530227661,66,105
0.47825837880373,67,105
0.4839721340686083,68,105
0.486902367323637,69,105
0.481363482773304,70,105
0.47477258183062077,71,105
0.47552014142274857,72,105
0.4864109614863992,73,105
0.49449978210031986,74,105
0.5059306644834578,75,105
0.517498679459095,76,105
0.5172828659415245,77,105
0.5249075219035149,78,105
0.5292725469917059,79,105
0.539067842066288,80,105
0.5519039966166019,81,105
0.5594179593026638,82,105
0.570573478937149,83,105
0.57528967410326,84,105
0.5740019306540489,85,105
0.5760456398129463,86,105
0.5744326859712601,87,105
0.5790697857737541,88,105
0.5859058052301407,89,105
0.596953421831131,90,105
0.5969987586140633,91,105
0.5981102660298347,92,105
0.6032749637961388,93,105
0.6061249598860741,94,105
0.6161519587039948,95,105
0.6225114539265633,96,105
0.6223606094717979,97,105
0.6267389953136444,98,105
0.6321935206651688,99,105
0.6487935036420822,100,105
0.6571480184793472,101,105
0.670581728219986,102,105
0.6732929050922394,103,105
0.6760576367378235,104,105
0.6943489611148834,105,105
0.6950863003730774,106,105
0.7165540456771851,107,105
0.7082920372486115,108,105
0.697067603468895,109,105
0.6970329135656357,110,105
0.7092275768518448,111,105
0.7066765278577805,112,105
0.7009582370519638,113,105
0.6929155886173248,114,105
0.6883358359336853,115,105
0.6891099661588669,116,105
0.6965234279632568,117,105
0.6949022710323334,118,105
0.6947186589241028,119,105
0.6972665190696716,120,105
0.6942241787910461,121,105
0.6900437921285629,122,105
0.6911424398422241,123,105
0.6932510435581207,124,105
0.6963961720466614,125,105
0.6831244826316833,126,105
0.6576631367206573,127,105
0.6505586206912994,128,105
0.642756924033165,129,105
0.6430653035640717,130,105
0.6487310081720352,131,105
0.6502046436071396,132,105
0.6453416794538498,133,105
0.6381015181541443,134,105
0.6347555220127106,135,105
0.6214771419763565,136,105
0.6106708720326424,137,105
0.6039658859372139,138,105
0.5989813879132271,139,105
0.5885411575436592,140,105
0.5775328949093819,141,105
0.566416934132576,142,105
0.552044827491045,143,105
0.5436441004276276,144,105
0.5365897454321384,145,105
0.5281629711389542,146,105
0.5177910570055246,147,105
0.5171863008290529,148,105
0.5186901111155748,149,105
0.48534491565078497,0,106
0.4729277677834034,1,106
0.4622710607945919,2,106
0.4527401514351368,3,106
0.4489258676767349,4,106
0.442425474524498,5,106
0.4442880041897297,6,106
0.4451390579342842,7,106
0.4478814825415611,8,106
0.4542567729949951,9,106
0.46101758629083633,10,106
0.47015300393104553,11,106
0.4814555700868368,12,106
0.4959253743290901,13,106
0.4978375472128391,14,106
0.5040909722447395,15,106
0.5103263640776277,16,106
0.5120957903563976,17,106
0.5052057271823287,18,106
0.4985624726396054,19,106
0.4967298461124301,20,106
0.4978831021580845,21,106
0.4981506646145135,22,106
0.5014035743661225,23,106
0.49224593909457326,24,106
0.48323708213865757,25,106
0.46992696076631546,26,106
0.461906760931015,27,106
0.45664818212389946,28,106
0.4525779187679291,29,106
0.45257458463311195,30,106
0.45104191452264786,31,106
0.45181629061698914,32,106
0.4524184763431549,33,106
0.45454153046011925,34,106
0.4585069566965103,35,106
0.46688730642199516,36,106
0.48089549690485,37,106
0.4851482957601547,38,106
0.4821976460516453,39,106
0.47227240912616253,40,106
0.4752585534006357,41,106
0.4713768847286701,42,106
0.4711443819105625,43,106
0.4691422823816538,44,106
0.46108147874474525,45,106
0.4545503668487072,46,106
0.4529682546854019,47,106
0.4501851685345173,48,106
0.44887855648994446,49,106
0.44439563900232315,50,106
0.44622840732336044,51,106
0.4485218971967697,52,106
0.4486577920615673,53,106
0.45378875732421875,54,106
0.46368738636374474,55,106
0.4759785197675228,56,106
0.4883422637358308,57,106
0.4894902603700757,58,106
0.48884380143135786,59,106
0.485829534009099,60,106
0.48991900961846113,61,106
0.49521817034110427,62,106
0.4974707025103271,63,106
0.49328493187204003,64,106
0.4877097066491842,65,106
0.4858336253091693,66,106
0.4865848273038864,67,106
0.4906124146655202,68,106
0.4963128287345171,69,106
0.4912367230281234,70,106
0.48960276413708925,71,106
0.4907599501311779,72,106
0.4983805062947795,73,106
0.5023506095167249,74,106
0.5147317359223962,75,106
0.5283584427088499,76,106
0.5337497554719448,77,106
0.5403911247849464,78,106
0.5438528433442116,79,106
0.5500494576990604,80,106
0.5715530291199684,81,106
0.5774650424718857,82,106
0.5775129869580269,83,106
0.5808298960328102,84,106
0.5857923552393913,85,106
0.5904515311121941,86,106
0.5869269892573357,87,106
0.5871198400855064,88,106
0.5879796668887138,89,106
0.5926826670765877,90,106
0.5932884886860847,91,106
0.5965725630521774,92,106
0.6010280922055244,93,106
0.6061501577496529,94,106
0.6130183041095734,95,106
0.6204070076346397,96,106
0.6227183863520622,97,106
0.627979040145874,98,106
0.6371258646249771,99,106
0.6524613946676254,100,106
0.6683856099843979,101,106
0.6821362972259521,102,106
0.6851233243942261,103,106
0.6903771907091141,104,106
0.6990441530942917,105,106
0.7168731540441513,106,106
0.7169579714536667,107,106
0.7077679336071014,108,106
0.6932945400476456,109,106
0.6802826076745987,110,106
0.6904889196157455,111,106
0.6876116693019867,112,106
0.6789770424365997,113,106
0.6823321431875229,114,106
0.6839568018913269,115,106
0.6842512339353561,116,106
0.6854225099086761,117,106
0.6838886886835098,118,106
0.6876304149627686,119,106
0.6900008916854858,120,106
0.6860898286104202,121,106
0.6817818731069565,122,106
0.6814323961734772,123,106
0.6852837800979614,124,106
0.6895690262317657,125,106
0.6822402477264404,126,106
0.6655969768762589,127,106
0.6564560234546661,128,106
0.6463920325040817,129,106
0.6448517143726349,130,106
0.6485703587532043,131,106
0.6485892236232758,132,106
0.6496229320764542,133,106
0.6447171866893768,134,106
0.634092390537262,135,106
0.6233285218477249,136,106
0.6096978783607483,137,106
0.6045915931463242,138,106
0.597045324742794,139,106
0.5883455872535706,140,106
0.5787267163395882,141,106
0.564647763967514,142,106
0.5486929304897785,143,106
0.5422400534152985,144,106
0.5353646911680698,145,106
0.5286529436707497,146,106
0.5246467478573322,147,106
0.5230025015771389,148,106
0.5248312558978796,149,106
0.47667322494089603,0,107
0.46001011505723,1,107
0.4540140777826309,2,107
0.4515536017715931,3,107
0.44677671045064926,4,107
0.44249410927295685,5,107
0.4359441250562668,6,107
0.43446876108646393,7,107
0.4379909038543701,8,107
0.4433562010526657,9,107
0.44612501934170723,10,107
0.4537667781114578,11,107
0.47371773421764374,12,107
0.4904569862410426,13,107
0.49627271527424455,14,107
0.49759761919267476,15,107
0.5098689831793308,16,107
0.514741025865078,17,107
0.5104817124083638,18,107
0.5034791687503457,19,107
0.5018194923177361,20,107
0.5001163826818811,21,107
0.49882820434868336,22,107
0.4930731956847012,23,107
0.485711557790637,24,107
0.47252388671040535,25,107
0.4633399434387684,26,107
0.45975932478904724,27,107
0.4579411968588829,28,107
0.4578827768564224,29,107
0.45459670946002007,30,107
0.4518863596022129,31,107
0.45429103448987007,32,107
0.457873348146677,33,107
0.4651997610926628,34,107
0.4659104347229004,35,107
0.47228948026895523,36,107
0.48785258643329144,37,107
0.4927842952311039,38,107
0.4911494692787528,39,107
0.4873677985742688,40,107
0.4849061854183674,41,107
0.4808956440538168,42,107
0.4806371834129095,43,107
0.47654575668275356,44,107
0.4706746097654104,45,107
0.4645898751914501,46,107
0.46221810579299927,47,107
0.46014023944735527,48,107
0.45728373154997826,49,107
0.45999670773744583,50,107
0.46413004770874977,51,107
0.45955054089426994,52,107
0.4609763026237488,53,107
0.46685947477817535,54,107
0.47635968774557114,55,107
0.4935228582471609,56,107
0.4992376986774616,57,107
0.4958071419969201,58,107
0.4909596163779497,59,107
0.48279911652207375,60,107
0.48752727173268795,61,107
0.4946403265930712,62,107
0.49559227796271443,63,107
0.49485426815226674,64,107
0.49710548110306263,65,107
0.4909626189619303,66,107
0.4900358496233821,67,107
0.4945783754810691,68,107
0.49807709373999387,69,107
0.49587225168943405,70,107
0.5018974451813847,71,107
0.5068201101385057,72,107
0.5146987596526742,73,107
0.5191617794334888,74,107
0.5311232786625624,75,107
0.5409819707274437,76,107
0.5499683357775211,77,107
0.5563959255814552,78,107
0.5569307580590248,79,107
0.5657919272780418,80,107
0.5812149569392204,81,107
0.588034987449646,82,107
0.5913955867290497,83,107
0.5900095030665398,84,107
0.5885044708848,85,107
0.5923916697502136,86,107
0.5883007645606995,87,107
0.5850727260112762,88,107
0.5835335776209831,89,107
0.5842890441417694,90,107
0.5859737321734428,91,107
0.5874847918748856,92,107
0.599485456943512,93,107
0.6016752868890762,94,107
0.6070438846945763,95,107
0.6223527118563652,96,107
0.6252511441707611,97,107
0.6333702355623245,98,107
0.648320198059082,99,107
0.6614027172327042,100,107
0.6777986139059067,101,107
0.6859120577573776,102,107
0.6959281265735626,103,107
0.7002354115247726,104,107
0.7136396169662476,105,107
0.7158673703670502,106,107
0.7138689607381821,107,107
0.7028704434633255,108,107
0.6923989951610565,109,107
0.6704241186380386,110,107
0.6736093759536743,111,107
0.6724479794502258,112,107
0.6694527715444565,113,107
0.6697240471839905,114,107
0.6740673780441284,115,107
0.6778958737850189,116,107
0.6800225526094437,117,107
0.6826336681842804,118,107
0.6818410605192184,119,107
0.6798683702945709,120,107
0.6806019097566605,121,107
0.6776424646377563,122,107
0.675055518746376,123,107
0.6784449070692062,124,107
0.6760137677192688,125,107
0.6764880865812302,126,107
0.6659625023603439,127,107
0.6617180854082108,128,107
0.6593250185251236,129,107
0.6593620479106903,130,107
0.6567323356866837,131,107
0.6602437347173691,132,107
0.6560339033603668,133,107
0.6443225592374802,134,107
0.6332128942012787,135,107
0.6259407699108124,136,107
0.6152260228991508,137,107
0.6040860041975975,138,107
0.5908859148621559,139,107
0.5844022333621979,140,107
0.5784735530614853,141,107
0.5664161667227745,142,107
0.550817783921957,143,107
0.5422821454703808,144,107
0.5349324569106102,145,107
0.5296004358679056,146,107
0.5282477363944054,147,107
0.5318269692361355,148,107
0.531826201826334,149,107
0.46428924053907394,0,108
0.4473117031157017,1,108
0.44402969628572464,2,108
0.4407230205833912,3,108
0.4395487532019615,4,108
0.4394182860851288,5,108
0.43596065789461136,6,108
0.43400171399116516,7,108
0.4346080869436264,8,108
0.4359770342707634,9,108
0.4384486675262451,10,108
0.44356653094291687,11,108
0.4589121639728546,12,108
0.4778749216347933,13,108
0.48377727158367634,14,108
0.4860606314614415,15,108
0.49935631232801825,16,108
0.5090266047045588,17,108
0.5129594765603542,18,108
0.5068078180775046,19,108
0.5085254516452551,20,108
0.5016648401506245,21,108
0.4947878369130194,22,108
0.4869890548288822,23,108
0.47920430451631546,24,108
0.4682338908314705,25,108
0.46358971297740936,26,108
0.46074875444173813,27,108
0.45859653875231743,28,108
0.46379784494638443,29,108
0.46732890233397484,30,108
0.46342968568205833,31,108
0.4626859314739704,32,108
0.46330979838967323,33,108
0.47121688164770603,34,108
0.4751354344189167,35,108
0.48185234144330025,36,108
0.494879093952477,37,108
0.5009320764802396,38,108
0.505002764519304,39,108
0.5018167389789596,40,108
0.49746046611107886,41,108
0.49083452951163054,42,108
0.4898587353527546,43,108
0.4843522924929857,44,108
0.47995566204190254,45,108
0.4756418503820896,46,108
0.4702389221638441,47,108
0.4692018311470747,48,108
0.4682916924357414,49,108
0.477379797026515,50,108
0.48281324841082096,51,108
0.4772607609629631,52,108
0.4733564965426922,53,108
0.4764113016426563,54,108
0.4858982190489769,55,108
0.49509473284706473,56,108
0.4985477851005271,57,108
0.4954467276111245,58,108
0.4850863004103303,59,108
0.4835913609713316,60,108
0.4872065596282482,61,108
0.49274711357429624,62,108
0.496764367679134,63,108
0.4980595539091155,64,108
0.4973293722141534,65,108
0.493539419490844,66,108
0.4915957460179925,67,108
0.49363184347748756,68,108
0.4955551717430353,69,108
0.4981359480880201,70,108
0.5055735507048666,71,108
0.5161495376378298,72,108
0.5289786849170923,73,108
0.535141434520483,74,108
0.5464662499725819,75,108
0.5531053319573402,76,108
0.5585173107683659,77,108
0.5677167847752571,78,108
0.5696608796715736,79,108
0.5801410228013992,80,108
0.5925934389233589,81,108
0.5923438146710396,82,108
0.5985057130455971,83,108
0.5971966087818146,84,108
0.5941868498921394,85,108
0.5930701345205307,86,108
0.5904971584677696,87,108
0.5835831761360168,88,108
0.5799111798405647,89,108
0.5737658366560936,90,108
0.5820108503103256,91,108
0.5811908766627312,92,108
0.5973818451166153,93,108
0.595001831650734,94,108
0.6036573573946953,95,108
0.6108545213937759,96,108
0.6179567202925682,97,108
0.6353059560060501,98,108
0.6549607664346695,99,108
0.6696558892726898,100,108
0.682294175028801,101,108
0.6907338798046112,102,108
0.6965810358524323,103,108
0.709968626499176,104,108
0.718471497297287,105,108
0.7127940505743027,106,108
0.707670733332634,107,108
0.6940371692180634,108,108
0.6829842180013657,109,108
0.6633987873792648,110,108
0.6648418605327606,111,108
0.6668118238449097,112,108
0.6625193953514099,113,108
0.6625388264656067,114,108
0.6641684025526047,115,108
0.6708963811397552,116,108
0.6749709844589233,117,108
0.6759322583675385,118,108
0.6763882786035538,119,108
0.675021305680275,120,108
0.6735148727893829,121,108
0.6710170805454254,122,108
0.6730580031871796,123,108
0.6757000535726547,124,108
0.6755058318376541,125,108
0.6682341396808624,126,108
0.6638045608997345,127,108
0.670262023806572,128,108
0.6733973920345306,129,108
0.6743045151233673,130,108
0.6667099446058273,131,108
0.6632411181926727,132,108
0.658247247338295,133,108
0.6476623564958572,134,108
0.6338652968406677,135,108
0.6226468160748482,136,108
0.6171086505055428,137,108
0.6045915558934212,138,108
0.5942058116197586,139,108
0.5834073275327682,140,108
0.5787214562296867,141,108
0.5645558312535286,142,108
0.5521450005471706,143,108
0.5388892590999603,144,108
0.5296733919531107,145,108
0.5286735203117132,146,108
0.5357073396444321,147,108
0.5370239578187466,148,108
0.5386278890073299,149,108
0.4532625861465931,0,109
0.4408333785831928,1,109
0.43697015196084976,2,109
0.43359389156103134,3,109
0.4330191984772682,4,109
0.4364548996090889,5,109
0.4354168474674225,6,109
0.43682293593883514,7,109
0.4319102615118027,8,109
0.42775124311447144,9,109
0.4305320605635643,10,109
0.4373665824532509,11,109
0.4486507587134838,12,109
0.4641778916120529,13,109
0.4736216552555561,14,109
0.48177519999444485,15,109
0.48401733487844467,16,109
0.5030869613401592,17,109
0.5097623877227306,18,109
0.5103117628023028,19,109
0.507465124130249,20,109
0.4970515905879438,21,109
0.4898050604388118,22,109
0.4815317690372467,23,109
0.4738226719200611,24,109
0.4690254107117653,25,109
0.4681978262960911,26,109
0.46950957365334034,27,109
0.466293141245842,28,109
0.46858062967658043,29,109
0.4740021973848343,30,109
0.4762698821723461,31,109
0.47812493704259396,32,109
0.4770130179822445,33,109
0.4840553607791662,34,109
0.4878346985206008,35,109
0.4959074412472546,36,109
0.5081314565613866,37,109
0.5132636036723852,38,109
0.5145849343389273,39,109
0.5134993651881814,40,109
0.5093880379572511,41,109
0.5027451396454126,42,109
0.49810778617393225,43,109
0.4938122802414,44,109
0.489684765227139,45,109
0.489332377910614,46,109
0.48376696556806564,47,109
0.48163540102541447,48,109
0.47510454431176186,49,109
0.4780755490064621,50,109
0.48677484411746264,51,109
0.4847669042646885,52,109
0.4828945882618427,53,109
0.4854430202394724,54,109
0.4902771897614002,55,109
0.4943773290142417,56,109
0.4917460707947612,57,109
0.4882719209417701,58,109
0.48293312266469,59,109
0.47967126592993736,60,109
0.48320660181343555,61,109
0.4892591554671526,62,109
0.4971544509753585,63,109
0.5000114293388833,64,109
0.49919349781703204,65,109
0.49460761342197657,66,109
0.487916755490005,67,109
0.4856011411175132,68,109
0.4921627892181277,69,109
0.5038099610246718,70,109
0.5163501538336277,71,109
0.5245205145329237,72,109
0.5394330136477947,73,109
0.5487614385783672,74,109
0.557576484978199,75,109
0.5603831671178341,76,109
0.5741596221923828,77,109
0.58244738727808,78,109
0.5862360894680023,79,109
0.6002451702952385,80,109
0.6063106209039688,81,109
0.5980620160698891,82,109
0.5982286557555199,83,109
0.6015900820493698,84,109
0.5959504842758179,85,109
0.5899853408336639,86,109
0.5874167829751968,87,109
0.5812511220574379,88,109
0.5759481117129326,89,109
0.5754967927932739,90,109
0.576011061668396,91,109
0.5778919160366058,92,109
0.5870444849133492,93,109
0.5912053436040878,94,109
0.596989206969738,95,109
0.6067253649234772,96,109
0.6185667216777802,97,109
0.637012854218483,98,109
0.6552408188581467,99,109
0.6722457259893417,100,109
0.6866043210029602,101,109
0.695918932557106,102,109
0.7029630988836288,103,109
0.7117908000946045,104,109
0.7197921574115753,105,109
0.714274063706398,106,109
0.7018056809902191,107,109
0.6850427538156509,108,109
0.6714704632759094,109,109
0.6522213369607925,110,109
0.6508203893899918,111,109
0.6515778452157974,112,109
0.6503458917140961,113,109
0.6511501222848892,114,109
0.6597995609045029,115,109
0.6662435978651047,116,109
0.6701140701770782,117,109
0.6711801439523697,118,109
0.6740506142377853,119,109
0.6725149601697922,120,109
0.6715872138738632,121,109
0.6735013425350189,122,109
0.6795652657747269,123,109
0.6734157353639603,124,109
0.6717004328966141,125,109
0.6697583496570587,126,109
0.667048305273056,127,109
0.6733430325984955,128,109
0.6787748783826828,129,109
0.6802090555429459,130,109
0.6764989197254181,131,109
0.6744380444288254,132,109
0.6664527058601379,133,109
0.6568484157323837,134,109
0.6454600542783737,135,109
0.6324573159217834,136,109
0.6216095983982086,137,109
0.6069847345352173,138,109
0.5946385636925697,139,109
0.5851753801107407,140,109
0.5760954320430756,141,109
0.5621919184923172,142,109
0.5558351576328278,143,109
0.5398710556328297,144,109
0.5309339892119169,145,109
0.5357329435646534,146,109
0.5415980592370033,147,109
0.5445553287863731,148,109
0.5453919284045696,149,109
0.4407646432518959,0,110
0.43671759217977524,1,110
0.431648813188076,2,110
0.43238426744937897,3,110
0.43063075840473175,4,110
0.43026528507471085,5,110
0.4278052747249603,6,110
0.42775365710258484,7,110
0.4274764284491539,8,110
0.42360538989305496,9,110
0.429948590695858,10,110
0.4398643225431442,11,110
0.4501504562795162,12,110
0.463612150400877,13,110
0.47110096365213394,14,110
0.47269777208566666,15,110
0.4773162379860878,16,110
0.49119704123586416,17,110
0.5030490073841065,18,110
0.5103374356403947,19,110
0.5031785778701305,20,110
0.49584869062528014,21,110
0.4885103339329362,22,110
0.480457192286849,23,110
0.47108727134764194,24,110
0.4653940983116627,25,110
0.464968916028738,26,110
0.4669330306351185,27,110
0.47447955422103405,28,110
0.48253838159143925,29,110
0.4849027516320348,30,110
0.4858752032741904,31,110
0.4897993039339781,32,110
0.4925630697980523,33,110
0.5015939989825711,34,110
0.5055190296843648,35,110
0.5132361985743046,36,110
0.5238725263625383,37,110
0.5318379662930965,38,110
0.5314222387969494,39,110
0.5275571998208761,40,110
0.5165758654475212,41,110
0.5076008578762412,42,110
0.508626826107502,43,110
0.5014558124821633,44,110
0.49600903410464525,45,110
0.4917526002973318,46,110
0.48934799432754517,47,110
0.4890993945300579,48,110
0.4864055924117565,49,110
0.48511693906039,50,110
0.48905324283987284,51,110
0.48666391521692276,52,110
0.486223416402936,53,110
0.486987316980958,54,110
0.4946444625966251,55,110
0.49386864295229316,56,110
0.4857403887435794,57,110
0.4812270365655422,58,110
0.476637689396739,59,110
0.47489654645323753,60,110
0.47853594459593296,61,110
0.48534956108778715,62,110
0.49273842107504606,63,110
0.4980380719061941,64,110
0.4955586972646415,65,110
0.48989122081547976,66,110
0.4892829144373536,67,110
0.49010736774653196,68,110
0.49548165313899517,69,110
0.5086106639355421,70,110
0.5198954585939646,71,110
0.5325798988342285,72,110
0.5510372370481491,73,110
0.5617408193647861,74,110
0.5679772347211838,75,110
0.5716137439012527,76,110
0.5792190507054329,77,110
0.5911499410867691,78,110
0.5988153219223022,79,110
0.6079450026154518,80,110
0.6111875623464584,81,110
0.6069702506065369,82,110
0.6101518198847771,83,110
0.6100556328892708,84,110
0.6038795560598373,85,110
0.5948028489947319,86,110
0.5861779004335403,87,110
0.5800502821803093,88,110
0.5781353339552879,89,110
0.5720004960894585,90,110
0.5717145204544067,91,110
0.5762545615434647,92,110
0.58957789093256,93,110
0.5902758538722992,94,110
0.5916431546211243,95,110
0.6034571528434753,96,110
0.6242935881018639,97,110
0.6451953947544098,98,110
0.6557673811912537,99,110
0.6700056344270706,100,110
0.6830671578645706,101,110
0.6938633024692535,102,110
0.6996548771858215,103,110
0.7063764035701752,104,110
0.7161706686019897,105,110
0.705901250243187,106,110
0.6894275099039078,107,110
0.6775140911340714,108,110
0.659344270825386,109,110
0.6457481235265732,110,110
0.6410271227359772,111,110
0.6383588016033173,112,110
0.641708716750145,113,110
0.6446142047643661,114,110
0.6540713608264923,115,110
0.6587009429931641,116,110
0.6682229936122894,117,110
0.6716232746839523,118,110
0.6700326949357986,119,110
0.6678115427494049,120,110
0.670646071434021,121,110
0.6816633492708206,122,110
0.6822808980941772,123,110
0.674743264913559,124,110
0.674457386136055,125,110
0.669294148683548,126,110
0.6673057228326797,127,110
0.6728127747774124,128,110
0.6729519367218018,129,110
0.6787437200546265,130,110
0.68503238260746,131,110
0.6820394694805145,132,110
0.6747681796550751,133,110
0.6674400418996811,134,110
0.654920756816864,135,110
0.6441519260406494,136,110
0.6322480887174606,137,110
0.6130064725875854,138,110
0.5968609973788261,139,110
0.5815548226237297,140,110
0.574226550757885,141,110
0.5575483180582523,142,110
0.5487305037677288,143,110
0.5364268384873867,144,110
0.5305354315787554,145,110
0.5332944728434086,146,110
0.5386979430913925,147,110
0.5441379956901073,148,110
0.5447578690946102,149,110
0.44342347234487534,0,111
0.44079872965812683,1,111
0.43189091235399246,2,111
0.4342328906059265,3,111
0.43162355571985245,4,111
0.4318016469478607,5,111
0.4341794475913048,6,111
0.43393684923648834,7,111
0.43190259486436844,8,111
0.4329891800880432,9,111
0.43791885673999786,10,111
0.4446886219084263,11,111
0.4594741724431515,12,111
0.47066446021199226,13,111
0.4727831594645977,14,111
0.4810748379677534,15,111
0.48893567454069853,16,111
0.4898511040955782,17,111
0.4995281303708907,18,111
0.501259058713913,19,111
0.4992555152857676,20,111
0.4963886437471956,21,111
0.4884462542831898,22,111
0.4772064629942179,23,111
0.4661658890545368,24,111
0.4577815644443035,25,111
0.456149660050869,26,111
0.4629044458270073,27,111
0.4711352977901697,28,111
0.4763251766562462,29,111
0.4812903217971325,30,111
0.49363289261236787,31,111
0.4978898991830647,32,111
0.49823279050178826,33,111
0.5063787214457989,34,111
0.5162157490849495,35,111
0.5282394532114267,36,111
0.5397549532353878,37,111
0.5422208905220032,38,111
0.5388123132288456,39,111
0.5350710675120354,40,111
0.5245867855846882,41,111
0.5155277717858553,42,111
0.5073273321613669,43,111
0.4984012773493305,44,111
0.49690809147432446,45,111
0.4860217720270157,46,111
0.48247842118144035,47,111
0.4815581403672695,48,111
0.48086879402399063,49,111
0.477052915841341,50,111
0.4813704304397106,51,111
0.48555041290819645,52,111
0.48871510196477175,53,111
0.49200519267469645,54,111
0.500207113014767,55,111
0.5017001025844365,56,111
0.4979609842412174,57,111
0.48882670048624277,58,111
0.4900773633271456,59,111
0.48558988980948925,60,111
0.48505242820829153,61,111
0.4933183742687106,62,111
0.49973061558557674,63,111
0.5015476181870326,64,111
0.4966169085819274,65,111
0.4934911881573498,66,111
0.4956514770165086,67,111
0.4969651438295841,68,111
0.5012581369373947,69,111
0.5135277286171913,70,111
0.5261676218360662,71,111
0.5439083464443684,72,111
0.5660681575536728,73,111
0.5736092329025269,74,111
0.5796296522021294,75,111
0.5787389650940895,76,111
0.5825342014431953,77,111
0.5964974090456963,78,111
0.6069644689559937,79,111
0.617512583732605,80,111
0.6175175160169601,81,111
0.6157416924834251,82,111
0.6171039566397667,83,111
0.615051344037056,84,111
0.6083604469895363,85,111
0.5958346053957939,86,111
0.5879741907119751,87,111
0.5839133411645889,88,111
0.582930251955986,89,111
0.5749567076563835,90,111
0.574095830321312,91,111
0.5739486590027809,92,111
0.5874030366539955,93,111
0.5840169712901115,94,111
0.5896461382508278,95,111
0.5989941284060478,96,111
0.6129695177078247,97,111
0.6302895992994308,98,111
0.6476246118545532,99,111
0.6638278067111969,100,111
0.6795604228973389,101,111
0.68557208776474,102,111
0.6904713362455368,103,111
0.6952853798866272,104,111
0.6996033489704132,105,111
0.7014157772064209,106,111
0.689825028181076,107,111
0.6820947974920273,108,111
0.6697519421577454,109,111
0.6535738110542297,110,111
0.6492335200309753,111,111
0.6350909322500229,112,111
0.6414460688829422,113,111
0.649979367852211,114,111
0.6563462018966675,115,111
0.6618002355098724,116,111
0.6704711467027664,117,111
0.6683979332447052,118,111
0.6667789816856384,119,111
0.6689193993806839,120,111
0.6712847501039505,121,111
0.673144057393074,122,111
0.6744196712970734,123,111
0.6715844720602036,124,111
0.6675131022930145,125,111
0.6658726632595062,126,111
0.6634923815727234,127,111
0.6690955609083176,128,111
0.659945547580719,129,111
0.6703150570392609,130,111
0.6826682388782501,131,111
0.686811164021492,132,111
0.6926556676626205,133,111
0.6850961893796921,134,111
0.6685973107814789,135,111
0.6561522334814072,136,111
0.647706925868988,137,111
0.6294532269239426,138,111
0.6142438277602196,139,111
0.5910309702157974,140,111
0.5789778009057045,141,111
0.5609872601926327,142,111
0.5463357642292976,143,111
0.5372910685837269,144,111
0.5294896811246872,145,111
0.5288883987814188,146,111
0.527774641290307,147,111
0.5327063165605068,148,111
0.5372384935617447,149,111
0.436719685792923,0,112
0.43076954036951065,1,112
0.42429180443286896,2,112
0.4278290420770645,3,112
0.42716775834560394,4,112
0.4286501109600067,5,112
0.43489767611026764,6,112
0.43867210671305656,7,112
0.4364843815565109,8,112
0.4389069639146328,9,112
0.4453691840171814,10,112
0.4552139826118946,11,112
0.466570109128952,12,112
0.47409797087311745,13,112
0.47611741349101067,14,112
0.48259902000427246,15,112
0.49273141752928495,16,112
0.4956005956046283,17,112
0.5014126946916804,18,112
0.5021272907033563,19,112
0.5016969215357676,20,112
0.49323164764791727,21,112
0.4829546269029379,22,112
0.47078764624893665,23,112
0.4616207554936409,24,112
0.4550279788672924,25,112
0.4577891193330288,26,112
0.4675782658159733,27,112
0.47399685718119144,28,112
0.4766852557659149,29,112
0.4857126781716943,30,112
0.49872715526726097,31,112
0.5062676365487278,32,112
0.5150144081562757,33,112
0.5256469417363405,34,112
0.5382338389754295,35,112
0.553088828921318,36,112
0.5581773780286312,37,112
0.5578351877629757,38,112
0.5556438080966473,39,112
0.5507174357771873,40,112
0.5424476750195026,41,112
0.5271963328123093,42,112
0.515107249841094,43,112
0.5090557672083378,44,112
0.4997321620467119,45,112
0.4908680943772197,46,112
0.48301162011921406,47,112
0.4798464309424162,48,112
0.4808959309011698,49,112
0.4781442806124687,50,112
0.47971574030816555,51,112
0.48742675222456455,52,112
0.4938326464034617,53,112
0.494350821711123,54,112
0.501157502643764,55,112
0.5003326449368615,56,112
0.49620483233593404,57,112
0.48910663463175297,58,112
0.4899142188951373,59,112
0.4918885948136449,60,112
0.49080109037458897,61,112
0.49407366616651416,62,112
0.4933030502870679,63,112
0.4957006685435772,64,112
0.4960567159578204,65,112
0.496679634321481,66,112
0.4963518059812486,67,112
0.4999843868354219,68,112
0.5036406393628567,69,112
0.5169919338077307,70,112
0.5290228221565485,71,112
0.5468755215406418,72,112
0.5632819384336472,73,112
0.5721968486905098,74,112
0.5768392309546471,75,112
0.5789334550499916,76,112
0.586019717156887,77,112
0.6007125154137611,78,112
0.6108781471848488,79,112
0.6211358606815338,80,112
0.6245075538754463,81,112
0.6255814582109451,82,112
0.6268033236265182,83,112
0.6236401796340942,84,112
0.6177704930305481,85,112
0.6080983057618141,86,112
0.5954391360282898,87,112
0.5890669450163841,88,112
0.5815816149115562,89,112
0.5742088183760643,90,112
0.5755609646439552,91,112
0.576831042766571,92,112
0.5808160677552223,93,112
0.5765189155936241,94,112
0.5828068926930428,95,112
0.5930574908852577,96,112
0.6082565486431122,97,112
0.6185420081019402,98,112
0.6290881931781769,99,112
0.6457559168338776,100,112
0.6681009382009506,101,112
0.6791238039731979,102,112
0.6847312897443771,103,112
0.6866315454244614,104,112
0.6913050413131714,105,112
0.6931831538677216,106,112
0.6841823607683182,107,112
0.6739385277032852,108,112
0.66425721347332,109,112
0.649943083524704,110,112
0.6517261862754822,111,112
0.6388348639011383,112,112
0.6371636092662811,113,112
0.6436553597450256,114,112
0.6505889296531677,115,112
0.6547987312078476,116,112
0.6625138372182846,117,112
0.6622886806726456,118,112
0.6605083793401718,119,112
0.6698341518640518,120,112
0.6751871705055237,121,112
0.6748426258563995,122,112
0.6701835095882416,123,112
0.6686023026704788,124,112
0.6671631932258606,125,112
0.6674341708421707,126,112
0.6722136586904526,127,112
0.6728879809379578,128,112
0.6632609814405441,129,112
0.6727493405342102,130,112
0.6828687638044357,131,112
0.6912041008472443,132,112
0.6986244469881058,133,112
0.6926041096448898,134,112
0.6827051341533661,135,112
0.667130783200264,136,112
0.6549141108989716,137,112
0.6377703994512558,138,112
0.6171793639659882,139,112
0.595806173980236,140,112
0.5827715545892715,141,112
0.5644328072667122,142,112
0.5511296764016151,143,112
0.5414354428648949,144,112
0.5336520187556744,145,112
0.530903372913599,146,112
0.5283929519355297,147,112
0.5318020433187485,148,112
0.5387322157621384,149,112
0.42634205520153046,0,113
0.4191530868411064,1,113
0.41487471759319305,2,113
0.4205917790532112,3,113
0.42381007969379425,4,113
0.42975790798664093,5,113
0.43275023996829987,6,113
0.4396115429699421,7,113
0.44576098024845123,8,113
0.4518878646194935,9,113
0.4512534588575363,10,113
0.46721987798810005,11,113
0.4727644547820091,12,113
0.4799792803823948,13,113
0.4860351998358965,14,113
0.4921308234333992,15,113
0.4993476081872359,16,113
0.502050924114883,17,113
0.5046456200070679,18,113
0.505029150750488,19,113
0.4992453162558377,20,113
0.49055771715939045,21,113
0.4828406497836113,22,113
0.4722582269459963,23,113
0.46266910806298256,24,113
0.4627859741449356,25,113
0.46941904351115227,26,113
0.475456565618515,27,113
0.4800132494419813,28,113
0.48057226464152336,29,113
0.4900476923212409,30,113
0.4962246229406446,31,113
0.510982264764607,32,113
0.5262385942041874,33,113
0.5390236079692841,34,113
0.5538818016648293,35,113
0.5647447034716606,36,113
0.5724076703190804,37,113
0.5743988901376724,38,113
0.5676607862114906,39,113
0.563634105026722,40,113
0.5547792762517929,41,113
0.5369726754724979,42,113
0.5189997591078281,43,113
0.5116246370598674,44,113
0.5074804998002946,45,113
0.4984937986591831,46,113
0.486397092230618,47,113
0.47890787944197655,48,113
0.4746692683547735,49,113
0.47103014402091503,50,113
0.478615989908576,51,113
0.48581681959331036,52,113
0.48653101362288,53,113
0.4881993383169174,54,113
0.4964744788594544,55,113
0.4989010024582967,56,113
0.49696509283967316,57,113
0.4941433407366276,58,113
0.4967649891041219,59,113
0.49666390870697796,60,113
0.49500903440639377,61,113
0.49460901599377394,62,113
0.4913015589118004,63,113
0.49145433958619833,64,113
0.49384024227038026,65,113
0.493086070753634,66,113
0.49302291171625257,67,113
0.495896958746016,68,113
0.5050316085107625,69,113
0.5201111398637295,70,113
0.5302606951445341,71,113
0.5476034954190254,72,113
0.5603975541889668,73,113
0.5649686902761459,74,113
0.5700431242585182,75,113
0.5812492072582245,76,113
0.5931716114282608,77,113
0.6037048175930977,78,113
0.6086580976843834,79,113
0.6184520795941353,80,113
0.6256106942892075,81,113
0.6348883658647537,82,113
0.6359161883592606,83,113
0.634872630238533,84,113
0.6308060884475708,85,113
0.6240818947553635,86,113
0.610302709043026,87,113
0.59742271900177,88,113
0.579392097890377,89,113
0.5756042897701263,90,113
0.5784632414579391,91,113
0.5775735899806023,92,113
0.576189249753952,93,113
0.5697320625185966,94,113
0.5754979178309441,95,113
0.5834034979343414,96,113
0.6016106680035591,97,113
0.6160231307148933,98,113
0.6246200501918793,99,113
0.6438965201377869,100,113
0.662232294678688,101,113
0.6785504072904587,102,113
0.6835709810256958,103,113
0.6792708188295364,104,113
0.6823186278343201,105,113
0.6855902224779129,106,113
0.6784380078315735,107,113
0.667903408408165,108,113
0.6541160941123962,109,113
0.6449731141328812,110,113
0.6447921395301819,111,113
0.6367740780115128,112,113
0.6323336511850357,113,113
0.6444994062185287,114,113
0.6467432528734207,115,113
0.6547354161739349,116,113
0.6619603186845779,117,113
0.6618880480527878,118,113
0.6626163572072983,119,113
0.6655228435993195,120,113
0.6709849983453751,121,113
0.6738604158163071,122,113
0.6701015681028366,123,113
0.6711387187242508,124,113
0.6736217141151428,125,113
0.6799429208040237,126,113
0.6865411102771759,127,113
0.6822631657123566,128,113
0.6768528074026108,129,113
0.6780174374580383,130,113
0.6869800090789795,131,113
0.6947600245475769,132,113
0.6970668286085129,133,113
0.6993567198514938,134,113
0.6949268281459808,135,113
0.6762193143367767,136,113
0.6620002537965775,137,113
0.6477951258420944,138,113
0.6263210326433182,139,113
0.6025837510824203,140,113
0.5907243639230728,141,113
0.5728810429573059,142,113
0.5611387677490711,143,113
0.5465982258319855,144,113
0.5380184538662434,145,113
0.5383126027882099,146,113
0.5356604009866714,147,113
0.5419236458837986,148,113
0.5418442972004414,149,113
0.4244106784462929,0,114
0.4111822620034218,1,114
0.40354444086551666,2,114
0.41102956235408783,3,114
0.42486608773469925,4,114
0.43825813382864,5,114
0.447234645485878,6,114
0.4463319703936577,7,114
0.456523310393095,8,114
0.4602808244526386,9,114
0.46249083057045937,10,114
0.4713531881570816,11,114
0.4796667844057083,12,114
0.4890569010749459,13,114
0.49721234338358045,14,114
0.5051659061573446,15,114
0.5054490873590112,16,114
0.5068767564371228,17,114
0.509436490945518,18,114
0.5069623487070203,19,114
0.5035714749246836,20,114
0.4973203765694052,21,114
0.48898985888808966,22,114
0.4739131350070238,23,114
0.46748265624046326,24,114
0.4703271146863699,25,114
0.4723878689110279,26,114
0.4817357026040554,27,114
0.49401938216760755,28,114
0.4934277287684381,29,114
0.4948492427356541,30,114
0.5021065233740956,31,114
0.5163555480539799,32,114
0.5311301928013563,33,114
0.540976706892252,34,114
0.5516578108072281,35,114
0.5654129087924957,36,114
0.5736697763204575,37,114
0.5767098665237427,38,114
0.5733489915728569,39,114
0.5679668039083481,40,114
0.5558031909167767,41,114
0.5437753684818745,42,114
0.5287272091954947,43,114
0.5182261560112238,44,114
0.517792196944356,45,114
0.5066342423669994,46,114
0.492708767298609,47,114
0.47863282449543476,48,114
0.4749607015401125,49,114
0.47056766226887703,50,114
0.4736691080033779,51,114
0.48170099034905434,52,114
0.4862435031682253,53,114
0.4915627157315612,54,114
0.49881047883536667,55,114
0.49649101751856506,56,114
0.4919772259891033,57,114
0.4939479655586183,58,114
0.49704887089319527,59,114
0.4936861889436841,60,114
0.4942048033699393,61,114
0.49464092776179314,62,114
0.48896791879087687,63,114
0.48704309202730656,64,114
0.4888540040701628,65,114
0.4868358699604869,66,114
0.48691845312714577,67,114
0.49168427381664515,68,114
0.5001657554967096,69,114
0.5103159779682755,70,114
0.5229366738349199,71,114
0.5387023836374283,72,114
0.5521902553737164,73,114
0.5647900551557541,74,114
0.573147363960743,75,114
0.5894191712141037,76,114
0.6008747443556786,77,114
0.6082421839237213,78,114
0.6110208630561829,79,114
0.6185675039887428,80,114
0.6291202753782272,81,114
0.6372830122709274,82,114
0.6419695317745209,83,114
0.6442793607711792,84,114
0.6424350887537003,85,114
0.6393427550792694,86,114
0.6245323494076729,87,114
0.5902610346674919,88,114
0.5938537418842316,89,114
0.5844441130757332,90,114
0.5792345106601715,91,114
0.5756450518965721,92,114
0.576855018734932,93,114
0.5688246861100197,94,114
0.5758865848183632,95,114
0.594386912882328,96,114
0.6020402237772942,97,114
0.6151232197880745,98,114
0.6357551962137222,99,114
0.6481897383928299,100,114
0.6606605648994446,101,114
0.6723252385854721,102,114
0.67928546667099,103,114
0.6806626170873642,104,114
0.6806797385215759,105,114
0.6791273802518845,106,114
0.6747998148202896,107,114
0.6617417633533478,108,114
0.6463488340377808,109,114
0.6456377357244492,110,114
0.6391796320676804,111,114
0.6371044814586639,112,114
0.6393923312425613,113,114
0.6478770226240158,114,114
0.6522326022386551,115,114
0.6591816991567612,116,114
0.6665107011795044,117,114
0.6730177253484726,118,114
0.6752350181341171,119,114
0.6747396439313889,120,114
0.673213392496109,121,114
0.6758185178041458,122,114
0.6872117221355438,123,114
0.6895012706518173,124,114
0.6861013323068619,125,114
0.6894847750663757,126,114
0.6914255917072296,127,114
0.6900229305028915,128,114
0.6900931149721146,129,114
0.6897938102483749,130,114
0.6926288157701492,131,114
0.6975577026605606,132,114
0.6991476863622665,133,114
0.6990203261375427,134,114
0.6955688297748566,135,114
0.6795453727245331,136,114
0.6643313318490982,137,114
0.6505020707845688,138,114
0.6294651627540588,139,114
0.6106482222676277,140,114
0.6023894473910332,141,114
0.5910237953066826,142,114
0.5777992531657219,143,114
0.5593769662082195,144,114
0.5478516332805157,145,114
0.5476200915873051,146,114
0.5512605644762516,147,114
0.5533206388354301,148,114
0.5532408431172371,149,114
0.41571564227342606,0,115
0.4062643051147461,1,115
0.39998263120651245,2,115
0.4025658965110779,3,115
0.4203459545969963,4,115
0.43640077114105225,5,115
0.4495389759540558,6,115
0.45307469740509987,7,115
0.4617989957332611,8,115
0.4724794216454029,9,115
0.47778745368123055,10,115
0.48607694637030363,11,115
0.4891432961449027,12,115
0.49813258927315474,13,115
0.5063019595108926,14,115
0.5060702697373927,15,115
0.5116174565628171,16,115
0.5136215947568417,17,115
0.5133150173351169,18,115
0.508401813916862,19,115
0.5051076337695122,20,115
0.49989000969799235,21,115
0.49002367444336414,22,115
0.4781423285603523,23,115
0.47191501781344414,24,115
0.47193955443799496,25,115
0.4722436498850584,26,115
0.4842086285352707,27,115
0.4943308518268168,28,115
0.502601683838293,29,115
0.5073763648979366,30,115
0.5131352823227644,31,115
0.5221536662429571,32,115
0.5350141674280167,33,115
0.5441672056913376,34,115
0.5548736788332462,35,115
0.5663972198963165,36,115
0.5703093782067299,37,115
0.5726701766252518,38,115
0.5739342719316483,39,115
0.5664633139967918,40,115
0.5591721870005131,41,115
0.5440153330564499,42,115
0.5397668667137623,43,115
0.5313951671123505,44,115
0.5192019231617451,45,115
0.510399928316474,46,115
0.4990329296560958,47,115
0.48634136095643044,48,115
0.4851181246340275,49,115
0.48114996775984764,50,115
0.48029189370572567,51,115
0.4885712219402194,52,115
0.49502346385270357,53,115
0.4982966260286048,54,115
0.5021962821483612,55,115
0.49905612861039117,56,115
0.4973476277664304,57,115
0.501850368338637,58,115
0.5009193633450195,59,115
0.4953169282525778,60,115
0.4932297542691231,61,115
0.4890845809131861,62,115
0.48580125626176596,63,115
0.4839125871658325,64,115
0.4816337637603283,65,115
0.4829366263002157,66,115
0.48185805045068264,67,115
0.48489209823310375,68,115
0.4962109613697976,69,115
0.5071055255830288,70,115
0.5198308732360601,71,115
0.5325055085122585,72,115
0.5474818907678127,73,115
0.564188688993454,74,115
0.5754608884453773,75,115
0.5933180376887321,76,115
0.606254480779171,77,115
0.616304449737072,78,115
0.6214476078748703,79,115
0.6268549263477325,80,115
0.6336441040039062,81,115
0.6406888961791992,82,115
0.645326241850853,83,115
0.6458797603845596,84,115
0.638186052441597,85,115
0.6329529583454132,86,115
0.6207697987556458,87,115
0.604057565331459,88,115
0.6027791574597359,89,115
0.5942236855626106,90,115
0.5850981399416924,91,115
0.5790963023900986,92,115
0.582654282450676,93,115
0.5802791267633438,94,115
0.591690756380558,95,115
0.5918490365147591,96,115
0.6017989739775658,97,115
0.6172197163105011,98,115
0.6374808698892593,99,115
0.6526448428630829,100,115
0.6596646755933762,101,115
0.6643654555082321,102,115
0.6690489649772644,103,115
0.6745702028274536,104,115
0.6743735820055008,105,115
0.6776632815599442,106,115
0.671371191740036,107,115
0.6569162756204605,108,115
0.6468209475278854,109,115
0.6480438560247421,110,115
0.645252138376236,111,115
0.6487655490636826,112,115
0.6519792228937149,113,115
0.6538676619529724,114,115
0.6567533314228058,115,115
0.662081852555275,116,115
0.6681206524372101,117,115
0.6831653416156769,118,115
0.6830001622438431,119,115
0.6832195669412613,120,115
0.6789981573820114,121,115
0.681362122297287,122,115
0.6967189460992813,123,115
0.7026728093624115,124,115
0.7006914466619492,125,115
0.6976109594106674,126,115
0.6878912895917892,127,115
0.6876016706228256,128,115
0.6901838183403015,129,115
0.6916470974683762,130,115
0.6924322545528412,131,115
0.6966965198516846,132,115
0.6981783956289291,133,115
0.6951216459274292,134,115
0.6865559667348862,135,115
0.6777557879686356,136,115
0.6603805273771286,137,115
0.646104633808136,138,115
0.6304667443037033,139,115
0.6215890720486641,140,115
0.614511102437973,141,115
0.604399710893631,142,115
0.5880826488137245,143,115
0.5699908435344696,144,115
0.5576965846121311,145,115
0.5567133575677872,146,115
0.5528221465647221,147,115
0.5617077723145485,148,115
0.5633614659309387,149,115
0.4136727377772331,0,116
0.4072202295064926,1,116
0.40716156363487244,2,116
0.4131021052598953,3,116
0.42111510038375854,4,116
0.4356664568185806,5,116
0.4393192045390606,6,116
0.45129017531871796,7,116
0.4676906578242779,8,116
0.4832119792699814,9,116
0.48972812108695507,10,116
0.489205758087337,11,116
0.49308844842016697,12,116
0.5023670380469412,13,116
0.5041604186408222,14,116
0.5065480805933475,15,116
0.5034416085109115,16,116
0.5145107079297304,17,116
0.5150664271786809,18,116
0.5057453676126897,19,116
0.5007698272820562,20,116
0.4979259839747101,21,116
0.4930097139440477,22,116
0.4835078474134207,23,116
0.480949055403471,24,116
0.4800543412566185,25,116
0.48059060610830784,26,116
0.4894469762220979,27,116
0.49726088205352426,28,116
0.5054664402268827,29,116
0.5113230030983686,30,116
0.5172438807785511,31,116
0.5229873452335596,32,116
0.5350379310548306,33,116
0.5469176433980465,34,116
0.5572397969663143,35,116
0.5643702819943428,36,116
0.5711701512336731,37,116
0.5699722096323967,38,116
0.5670637637376785,39,116
0.5684336349368095,40,116
0.56812883913517,41,116
0.5564231723546982,42,116
0.545172568410635,43,116
0.5350632071495056,44,116
0.5228918362408876,45,116
0.5158838406205177,46,116
0.5012353152269498,47,116
0.4918315224349499,48,116
0.4940714589320123,49,116
0.49159992579370737,50,116
0.4908393044024706,51,116
0.496304533444345,52,116
0.5036210990510881,53,116
0.5087184654548764,54,116
0.5088145909830928,55,116
0.5036090603098273,56,116
0.5004781200841535,57,116
0.5065198452211916,58,116
0.5054478072561324,59,116
0.5062405448406935,60,116
0.5032048565335572,61,116
0.49717066111043096,62,116
0.48717895429581404,63,116
0.4841162860393524,64,116
0.4818137139081955,65,116
0.4793661367148161,66,116
0.4802083559334278,67,116
0.48462682869285345,68,116
0.4899698933586478,69,116
0.5066009010188282,70,116
0.5184598471969366,71,116
0.5293513834476471,72,116
0.5431491360068321,73,116
0.5548973716795444,74,116
0.5714872181415558,75,116
0.5955396369099617,76,116
0.6149911731481552,77,116
0.6254852861166,78,116
0.6313967406749725,79,116
0.6246098428964615,80,116
0.631832629442215,81,116
0.6355024129152298,82,116
0.635987401008606,83,116
0.6396681070327759,84,116
0.6411994397640228,85,116
0.6398405134677887,86,116
0.6326624304056168,87,116
0.6210633516311646,88,116
0.6101689711213112,89,116
0.6012931168079376,90,116
0.5931578129529953,91,116
0.5857743620872498,92,116
0.5858943611383438,93,116
0.5864438936114311,94,116
0.5873673185706139,95,116
0.5894671380519867,96,116
0.5993910580873489,97,116
0.6126668676733971,98,116
0.6340428441762924,99,116
0.6497467011213303,100,116
0.6516748070716858,101,116
0.654340535402298,102,116
0.656891718506813,103,116
0.6629765182733536,104,116
0.6681073009967804,105,116
0.6709679216146469,106,116
0.6675349622964859,107,116
0.6613177359104156,108,116
0.6547601073980331,109,116
0.6546240746974945,110,116
0.6490498483181,111,116
0.6542643457651138,112,116
0.6576297283172607,113,116
0.660182535648346,114,116
0.6599478125572205,115,116
0.6632087081670761,116,116
0.6697629392147064,117,116
0.6854049265384674,118,116
0.683942049741745,119,116
0.6803026497364044,120,116
0.6819793879985809,121,116
0.686465322971344,122,116
0.6962011903524399,123,116
0.7091064602136612,124,116
0.703647181391716,125,116
0.696117490530014,126,116
0.6901261061429977,127,116
0.6881416141986847,128,116
0.6907792687416077,129,116
0.6922154277563095,130,116
0.6970601975917816,131,116
0.6948877722024918,132,116
0.6934617906808853,133,116
0.6896181106567383,134,116
0.6891195625066757,135,116
0.6811599731445312,136,116
0.6624055802822113,137,116
0.6478360295295715,138,116
0.6385480314493179,139,116
0.6246448531746864,140,116
0.619969554245472,141,116
0.6062209084630013,142,116
0.5929322019219398,143,116
0.573126956820488,144,116
0.5626196339726448,145,116
0.5589705370366573,146,116
0.5651733204722404,147,116
0.5675601810216904,148,116
0.5669841393828392,149,116
0.4193467050790787,0,117
0.40984899550676346,1,117
0.4180154800415039,2,117
0.42078714072704315,3,117
0.42284419387578964,4,117
0.44073035940527916,5,117
0.45123258605599403,6,117
0.4571636840701103,7,117
0.47039995715022087,8,117
0.4858498387038708,9,117
0.4950076066888869,10,117
0.48687679041177034,11,117
0.5009319346863776,12,117
0.5096681863069534,13,117
0.5138697847723961,14,117
0.5111226476728916,15,117
0.5073816473595798,16,117
0.5108546167612076,17,117
0.5107559254392982,18,117
0.4993265406228602,19,117
0.4933878448791802,20,117
0.49754223716445267,21,117
0.4958155252970755,22,117
0.4872382264584303,23,117
0.48272621631622314,24,117
0.4821859486401081,25,117
0.4846842344850302,26,117
0.4960870589129627,27,117
0.4989865403622389,28,117
0.5067147267982364,29,117
0.5165072828531265,30,117
0.5200284495949745,31,117
0.5256781503558159,32,117
0.5360972993075848,33,117
0.5475323125720024,34,117
0.5554488785564899,35,117
0.5605780221521854,36,117
0.5659515559673309,37,117
0.5704301372170448,38,117
0.5645522177219391,39,117
0.5628380849957466,40,117
0.5628119558095932,41,117
0.5591727867722511,42,117
0.5471407920122147,43,117
0.5349217243492603,44,117
0.5216716397553682,45,117
0.5154378386214375,46,117
0.500365315907402,47,117
0.4948098915629089,48,117
0.49844627850688994,49,117
0.49724678765051067,50,117
0.5007179293315858,51,117
0.5083853099495173,52,117
0.5102911628782749,53,117
0.5189206898212433,54,117
0.5160586778074503,55,117
0.5151586113497615,56,117
0.5121704870834947,57,117
0.5123991305008531,58,117
0.5142708458006382,59,117
0.5128757311031222,60,117
0.5095702689141035,61,117
0.5027249038685113,62,117
0.4932030560448766,63,117
0.49054365139454603,64,117
0.48529562074691057,65,117
0.47834742814302444,66,117
0.47497993521392345,67,117
0.4769454821944237,68,117
0.48361171036958694,69,117
0.4996123668679502,70,117
0.5162634216248989,71,117
0.5334871709346771,72,117
0.5474211797118187,73,117
0.5560399144887924,74,117
0.5728495791554451,75,117
0.5860350281000137,76,117
0.6116610467433929,77,117
0.6279361844062805,78,117
0.6298081427812576,79,117
0.6321589201688766,80,117
0.6337088346481323,81,117
0.6363012939691544,82,117
0.6365907788276672,83,117
0.6407148838043213,84,117
0.6464209407567978,85,117
0.6487436294555664,86,117
0.6380299180746078,87,117
0.6264187693595886,88,117
0.61192986369133,89,117
0.6078059896826744,90,117
0.6038671284914017,91,117
0.5967396348714828,92,117
0.5926181674003601,93,117
0.585712805390358,94,117
0.5807807967066765,95,117
0.5811210945248604,96,117
0.5879732593894005,97,117
0.5989559963345528,98,117
0.6189794540405273,99,117
0.6397610306739807,100,117
0.6494426727294922,101,117
0.6496388167142868,102,117
0.6495043039321899,103,117
0.6522147059440613,104,117
0.6554545164108276,105,117
0.663550078868866,106,117
0.6616992503404617,107,117
0.661721259355545,108,117
0.6557923555374146,109,117
0.6611993461847305,110,117
0.6582879424095154,111,117
0.6592358648777008,112,117
0.6610241085290909,113,117
0.6650494635105133,114,117
0.6683835089206696,115,117
0.6667552143335342,116,117
0.6756807565689087,117,117
0.6913196593523026,118,117
0.6853784769773483,119,117
0.6903673559427261,120,117
0.6972882896661758,121,117
0.7002776861190796,122,117
0.7129141837358475,123,117
0.721130758523941,124,117
0.7135441601276398,125,117
0.6986407935619354,126,117
0.6963922083377838,127,117
0.6943642348051071,128,117
0.6999017000198364,129,117
0.6962034106254578,130,117
0.6974586099386215,131,117
0.6947284936904907,132,117
0.6900160759687424,133,117
0.6947677880525589,134,117
0.6972391158342361,135,117
0.6870325356721878,136,117
0.6688932925462723,137,117
0.6568859815597534,138,117
0.640630230307579,139,117
0.6239308714866638,140,117
0.620295412838459,141,117
0.6029599532485008,142,117
0.5896517112851143,143,117
0.5781863927841187,144,117
0.5670774877071381,145,117
0.5661988779902458,146,117
0.5667746812105179,147,117
0.5697496980428696,148,117
0.5666347146034241,149,117
0.4177471548318863,0,118
0.41417893022298813,1,118
0.4191267341375351,2,118
0.4262715205550194,3,118
0.4305756166577339,4,118
0.4436711221933365,5,118
0.4528886750340462,6,118
0.4602692611515522,7,118
0.4685599133372307,8,118
0.4785319771617651,9,118
0.4891333468258381,10,118
0.49015895277261734,11,118
0.5013959240168333,12,118
0.5089747961610556,13,118
0.5074332137592137,14,118
0.5051405900157988,15,118
0.5069641494192183,16,118
0.5062456429004669,17,118
0.5056611765176058,18,118
0.5017031476600096,19,118
0.4976717485114932,20,118
0.4975371649488807,21,118
0.49681662605144083,22,118
0.4873156566172838,23,118
0.4816737435758114,24,118
0.48349533043801785,25,118
0.48912277165800333,26,118
0.49509493354707956,27,118
0.4972050024662167,28,118
0.5036032353527844,29,118
0.5154852643609047,30,118
0.5283051319420338,31,118
0.5380224473774433,32,118
0.5379863046109676,33,118
0.5394232608377934,34,118
0.5514272563159466,35,118
0.5593037866055965,36,118
0.5659315660595894,37,118
0.5638132393360138,38,118
0.561057485640049,39,118
0.5619441196322441,40,118
0.5594360381364822,41,118
0.5532976016402245,42,118
0.545750092715025,43,118
0.5364958792924881,44,118
0.5315553471446037,45,118
0.5217388905584812,46,118
0.5099502298980951,47,118
0.5072172372601926,48,118
0.5041427006945014,49,118
0.5067637683823705,50,118
0.5095211276784539,51,118
0.5116497632116079,52,118
0.5155660659074783,53,118
0.5179791133850813,54,118
0.5169425923377275,55,118
0.5150471525266767,56,118
0.5149519285187125,57,118
0.5104651134461164,58,118
0.5118905641138554,59,118
0.5128314131870866,60,118
0.5121655547991395,61,118
0.5076239174231887,62,118
0.5027734015602618,63,118
0.4981892693322152,64,118
0.4896430028602481,65,118
0.4842050392180681,66,118
0.4798783026635647,67,118
0.4836854487657547,68,118
0.4849624438211322,69,118
0.49828274664469063,70,118
0.5169911868870258,71,118
0.528514064848423,72,118
0.5420301221311092,73,118
0.5522643104195595,74,118
0.5643381178379059,75,118
0.5874229744076729,76,118
0.6114521622657776,77,118
0.62911157310009,78,118
0.6357069462537766,79,118
0.6363474726676941,80,118
0.6399713307619095,81,118
0.63627889752388,82,118
0.6359614729881287,83,118
0.6407998949289322,84,118
0.6443882584571838,85,118
0.6432520747184753,86,118
0.6312809437513351,87,118
0.6175697892904282,88,118
0.610101692378521,89,118
0.6108379364013672,90,118
0.6116726994514465,91,118
0.5986040234565735,92,118
0.6011242941021919,93,118
0.5900940224528313,94,118
0.5865214169025421,95,118
0.5821242406964302,96,118
0.5826982036232948,97,118
0.5911715179681778,98,118
0.6089076846837997,99,118
0.6272899657487869,100,118
0.6410933583974838,101,118
0.6417153179645538,102,118
0.6477978378534317,103,118
0.6490741670131683,104,118
0.6523981094360352,105,118
0.656191885471344,106,118
0.6534873843193054,107,118
0.6499524712562561,108,118
0.6458831578493118,109,118
0.6502909511327744,110,118
0.6563869714736938,111,118
0.6569547653198242,112,118
0.6607087850570679,113,118
0.6580373197793961,114,118
0.6660873591899872,115,118
0.6724208742380142,116,118
0.6869771927595139,117,118
0.6860441267490387,118,118
0.691522628068924,119,118
0.6977602392435074,120,118
0.7010777741670609,121,118
0.7043342292308807,122,118
0.718735933303833,123,118
0.7189581245183945,124,118
0.7158058732748032,125,118
0.704738199710846,126,118
0.6970883160829544,127,118
0.6982517838478088,128,118
0.7043843120336533,129,118
0.7037341296672821,130,118
0.7000323832035065,131,118
0.6976655870676041,132,118
0.6939368844032288,133,118
0.6975895464420319,134,118
0.6991894394159317,135,118
0.689133957028389,136,118
0.6783282160758972,137,118
0.6649463027715683,138,118
0.6493370980024338,139,118
0.6275889575481415,140,118
0.6202729642391205,141,118
0.6032476425170898,142,118
0.5920142158865929,143,118
0.5872853770852089,144,118
0.577971376478672,145,118
0.5735091641545296,146,118
0.5712429061532021,147,118
0.5706155076622963,148,118
0.5673993825912476,149,118
0.4138006195425987,0,119
0.41809532791376114,1,119
0.42321162670850754,2,119
0.42637863755226135,3,119
0.43223699927330017,4,119
0.4451153464615345,5,119
0.4548147954046726,6,119
0.46247532963752747,7,119
0.46652965620160103,8,119
0.4700305927544832,9,119
0.4760611355304718,10,119
0.4853671370074153,11,119
0.4921634141355753,12,119
0.496192374965176,13,119
0.5002916620287579,14,119
0.502708048094064,15,119
0.5043084574863315,16,119
0.5019439598545432,17,119
0.5023357814643532,18,119
0.5048102708533406,19,119
0.5053105144761503,20,119
0.5006118976161815,21,119
0.48946458380669355,22,119
0.4828833881765604,23,119
0.48146117106080055,24,119
0.48073023185133934,25,119
0.49081972520798445,26,119
0.49620541278272867,27,119
0.5003688510332722,28,119
0.5084963273257017,29,119
0.5188445318490267,30,119
0.5323615483939648,31,119
0.5434408001601696,32,119
0.5405855663120747,33,119
0.5383968204259872,34,119
0.5522915795445442,35,119
0.5636115372180939,36,119
0.5675329640507698,37,119
0.5614618770778179,38,119
0.5629931166768074,39,119
0.5576228238642216,40,119
0.5508293807506561,41,119
0.5500135198235512,42,119
0.5432061702013016,43,119
0.5419205762445927,44,119
0.5432105846703053,45,119
0.5275145452469587,46,119
0.5232617724686861,47,119
0.5174288786947727,48,119
0.5116785988211632,49,119
0.5144229773432016,50,119
0.5128358630463481,51,119
0.5133767817169428,52,119
0.5160600394010544,53,119
0.5145726092159748,54,119
0.5115478299558163,55,119
0.5112071558833122,56,119
0.5116803729906678,57,119
0.5109659442678094,58,119
0.5138138383626938,59,119
0.5125543009489775,60,119
0.5131190130487084,61,119
0.5121469777077436,62,119
0.5095676677301526,63,119
0.5014483510749415,64,119
0.4936991943977773,65,119
0.4919991586357355,66,119
0.48797320388257504,67,119
0.48359620943665504,68,119
0.4866865975782275,69,119
0.5024754998739809,70,119
0.5164717119187117,71,119
0.5332373343408108,72,119
0.5465069636702538,73,119
0.557301726192236,74,119
0.570782907307148,75,119
0.5876453444361687,76,119
0.609154112637043,77,119
0.6281509846448898,78,119
0.6340338289737701,79,119
0.6394550204277039,80,119
0.6386577486991882,81,119
0.6401793509721756,82,119
0.6370671093463898,83,119
0.638900488615036,84,119
0.6382318884134293,85,119
0.6315608322620392,86,119
0.6204115822911263,87,119
0.6091652140021324,88,119
0.6073434203863144,89,119
0.6066657975316048,90,119
0.6093881279230118,91,119
0.6059745326638222,92,119
0.6075552776455879,93,119
0.5988003686070442,94,119
0.5923256948590279,95,119
0.5875529646873474,96,119
0.585336722433567,97,119
0.588092491030693,98,119
0.6050242856144905,99,119
0.6204337477684021,100,119
0.6326058059930801,101,119
0.6413715779781342,102,119
0.6434859931468964,103,119
0.6436087340116501,104,119
0.647105798125267,105,119
0.6459371596574783,106,119
0.641024649143219,107,119
0.6399906426668167,108,119
0.6381094455718994,109,119
0.6400425136089325,110,119
0.6482671946287155,111,119
0.6507030427455902,112,119
0.656913623213768,113,119
0.6612651199102402,114,119
0.6662935465574265,115,119
0.6719717383384705,116,119
0.673139825463295,117,119
0.6836584210395813,118,119
0.6901781558990479,119,119
0.6963117271661758,120,119
0.6993339508771896,121,119
0.7029435038566589,122,119
0.7099286168813705,123,119
0.7134483754634857,124,119
0.7109426856040955,125,119
0.7027668058872223,126,119
0.6997252553701401,127,119
0.6990238726139069,128,119
0.6999837905168533,129,119
0.7002973854541779,130,119
0.6964575499296188,131,119
0.6957790851593018,132,119
0.695285826921463,133,119
0.6958445161581039,134,119
0.7003615200519562,135,119
0.7009827494621277,136,119
0.6874627321958542,137,119
0.6693566143512726,138,119
0.6576071083545685,139,119
0.6423708498477936,140,119
0.6270650625228882,141,119
0.614703580737114,142,119
0.6035354435443878,143,119
0.5928725823760033,144,119
0.5886600464582443,145,119
0.5849938094615936,146,119
0.5804540738463402,147,119
0.5775118917226791,148,119
0.5765827596187592,149,119
0.4134891927242279,0,120
0.422881156206131,1,120
0.4278123453259468,2,120
0.42133626341819763,3,120
0.4265816882252693,4,120
0.4450656995177269,5,120
0.4564196616411209,6,120
0.46623819321393967,7,120
0.46621301397681236,8,120
0.4704224728047848,9,120
0.47442594170570374,10,120
0.4807022698223591,11,120
0.4881620742380619,12,120
0.4922751169651747,13,120
0.4942621090449393,14,120
0.49680825881659985,15,120
0.4981988006038591,16,120
0.4940285449847579,17,120
0.49850284960120916,18,120
0.5059669227339327,19,120
0.5062791197560728,20,120
0.5046507017686963,21,120
0.49726047087460756,22,120
0.4870608923956752,23,120
0.4819907061755657,24,120
0.489331160672009,25,120
0.4978871166240424,26,120
0.49903951556188986,27,120
0.5041222693398595,28,120
0.5186242517083883,29,120
0.5244073085486889,30,120
0.5337354056537151,31,120
0.5452329739928246,32,120
0.5468520671129227,33,120
0.5549184828996658,34,120
0.5650847554206848,35,120
0.5674373731017113,36,120
0.5678148940205574,37,120
0.5648676082491875,38,120
0.5667421594262123,39,120
0.5618125237524509,40,120
0.5530106909573078,41,120
0.5539533123373985,42,120
0.5565446242690086,43,120
0.5530622228980064,44,120
0.5489319376647472,45,120
0.5370972268283367,46,120
0.5310425478965044,47,120
0.5221513696014881,48,120
0.5163028202950954,49,120
0.5185453649610281,50,120
0.5123849017545581,51,120
0.510680491104722,52,120
0.5142643777653575,53,120
0.5155757386237383,54,120
0.5098240384832025,55,120
0.5040876404382288,56,120
0.5066054984927177,57,120
0.5092860264703631,58,120
0.512326018884778,59,120
0.5096656819805503,60,120
0.5134015642106533,61,120
0.5144443586468697,62,120
0.5209112912416458,63,120
0.513528217561543,64,120
0.5020209329668432,65,120
0.5028998558409512,66,120
0.49839339684695005,67,120
0.49389135744422674,68,120
0.4928287724032998,69,120
0.5117786955088377,70,120
0.5228882450610399,71,120
0.5380794852972031,72,120
0.5513329654932022,73,120
0.5631464198231697,74,120
0.5783159509301186,75,120
0.59061049669981,76,120
0.6051406189799309,77,120
0.618845634162426,78,120
0.63090018928051,79,120
0.6326377242803574,80,120
0.6388676166534424,81,120
0.6432138979434967,82,120
0.6446617990732193,83,120
0.6418361961841583,84,120
0.6356345564126968,85,120
0.6285366863012314,86,120
0.6155030801892281,87,120
0.609087273478508,88,120
0.6058155968785286,89,120
0.6066276729106903,90,120
0.6102751791477203,91,120
0.6120683178305626,92,120
0.611851304769516,93,120
0.6015483736991882,94,120
0.5956248342990875,95,120
0.5963954478502274,96,120
0.5956402942538261,97,120
0.5916327014565468,98,120
0.6035660579800606,99,120
0.6177242621779442,100,120
0.630288228392601,101,120
0.6316755414009094,102,120
0.6353588402271271,103,120
0.6337590366601944,104,120
0.6351655274629593,105,120
0.6287506073713303,106,120
0.6207067668437958,107,120
0.6263837218284607,108,120
0.6280644983053207,109,120
0.6336763650178909,110,120
0.638218492269516,111,120
0.6406252384185791,112,120
0.6565284729003906,113,120
0.6628939658403397,114,120
0.6691792160272598,115,120
0.679839476943016,116,120
0.6734547019004822,117,120
0.6810414493083954,118,120
0.6864828318357468,119,120
0.6973350346088409,120,120
0.7010121047496796,121,120
0.7018513381481171,122,120
0.7030058056116104,123,120
0.7040388137102127,124,120
0.7041620463132858,125,120
0.6984123289585114,126,120
0.7002539783716202,127,120
0.6945263147354126,128,120
0.6904733777046204,129,120
0.6922402828931808,130,120
0.6900690197944641,131,120
0.6891627460718155,132,120
0.6923238784074783,133,120
0.696207657456398,134,120
0.698097288608551,135,120
0.7051982134580612,136,120
0.698529839515686,137,120
0.6775941699743271,138,120
0.6707078218460083,139,120
0.6573362201452255,140,120
0.6355260163545609,141,120
0.6212669387459755,142,120
0.6143117547035217,143,120
0.60714952647686,144,120
0.5991738960146904,145,120
0.5987624153494835,146,120
0.5932705625891685,147,120
0.5879044830799103,148,120
0.5895372927188873,149,120
0.41649314761161804,0,121
0.42053549736738205,1,121
0.4212791621685028,2,121
0.4237792417407036,3,121
0.4314957708120346,4,121
0.44496652111411095,5,121
0.4573013111948967,6,121
0.4653361700475216,7,121
0.46796077117323875,8,121
0.47796946205198765,9,121
0.4774832185357809,10,121
0.47614932619035244,11,121
0.48067322187125683,12,121
0.4849002081900835,13,121
0.48608678486198187,14,121
0.48193654976785183,15,121
0.483303427696228,16,121
0.4849679609760642,17,121
0.49252268578857183,18,121
0.4984004769939929,19,121
0.496598806232214,20,121
0.5035055200569332,21,121
0.49959018448134884,22,121
0.49463857896625996,23,121
0.4957230188883841,24,121
0.5004811783728655,25,121
0.5055031892843544,26,121
0.5073550539091229,27,121
0.51295957993716,28,121
0.5240934677422047,29,121
0.5323152765631676,30,121
0.5352585725486279,31,121
0.5451233200728893,32,121
0.5532670542597771,33,121
0.5643716007471085,34,121
0.5715992078185081,35,121
0.5721863433718681,36,121
0.5804833024740219,37,121
0.5829258039593697,38,121
0.5772225335240364,39,121
0.5721112042665482,40,121
0.5665086880326271,41,121
0.5627346709370613,42,121
0.5603430606424809,43,121
0.5582361221313477,44,121
0.551934864372015,45,121
0.5387622080743313,46,121
0.5279212519526482,47,121
0.5224331915378571,48,121
0.5127348806709051,49,121
0.5115225901827216,50,121
0.5072544175200164,51,121
0.5062473737634718,52,121
0.5166943892836571,53,121
0.5141546726226807,54,121
0.50737096183002,55,121
0.5033768084831536,56,121
0.5036748703569174,57,121
0.5074271960183978,58,121
0.5125706251710653,59,121
0.5138436993584037,60,121
0.5135611305013299,61,121
0.5163179077208042,62,121
0.5180484373122454,63,121
0.5131569299846888,64,121
0.5073471078649163,65,121
0.5089343618601561,66,121
0.5105081358924508,67,121
0.5069563202559948,68,121
0.5083195259794593,69,121
0.5202934704720974,70,121
0.5266049671918154,71,121
0.5412176921963692,72,121
0.5535773411393166,73,121
0.5645889118313789,74,121
0.5807825028896332,75,121
0.5952300876379013,76,121
0.6089503392577171,77,121
0.6182168126106262,78,121
0.6311225742101669,79,121
0.635061502456665,80,121
0.6397213339805603,81,121
0.6437314450740814,82,121
0.6478316187858582,83,121
0.6438423842191696,84,121
0.6403743475675583,85,121
0.6310186833143234,86,121
0.6208246648311615,87,121
0.6137696281075478,88,121
0.6110872700810432,89,121
0.6106850132346153,90,121
0.6091713756322861,91,121
0.6121721416711807,92,121
0.613227054476738,93,121
0.60951267182827,94,121
0.6017977371811867,95,121
0.6037402972579002,96,121
0.6035345494747162,97,121
0.5995189994573593,98,121
0.6081361770629883,99,121
0.6204694360494614,100,121
0.625466600060463,101,121
0.6264722645282745,102,121
0.6278386861085892,103,121
0.6252002120018005,104,121
0.6203732714056969,105,121
0.6163511574268341,106,121
0.6111752912402153,107,121
0.6157917007803917,108,121
0.6209080740809441,109,121
0.6333137899637222,110,121
0.6381214112043381,111,121
0.6401811689138412,112,121
0.6516122817993164,113,121
0.6594134420156479,114,121
0.6650380939245224,115,121
0.6799958199262619,116,121
0.6761423200368881,117,121
0.6799236685037613,118,121
0.6888363659381866,119,121
0.6980606019496918,120,121
0.702603355050087,121,121
0.7038935571908951,122,121
0.7118672877550125,123,121
0.7088902145624161,124,121
0.7056067436933517,125,121
0.7033206522464752,126,121
0.695637971162796,127,121
0.689039796590805,128,121
0.686425969004631,129,121
0.6879655718803406,130,121
0.6881909817457199,131,121
0.6888284683227539,132,121
0.6899272948503494,133,121
0.6938366442918777,134,121
0.6961296200752258,135,121
0.7022120654582977,136,121
0.7033442109823227,137,121
0.6923841089010239,138,121
0.6835849732160568,139,121
0.6722263842821121,140,121
0.6435645073652267,141,121
0.6304676234722137,142,121
0.6272584944963455,143,121
0.620955117046833,144,121
0.615432471036911,145,121
0.6100224554538727,146,121
0.6099861636757851,147,121
0.6060874313116074,148,121
0.600698746740818,149,121
0.40507249534130096,0,122
0.4108685329556465,1,122
0.416738860309124,2,122
0.424831785261631,3,122
0.4327153339982033,4,122
0.44172707572579384,5,122
0.45080894976854324,6,122
0.4635454826056957,7,122
0.4750385042279959,8,122
0.47625053115189075,9,122
0.47535594925284386,10,122
0.4691143985837698,11,122
0.46979510970413685,12,122
0.47109198942780495,13,122
0.46954729221761227,14,122
0.471925288438797,15,122
0.4762317519634962,16,122
0.4798969551920891,17,122
0.4865002343431115,18,122
0.49159405659884214,19,122
0.4957718523219228,20,122
0.4963792378548533,21,122
0.4923994396813214,22,122
0.4986663528252393,23,122
0.5007505478570238,24,122
0.5030102161690593,25,122
0.507618865929544,26,122
0.5130875827744603,27,122
0.5257393550127745,28,122
0.5260535832494497,29,122
0.5316050164401531,30,122
0.5428894683718681,31,122
0.5542970858514309,32,122
0.5615932270884514,33,122
0.5679262951016426,34,122
0.573676772415638,35,122
0.5779889151453972,36,122
0.5871924981474876,37,122
0.590706542134285,38,122
0.5880830213427544,39,122
0.5851146578788757,40,122
0.5742318853735924,41,122
0.5682951062917709,42,122
0.5675281882286072,43,122
0.5643435120582581,44,122
0.5561875626444817,45,122
0.5429432019591331,46,122
0.5293178707361221,47,122
0.5224805772304535,48,122
0.5106598334386945,49,122
0.5053482218645513,50,122
0.5053776311688125,51,122
0.5041395896114409,52,122
0.5178810190409422,53,122
0.5140314949676394,54,122
0.508579601533711,55,122
0.5094653395935893,56,122
0.5122395297512412,57,122
0.506220128852874,58,122
0.5102632585912943,59,122
0.5132014574483037,60,122
0.5147187644615769,61,122
0.5188938621431589,62,122
0.5154864862561226,63,122
0.5165206212550402,64,122
0.5189376194030046,65,122
0.5218089036643505,66,122
0.5257792267948389,67,122
0.518383139744401,68,122
0.5204940307885408,69,122
0.5318216942250729,70,122
0.5420013032853603,71,122
0.5560930781066418,72,122
0.5624307468533516,73,122
0.5674649253487587,74,122
0.5842665582895279,75,122
0.6031099259853363,76,122
0.6158688142895699,77,122
0.629857987165451,78,122
0.6385436207056046,79,122
0.6445140987634659,80,122
0.6473495960235596,81,122
0.6510234177112579,82,122
0.6563192158937454,83,122
0.6522598266601562,84,122
0.6506884098052979,85,122
0.6438428908586502,86,122
0.6355443298816681,87,122
0.623106874525547,88,122
0.6167684867978096,89,122
0.6138783618807793,90,122
0.6156826466321945,91,122
0.619131863117218,92,122
0.6244278848171234,93,122
0.6212499663233757,94,122
0.614596389234066,95,122
0.6105405762791634,96,122
0.6032311618328094,97,122
0.6016803532838821,98,122
0.6092980578541756,99,122
0.6180578023195267,100,122
0.6238912791013718,101,122
0.6275967061519623,102,122
0.6275672167539597,103,122
0.6205535605549812,104,122
0.6092542409896851,105,122
0.6047140434384346,106,122
0.6038162410259247,107,122
0.6109704822301865,108,122
0.6225784420967102,109,122
0.6316065341234207,110,122
0.6359354853630066,111,122
0.6348434537649155,112,122
0.6417234092950821,113,122
0.6542853116989136,114,122
0.6645999699831009,115,122
0.6697924584150314,116,122
0.6619313210248947,117,122
0.6756847947835922,118,122
0.6876354515552521,119,122
0.6974601000547409,120,122
0.7017936706542969,121,122
0.7052935659885406,122,122
0.7034617960453033,123,122
0.7053668051958084,124,122
0.703752189874649,125,122
0.6962777823209763,126,122
0.6886326670646667,127,122
0.6870507895946503,128,122
0.6867403835058212,129,122
0.6848014146089554,130,122
0.6835189312696457,131,122
0.6831867843866348,132,122
0.6796966344118118,133,122
0.6846608817577362,134,122
0.697484090924263,135,122
0.7047863453626633,136,122
0.7066224813461304,137,122
0.700142502784729,138,122
0.6912661641836166,139,122
0.6862767338752747,140,122
0.6647984236478806,141,122
0.6515004932880402,142,122
0.6430947631597519,143,122
0.6361037492752075,144,122
0.6291571408510208,145,122
0.6200939863920212,146,122
0.6180939227342606,147,122
0.6172773987054825,148,122
0.6150082275271416,149,122
0.400782085955143,0,123
0.403610035777092,1,123
0.41201119869947433,2,123
0.421228289604187,3,123
0.4252157285809517,4,123
0.43021778017282486,5,123
0.4467485621571541,6,123
0.47048279643058777,7,123
0.46945882588624954,8,123
0.47544390708208084,9,123
0.4772428907454014,10,123
0.46936751157045364,11,123
0.4705471433699131,12,123
0.4715300053358078,13,123
0.46584897488355637,14,123
0.4667540080845356,15,123
0.4711152147501707,16,123
0.4738624170422554,17,123
0.47688222862780094,18,123
0.48658084217458963,19,123
0.49076072219759226,20,123
0.4914121264591813,21,123
0.49735434423200786,22,123
0.503293754067272,23,123
0.500767353514675,24,123
0.5075661037117243,25,123
0.5067569711245596,26,123
0.5188144259154797,27,123
0.5224931091070175,28,123
0.5271493550390005,29,123
0.5354237742722034,30,123
0.5480204783380032,31,123
0.5570414401590824,32,123
0.5674497187137604,33,123
0.5761284828186035,34,123
0.5807787403464317,35,123
0.5839671567082405,36,123
0.5964216813445091,37,123
0.6041657701134682,38,123
0.5980128645896912,39,123
0.5939464867115021,40,123
0.5833360552787781,41,123
0.577516719698906,42,123
0.5812164545059204,43,123
0.5791492462158203,44,123
0.5674702525138855,45,123
0.552295982837677,46,123
0.534013394266367,47,123
0.5284522753208876,48,123
0.5190360713750124,49,123
0.5163686648011208,50,123
0.5188928712159395,51,123
0.5124679012224078,52,123
0.5101757580414414,53,123
0.5137879466637969,54,123
0.5114234462380409,55,123
0.5128149474039674,56,123
0.5115888798609376,57,123
0.5064820358529687,58,123
0.5100991828367114,59,123
0.5123782223090529,60,123
0.5162383355200291,61,123
0.5169006604701281,62,123
0.5155143039301038,63,123
0.5221173949539661,64,123
0.528505478054285,65,123
0.5329709649085999,66,123
0.5357225388288498,67,123
0.527498746290803,68,123
0.5286719519644976,69,123
0.5443822517991066,70,123
0.5558603517711163,71,123
0.5694222897291183,72,123
0.5740613341331482,73,123
0.5813626572489738,74,123
0.5963141545653343,75,123
0.6116698086261749,76,123
0.6309344172477722,77,123
0.6408349573612213,78,123
0.6446490436792374,79,123
0.6534202694892883,80,123
0.6590067148208618,81,123
0.6648409515619278,82,123
0.6679938286542892,83,123
0.6688305884599686,84,123
0.6693614572286606,85,123
0.661136656999588,86,123
0.6455785781145096,87,123
0.6321997195482254,88,123
0.622948944568634,89,123
0.6189772188663483,90,123
0.6218497008085251,91,123
0.6284935921430588,92,123
0.6354280114173889,93,123
0.6262927800416946,94,123
0.613399401307106,95,123
0.6118295043706894,96,123
0.6075847968459129,97,123
0.6067489385604858,98,123
0.61272332072258,99,123
0.6180376335978508,100,123
0.6251996606588364,101,123
0.6244727149605751,102,123
0.6244420856237411,103,123
0.6155156344175339,104,123
0.5997447147965431,105,123
0.5921689942479134,106,123
0.5908380821347237,107,123
0.5980977714061737,108,123
0.6161274015903473,109,123
0.624641664326191,110,123
0.6202092468738556,111,123
0.6185100227594376,112,123
0.6295330822467804,113,123
0.6440453678369522,114,123
0.653681293129921,115,123
0.6571942865848541,116,123
0.6503294706344604,117,123
0.6606934815645218,118,123
0.6784396767616272,119,123
0.6979132741689682,120,123
0.6995614320039749,121,123
0.7079605460166931,122,123
0.7039459496736526,123,123
0.7003869116306305,124,123
0.6975266188383102,125,123
0.6996321231126785,126,123
0.6914275884628296,127,123
0.6900314837694168,128,123
0.6912477016448975,129,123
0.6860706210136414,130,123
0.6832933276891708,131,123
0.6773990094661713,132,123
0.6741164028644562,133,123
0.6749059855937958,134,123
0.6844963729381561,135,123
0.6819732040166855,136,123
0.697745069861412,137,123
0.7065742760896683,138,123
0.7009365856647491,139,123
0.6967343389987946,140,123
0.6790836751461029,141,123
0.66685351729393,142,123
0.6538085788488388,143,123
0.6498043239116669,144,123
0.6478123068809509,145,123
0.6359579414129257,146,123
0.6307409107685089,147,123
0.631860226392746,148,123
0.6279462724924088,149,123
0.3928619250655174,0,124
0.3957376629114151,1,124
0.40248650312423706,2,124
0.4120310842990875,3,124
0.4163570702075958,4,124
0.42580152302980423,5,124
0.4494514986872673,6,124
0.4683968797326088,7,124
0.47241992875933647,8,124
0.47300551272928715,9,124
0.47317286022007465,10,124
0.4692127872258425,11,124
0.4718197491019964,12,124
0.4734499640762806,13,124
0.4661123789846897,14,124
0.46667128801345825,15,124
0.47015618719160557,16,124
0.47047931142151356,17,124
0.4735116343945265,18,124
0.4784440342336893,19,124
0.4837618265300989,20,124
0.4882035991176963,21,124
0.49726478662341833,22,124
0.5013375694397837,23,124
0.4991529910475947,24,124
0.5010778151918203,25,124
0.5013963504461572,26,124
0.5088961562141776,27,124
0.5151921268552542,28,124
0.5212087966501713,29,124
0.5342736132442951,30,124
0.5488410405814648,31,124
0.5612642131745815,32,124
0.5752693712711334,33,124
0.5798209235072136,34,124
0.5841845795512199,35,124
0.5930998772382736,36,124
0.6053707674145699,37,124
0.6147975102066994,38,124
0.6052908226847649,39,124
0.5970344692468643,40,124
0.5900405123829842,41,124
0.5883073583245277,42,124
0.5912380218505859,43,124
0.59017363935709,44,124
0.5816702544689178,45,124
0.5625380501151085,46,124
0.5501894801855087,47,124
0.5409616827964783,48,124
0.528726490214467,49,124
0.5248869359493256,50,124
0.5229479260742664,51,124
0.5219841059297323,52,124
0.5156157789751887,53,124
0.5152681637555361,54,124
0.5144575489684939,55,124
0.5138738006353378,56,124
0.5096798706799746,57,124
0.508967730216682,58,124
0.5103938840329647,59,124
0.5139292143285275,60,124
0.5168650392442942,61,124
0.523293137550354,62,124
0.5229051448404789,63,124
0.527397133409977,64,124
0.5357425697147846,65,124
0.539155401289463,66,124
0.5385732054710388,67,124
0.5340912640094757,68,124
0.5339770205318928,69,124
0.5473892688751221,70,124
0.5617392249405384,71,124
0.5746865421533585,72,124
0.5851167440414429,73,124
0.5959253534674644,74,124
0.6116968169808388,75,124
0.626846194267273,76,124
0.6468288749456406,77,124
0.6548006981611252,78,124
0.659991443157196,79,124
0.6678950935602188,80,124
0.6748696267604828,81,124
0.6766685396432877,82,124
0.682612806558609,83,124
0.6894860565662384,84,124
0.6892005354166031,85,124
0.6789601594209671,86,124
0.6592135727405548,87,124
0.6466049551963806,88,124
0.6288532614707947,89,124
0.6260328888893127,90,124
0.6271665394306183,91,124
0.6329338401556015,92,124
0.640491172671318,93,124
0.6336950808763504,94,124
0.6258586198091507,95,124
0.6268023699522018,96,124
0.6160647571086884,97,124
0.6118706688284874,98,124
0.6197747737169266,99,124
0.6273387521505356,100,124
0.6275132447481155,101,124
0.6259717345237732,102,124
0.6185106635093689,103,124
0.6089610904455185,104,124
0.596395455300808,105,124
0.5900864601135254,106,124
0.5857321843504906,107,124
0.5970856472849846,108,124
0.6108392775058746,109,124
0.6232423335313797,110,124
0.6127519533038139,111,124
0.6137693300843239,112,124
0.6205115914344788,113,124
0.634490504860878,114,124
0.642034649848938,115,124
0.6397813260555267,116,124
0.6388483196496964,117,124
0.6581942439079285,118,124
0.6736557483673096,119,124
0.6927139908075333,120,124
0.7016644030809402,121,124
0.7046394348144531,122,124
0.7062532901763916,123,124
0.7003927677869797,124,124
0.6998096853494644,125,124
0.7004804015159607,126,124
0.6865913420915604,127,124
0.6851604282855988,128,124
0.6880445629358292,129,124
0.6869572550058365,130,124
0.6847947239875793,131,124
0.6780460774898529,132,124
0.6706960201263428,133,124
0.6665110290050507,134,124
0.6611565351486206,135,124
0.6717117577791214,136,124
0.6859178245067596,137,124
0.6930816322565079,138,124
0.6978003084659576,139,124
0.6975419521331787,140,124
0.6832228004932404,141,124
0.6735962629318237,142,124
0.6628176271915436,143,124
0.6581738293170929,144,124
0.6578295975923538,145,124
0.6489172428846359,146,124
0.645757868885994,147,124
0.6410092562437057,148,124
0.6367674618959427,149,124
0.3826514035463333,0,125
0.38735034316778183,1,125
0.3936605080962181,2,125
0.40515466779470444,3,125
0.41212689876556396,4,125
0.4286941960453987,5,125
0.44756457954645157,6,125
0.46304455399513245,7,125
0.47169215604662895,8,125
0.4764068778604269,9,125
0.473072437569499,10,125
0.46902183815836906,11,125
0.46775277704000473,12,125
0.46614838019013405,13,125
0.4635539799928665,14,125
0.46285664662718773,15,125
0.46619532257318497,16,125
0.4733110535889864,17,125
0.4790606964379549,18,125
0.4836452715098858,19,125
0.4803335890173912,20,125
0.48297552205622196,21,125
0.4881518017500639,22,125
0.49375285021960735,23,125
0.49660697113722563,24,125
0.4994545304798521,25,125
0.5030450157355517,26,125
0.5109600778669119,27,125
0.5137391667813063,28,125
0.5241261627525091,29,125
0.5405329801142216,30,125
0.5559226386249065,31,125
0.5673575922846794,32,125
0.57567448168993,33,125
0.5838238820433617,34,125
0.5909193456172943,35,125
0.6014556810259819,36,125
0.6062616556882858,37,125
0.6139938086271286,38,125
0.6124299392104149,39,125
0.6037193983793259,40,125
0.599314384162426,41,125
0.5977225825190544,42,125
0.6011172831058502,43,125
0.600662536919117,44,125
0.5904801785945892,45,125
0.5737646520137787,46,125
0.5603531785309315,47,125
0.5500411614775658,48,125
0.5382430106401443,49,125
0.5274345241487026,50,125
0.5295875892043114,51,125
0.5305698029696941,52,125
0.5237687975168228,53,125
0.5208534188568592,54,125
0.5205598678439856,55,125
0.5170510075986385,56,125
0.5112114883959293,57,125
0.503757021157071,58,125
0.5047843735665083,59,125
0.5109392292797565,60,125
0.5127581786364317,61,125
0.5152050275355577,62,125
0.5181119535118341,63,125
0.5255937352776527,64,125
0.535756416618824,65,125
0.5437167398631573,66,125
0.5386083424091339,67,125
0.5373756736516953,68,125
0.5420898757874966,69,125
0.5498990006744862,70,125
0.564004085958004,71,125
0.5783968642354012,72,125
0.5916589647531509,73,125
0.6109818294644356,74,125
0.6231592446565628,75,125
0.6417545974254608,76,125
0.6591296643018723,77,125
0.667465940117836,78,125
0.6752898842096329,79,125
0.683694452047348,80,125
0.6854858547449112,81,125
0.6885435581207275,82,125
0.6971892565488815,83,125
0.7026502788066864,84,125
0.7005550414323807,85,125
0.691660150885582,86,125
0.6761899143457413,87,125
0.653849720954895,88,125
0.641852006316185,89,125
0.6390459090471268,90,125
0.6389941871166229,91,125
0.6362159550189972,92,125
0.6396357864141464,93,125
0.6403493136167526,94,125
0.63995361328125,95,125
0.6347606033086777,96,125
0.6295077055692673,97,125
0.6272441446781158,98,125
0.6292833536863327,99,125
0.6339618265628815,100,125
0.6319656819105148,101,125
0.6278956383466721,102,125
0.6187563985586166,103,125
0.60601806640625,104,125
0.5976228415966034,105,125
0.5937992036342621,106,125
0.5969553738832474,107,125
0.5999231487512589,108,125
0.6059472858905792,109,125
0.6082731187343597,110,125
0.6094640642404556,111,125
0.6098546385765076,112,125
0.6182125061750412,113,125
0.6275556087493896,114,125
0.6347135305404663,115,125
0.6321249008178711,116,125
0.644578218460083,117,125
0.6558632701635361,118,125
0.6706729680299759,119,125
0.6886721402406693,120,125
0.6949856728315353,121,125
0.6946253478527069,122,125
0.6914255023002625,123,125
0.6961757987737656,124,125
0.6979379802942276,125,125
0.690875768661499,126,125
0.681662380695343,127,125
0.6836755126714706,128,125
0.6875780373811722,129,125
0.6901237070560455,130,125
0.6872674822807312,131,125
0.679469108581543,132,125
0.6705425381660461,133,125
0.6642103642225266,134,125
0.6596044898033142,135,125
0.6686612516641617,136,125
0.6800828874111176,137,125
0.6852584034204483,138,125
0.6915398389101028,139,125
0.688045009970665,140,125
0.6834049671888351,141,125
0.6760324835777283,142,125
0.669474795460701,143,125
0.6629825383424759,144,125
0.6610424965620041,145,125
0.6592924892902374,146,125
0.6514709293842316,147,125
0.6485481262207031,148,125
0.6399733275175095,149,125
0.3755921572446823,0,126
0.38367949426174164,1,126
0.39520829916000366,2,126
0.4091617614030838,3,126
0.4109639376401901,4,126
0.42845468968153,5,126
0.4481600783765316,6,126
0.463695477694273,7,126
0.4651135131716728,8,126
0.46860257163643837,9,126
0.4730082843452692,10,126
0.46946346014738083,11,126
0.4624697342514992,12,126
0.46087976172566414,13,126
0.4633279964327812,14,126
0.46366366371512413,15,126
0.4622483514249325,16,126
0.47227911464869976,17,126
0.48556087259203196,18,126
0.48416905477643013,19,126
0.48024627938866615,20,126
0.48250179179012775,21,126
0.4866709066554904,22,126
0.49621352227404714,23,126
0.4954665619879961,24,126
0.5023139182012528,25,126
0.5077615417540073,26,126
0.5123317297548056,27,126
0.5172261726111174,28,126
0.5300352834165096,29,126
0.550249170511961,30,126
0.5664592459797859,31,126
0.5802323892712593,32,126
0.5792705416679382,33,126
0.5849051177501678,34,126
0.5909077301621437,35,126
0.603304386138916,36,126
0.6101875007152557,37,126
0.6122816875576973,38,126
0.6109120026230812,39,126
0.6089743301272392,40,126
0.6062307581305504,41,126
0.6059335693717003,42,126
0.6094372496008873,43,126
0.6071137562394142,44,126
0.5946231409907341,45,126
0.5817188248038292,46,126
0.5691617354750633,47,126
0.5635295212268829,48,126
0.5517028644680977,49,126
0.5440355278551579,50,126
0.5409208424389362,51,126
0.5366743132472038,52,126
0.5337794274091721,53,126
0.5251478031277657,54,126
0.5217257160693407,55,126
0.5202057138085365,56,126
0.5133857820183039,57,126
0.5071582631208003,58,126
0.5025158023927361,59,126
0.5032745017670095,60,126
0.5096255801618099,61,126
0.5103854248300195,62,126
0.5187072679400444,63,126
0.5261430982500315,64,126
0.538418922573328,65,126
0.5455195009708405,66,126
0.5409287177026272,67,126
0.5394536480307579,68,126
0.5486775487661362,69,126
0.5572194643318653,70,126
0.5655254051089287,71,126
0.5782660618424416,72,126
0.5943401157855988,73,126
0.6118686124682426,74,126
0.6331140846014023,75,126
0.6500858515501022,76,126
0.6656944900751114,77,126
0.6792479902505875,78,126
0.6866195499897003,79,126
0.6909970343112946,80,126
0.6960422992706299,81,126
0.6978947967290878,82,126
0.7027958780527115,83,126
0.7064413130283356,84,126
0.7042592763900757,85,126
0.6974721997976303,86,126
0.6762768030166626,87,126
0.6630396395921707,88,126
0.6519208699464798,89,126
0.644179567694664,90,126
0.6405293792486191,91,126
0.6382978558540344,92,126
0.6413591951131821,93,126
0.6399161666631699,94,126
0.6359657347202301,95,126
0.6349552422761917,96,126
0.6352375894784927,97,126
0.6383275091648102,98,126
0.6443923860788345,99,126
0.6371875703334808,100,126
0.6349842101335526,101,126
0.6278786808252335,102,126
0.6163561418652534,103,126
0.6087514534592628,104,126
0.6060919761657715,105,126
0.6049688532948494,106,126
0.5948643758893013,107,126
0.5918622687458992,108,126
0.5975291132926941,109,126
0.6030653640627861,110,126
0.5985706821084023,111,126
0.608408585190773,112,126
0.6217346787452698,113,126
0.623750127851963,114,126
0.6328180581331253,115,126
0.6385321766138077,116,126
0.6442400515079498,117,126
0.6484136432409286,118,126
0.6646375507116318,119,126
0.6815337240695953,120,126
0.6903540641069412,121,126
0.6843658834695816,122,126
0.6886817067861557,123,126
0.6895700693130493,124,126
0.6863493770360947,125,126
0.6836528182029724,126,126
0.677879199385643,127,126
0.6807992309331894,128,126
0.6815462112426758,129,126
0.6862682998180389,130,126
0.6878158897161484,131,126
0.6838541179895401,132,126
0.6767533123493195,133,126
0.6728453189134598,134,126
0.6668842732906342,135,126
0.6696255058050156,136,126
0.6767064481973648,137,126
0.6837739497423172,138,126
0.693975418806076,139,126
0.6855037361383438,140,126
0.6842611879110336,141,126
0.6751213818788528,142,126
0.6684024035930634,143,126
0.6647527664899826,144,126
0.6646175235509872,145,126
0.6609444916248322,146,126
0.6540410220623016,147,126
0.6454447209835052,148,126
0.6388825327157974,149,126
0.36758533120155334,0,127
0.37522419542074203,1,127
0.3961447402834892,2,127
0.41208063066005707,3,127
0.42219411581754684,4,127
0.42976953089237213,5,127
0.4442461170256138,6,127
0.4565908797085285,7,127
0.4586855508387089,8,127
0.45895151421427727,9,127
0.45890818908810616,10,127
0.45619236305356026,11,127
0.4486923851072788,12,127
0.4452955983579159,13,127
0.4525047019124031,14,127
0.4612538293004036,15,127
0.4633743390440941,16,127
0.47126828506588936,17,127
0.4809036422520876,18,127
0.4798659048974514,19,127
0.478433383628726,20,127
0.4809977039694786,21,127
0.490162743255496,22,127
0.4979583353269845,23,127
0.4990683884243481,24,127
0.5045541832223535,25,127
0.5098452968522906,26,127
0.5211786739528179,27,127
0.5329278111457825,28,127
0.5464574955403805,29,127
0.5622630193829536,30,127
0.5788104087114334,31,127
0.5907923355698586,32,127
0.5859215036034584,33,127
0.5970553755760193,34,127
0.6041451394557953,35,127
0.614602729678154,36,127
0.6258402615785599,37,127
0.6171207502484322,38,127
0.6121455878019333,39,127
0.6103052422404289,40,127
0.6059683337807655,41,127
0.6022899895906448,42,127
0.6031923070549965,43,127
0.5989233776926994,44,127
0.5952502191066742,45,127
0.5912804305553436,46,127
0.5810112357139587,47,127
0.5722547769546509,48,127
0.5659494176506996,49,127
0.5650656297802925,50,127
0.5563057400286198,51,127
0.544863797724247,52,127
0.5402862802147865,53,127
0.5314902737736702,54,127
0.5297677833586931,55,127
0.5253447350114584,56,127
0.5204947050660849,57,127
0.5123933795839548,58,127
0.5045992289669812,59,127
0.5033109649084508,60,127
0.5070103709585965,61,127
0.5128816878423095,62,127
0.5251301936805248,63,127
0.5299313683062792,64,127
0.5377674102783203,65,127
0.5432882495224476,66,127
0.541814811527729,67,127
0.5476138442754745,68,127
0.5579487197101116,69,127
0.5679231137037277,70,127
0.5775075256824493,71,127
0.5872601196169853,72,127
0.6016296148300171,73,127
0.6198831349611282,74,127
0.6399612575769424,75,127
0.6578410118818283,76,127
0.6705566793680191,77,127
0.6813961565494537,78,127
0.686657190322876,79,127
0.6876956820487976,80,127
0.6886617690324783,81,127
0.6951260268688202,82,127
0.7020783573389053,83,127
0.7076627463102341,84,127
0.7053312510251999,85,127
0.6996704041957855,86,127
0.6873570084571838,87,127
0.6737720221281052,88,127
0.6602061241865158,89,127
0.6492713093757629,90,127
0.6418548971414566,91,127
0.6407062262296677,92,127
0.6404237300157547,93,127
0.6392301023006439,94,127
0.6338624209165573,95,127
0.6374684125185013,96,127
0.6364021599292755,97,127
0.6340207904577255,98,127
0.6366099715232849,99,127
0.6325554102659225,100,127
0.6300308853387833,101,127
0.6218578666448593,102,127
0.612716980278492,103,127
0.6031409949064255,104,127
0.5983975306153297,105,127
0.5942378118634224,106,127
0.5887583643198013,107,127
0.5840449333190918,108,127
0.5853878930211067,109,127
0.5905234590172768,110,127
0.5818011313676834,111,127
0.5957544073462486,112,127
0.6077345982193947,113,127
0.6151851415634155,114,127
0.6209859251976013,115,127
0.625797837972641,116,127
0.6294289827346802,117,127
0.6412631720304489,118,127
0.6580142229795456,119,127
0.6691846698522568,120,127
0.6792077869176865,121,127
0.6826016306877136,122,127
0.6876811534166336,123,127
0.6847350299358368,124,127
0.6810486167669296,125,127
0.6785584390163422,126,127
0.6782722175121307,127,127
0.6812335550785065,128,127
0.6824353784322739,129,127
0.6840954124927521,130,127
0.6876067817211151,131,127
0.6889770179986954,132,127
0.6813666224479675,133,127
0.6725540012121201,134,127
0.6675732582807541,135,127
0.6651016622781754,136,127
0.6679591089487076,137,127
0.6735964864492416,138,127
0.6806172579526901,139,127
0.6911432594060898,140,127
0.6938776522874832,141,127
0.68404421210289,142,127
0.6775261461734772,143,127
0.6731208860874176,144,127
0.6705545037984848,145,127
0.6674892157316208,146,127
0.6553338468074799,147,127
0.6407880336046219,148,127
0.6330270171165466,149,127
0.37101227045059204,0,128
0.3866038843989372,1,128
0.40346284955739975,2,128
0.41857102513313293,3,128
0.42451997101306915,4,128
0.4332820773124695,5,128
0.444704782217741,6,128
0.45451629534363747,7,128
0.4608449824154377,8,128
0.4579046815633774,9,128
0.4553064927458763,10,128
0.45107848942279816,11,128
0.4493612088263035,12,128
0.449915986508131,13,128
0.4563519172370434,14,128
0.45979175344109535,15,128
0.46047380194067955,16,128
0.4706212058663368,17,128
0.47393895499408245,18,128
0.47689435444772243,19,128
0.4781634043902159,20,128
0.48069383203983307,21,128
0.48492277693003416,22,128
0.4960466888733208,23,128
0.5032669745851308,24,128
0.5104301339015365,25,128
0.5166604910045862,26,128
0.5268327090889215,27,128
0.541860818862915,28,128
0.5573443919420242,29,128
0.5726427510380745,30,128
0.5856804922223091,31,128
0.5931982398033142,32,128
0.6011091843247414,33,128
0.6058675423264503,34,128
0.612816333770752,35,128
0.6199482455849648,36,128
0.611822172999382,37,128
0.6107767224311829,38,128
0.6090872660279274,39,128
0.6080348789691925,40,128
0.6039197370409966,41,128
0.6025520041584969,42,128
0.6024029701948166,43,128
0.6019926592707634,44,128
0.6005324199795723,45,128
0.5926639065146446,46,128
0.5815798044204712,47,128
0.5748889073729515,48,128
0.5693262368440628,49,128
0.5683175921440125,50,128
0.5601628385484219,51,128
0.548992358148098,52,128
0.5398600064218044,53,128
0.5328305326402187,54,128
0.529428031295538,55,128
0.5282519292086363,56,128
0.5195584483444691,57,128
0.5161468833684921,58,128
0.5064819119870663,59,128
0.5051660141907632,60,128
0.5083096856251359,61,128
0.5092541435733438,62,128
0.5165651869028807,63,128
0.5301437340676785,64,128
0.5403058975934982,65,128
0.5364330224692822,66,128
0.5423411317169666,67,128
0.5547201558947563,68,128
0.5620218478143215,69,128
0.5692389458417892,70,128
0.580305702984333,71,128
0.5943307280540466,72,128
0.6064500287175179,73,128
0.6298698633909225,74,128
0.6462508141994476,75,128
0.6563704758882523,76,128
0.6718892902135849,77,128
0.6791729629039764,78,128
0.6829326897859573,79,128
0.6894430071115494,80,128
0.686692476272583,81,128
0.6922260373830795,82,128
0.7010152786970139,83,128
0.7130109369754791,84,128
0.7099463045597076,85,128
0.6973719149827957,86,128
0.6842470914125443,87,128
0.6655852496623993,88,128
0.662176713347435,89,128
0.6564959734678268,90,128
0.6433625370264053,91,128
0.6396237164735794,92,128
0.6355084478855133,93,128
0.6312288194894791,94,128
0.6317016929388046,95,128
0.6316096633672714,96,128
0.6326409876346588,97,128
0.6332305520772934,98,128
0.6318061500787735,99,128
0.6259247958660126,100,128
0.6249534264206886,101,128
0.619990348815918,102,128
0.6085896342992783,103,128
0.5951610505580902,104,128
0.5926967412233353,105,128
0.5902272015810013,106,128
0.5889149829745293,107,128
0.5858787074685097,108,128
0.5836674198508263,109,128
0.5830778330564499,110,128
0.5826469510793686,111,128
0.5927132591605186,112,128
0.6010602340102196,113,128
0.6113358438014984,114,128
0.6198635250329971,115,128
0.6215745434165001,116,128
0.6278253197669983,117,128
0.6419563889503479,118,128
0.6587221920490265,119,128
0.6669336259365082,120,128
0.6734669357538223,121,128
0.6790763288736343,122,128
0.685339480638504,123,128
0.6836155354976654,124,128
0.6859957128763199,125,128
0.6828860193490982,126,128
0.6825776547193527,127,128
0.688859686255455,128,128
0.6875452399253845,129,128
0.689974844455719,130,128
0.6927505433559418,131,128
0.6969768553972244,132,128
0.6876750141382217,133,128
0.6746718436479568,134,128
0.6667342782020569,135,128
0.6624392569065094,136,128
0.6716175377368927,137,128
0.6751779466867447,138,128
0.6770883798599243,139,128
0.679686576128006,140,128
0.6822122484445572,141,128
0.6801499426364899,142,128
0.6787805259227753,143,128
0.6757375597953796,144,128
0.6679057776927948,145,128
0.6617102921009064,146,128
0.6470355838537216,147,128
0.6323125809431076,148,128
0.6270183771848679,149,128
0.38306697458028793,0,129
0.39653004705905914,1,129
0.413460373878479,2,129
0.42191942036151886,3,129
0.43375518172979355,4,129
0.44314298033714294,5,129
0.4442276209592819,6,129
0.45655734837055206,7,129
0.4621352255344391,8,129
0.4634082093834877,9,129
0.454913716763258,10,129
0.4512673281133175,11,129
0.448195394128561,12,129
0.45348477736115456,13,129
0.46325601637363434,14,129
0.46496734768152237,15,129
0.45976265892386436,16,129
0.4651043526828289,17,129
0.4721254054456949,18,129
0.47582358308136463,19,129
0.4771308097988367,20,129
0.47817669436335564,21,129
0.4851902313530445,22,129
0.49138303007930517,23,129
0.5044679804705083,24,129
0.5162787549197674,25,129
0.5244468748569489,26,129
0.5337609313428402,27,129
0.5486465319991112,28,129
0.5673448145389557,29,129
0.5819221884012222,30,129
0.5963052809238434,31,129
0.6083217561244965,32,129
0.605627030134201,33,129
0.6145759373903275,34,129
0.6196494922041893,35,129
0.6196840330958366,36,129
0.618910126388073,37,129
0.6146596819162369,38,129
0.6152482479810715,39,129
0.6090895012021065,40,129
0.6028160750865936,41,129
0.6047226935625076,42,129
0.6050645932555199,43,129
0.6031514555215836,44,129
0.6037054359912872,45,129
0.5935772508382797,46,129
0.5936257541179657,47,129
0.5855375230312347,48,129
0.5750477164983749,49,129
0.5681785047054291,50,129
0.5558858662843704,51,129
0.5505233742296696,52,129
0.5375387482345104,53,129
0.527752174064517,54,129
0.5256632193922997,55,129
0.5203225929290056,56,129
0.5089321071282029,57,129
0.5115896379575133,58,129
0.5067991018295288,59,129
0.5074428115040064,60,129
0.5132867498323321,61,129
0.5126406280323863,62,129
0.517426447942853,63,129
0.5251395404338837,64,129
0.5336554199457169,65,129
0.5296903718262911,66,129
0.537070881575346,67,129
0.5444492511451244,68,129
0.5610423125326633,69,129
0.5691778436303139,70,129
0.5792119055986404,71,129
0.5915477499365807,72,129
0.6055314838886261,73,129
0.6239874958992004,74,129
0.6401635408401489,75,129
0.6537208408117294,76,129
0.672050729393959,77,129
0.6817208081483841,78,129
0.6851988434791565,79,129
0.695046454668045,80,129
0.6965706050395966,81,129
0.6945600807666779,82,129
0.699726939201355,83,129
0.7074113190174103,84,129
0.7026200443506241,85,129
0.6900215297937393,86,129
0.6724346727132797,87,129
0.6597543656826019,88,129
0.6579273045063019,89,129
0.6588518172502518,90,129
0.6460144966840744,91,129
0.6386092305183411,92,129
0.6310334652662277,93,129
0.6274724900722504,94,129
0.6300948411226273,95,129
0.6276151537895203,96,129
0.6320893466472626,97,129
0.6354381889104843,98,129
0.635324016213417,99,129
0.6295253187417984,100,129
0.6236460283398628,101,129
0.6157855316996574,102,129
0.6037334278225899,103,129
0.5960751697421074,104,129
0.5960244834423065,105,129
0.5927279964089394,106,129
0.58606818318367,107,129
0.5841692090034485,108,129
0.5829891338944435,109,129
0.5936023965477943,110,129
0.6052341237664223,111,129
0.6057173013687134,112,129
0.6135301142930984,113,129
0.6179836541414261,114,129
0.6162998527288437,115,129
0.6186480596661568,116,129
0.6275310963392258,117,129
0.6384272277355194,118,129
0.6580834090709686,119,129
0.6661584079265594,120,129
0.6696975380182266,121,129
0.6753117740154266,122,129
0.6833685338497162,123,129
0.6840813010931015,124,129
0.6898475885391235,125,129
0.6870032399892807,126,129
0.6919047683477402,127,129
0.6924459338188171,128,129
0.6960629969835281,129,129
0.700352281332016,130,129
0.6979310065507889,131,129
0.691559687256813,132,129
0.6874287575483322,133,129
0.6788241863250732,134,129
0.6689353287220001,135,129
0.6615728437900543,136,129
0.665742814540863,137,129
0.6737898737192154,138,129
0.6742639392614365,139,129
0.6666800826787949,140,129
0.665641263127327,141,129
0.6676367223262787,142,129
0.6695647835731506,143,129
0.6685609370470047,144,129
0.6635878384113312,145,129
0.657854363322258,146,129
0.6447589099407196,147,129
0.6359165012836456,148,129
0.6283123791217804,149,129
0.392635740339756,0,130
0.40450817346572876,1,130
0.41632387787103653,2,130
0.42933423072099686,3,130
0.4378507174551487,4,130
0.44152289628982544,5,130
0.4475780427455902,6,130
0.45638181641697884,7,130
0.46096526458859444,8,130
0.4598139449954033,9,130
0.45739712566137314,10,130
0.4517640881240368,11,130
0.44673024117946625,12,130
0.4553297385573387,13,130
0.4589497670531273,14,130
0.4604366011917591,15,130
0.45819446071982384,16,130
0.46217700466513634,17,130
0.4749850779771805,18,130
0.48415544256567955,19,130
0.48202123306691647,20,130
0.47886728309094906,21,130
0.4870638381689787,22,130
0.5002076758246403,23,130
0.5126276686787605,24,130
0.5251129232347012,25,130
0.5356164537370205,26,130
0.5473426915705204,27,130
0.5613897815346718,28,130
0.5773043185472488,29,130
0.589561253786087,30,130
0.6013605371117592,31,130
0.6073986738920212,32,130
0.6133864298462868,33,130
0.6183088570833206,34,130
0.6223962977528572,35,130
0.6229967251420021,36,130
0.624770887196064,37,130
0.6256382912397385,38,130
0.6230521500110626,39,130
0.6161794289946556,40,130
0.6129257082939148,41,130
0.6133821904659271,42,130
0.6156333237886429,43,130
0.6148550286889076,44,130
0.6100702360272408,45,130
0.6042179092764854,46,130
0.5965440645813942,47,130
0.5858779028058052,48,130
0.5773382559418678,49,130
0.5688344314694405,50,130
0.5594911091029644,51,130
0.5474747233092785,52,130
0.5341872721910477,53,130
0.5272649060934782,54,130
0.5189501121640205,55,130
0.5118840401992202,56,130
0.5061762286350131,57,130
0.5062948437407613,58,130
0.5057963198050857,59,130
0.5084906620904803,60,130
0.5128408186137676,61,130
0.5130493845790625,62,130
0.5172209478914738,63,130
0.524905301630497,64,130
0.5288774836808443,65,130
0.5279527045786381,66,130
0.5370331592857838,67,130
0.5462822020053864,68,130
0.5551724247634411,69,130
0.5703608617186546,70,130
0.5832662209868431,71,130
0.591105729341507,72,130
0.6019267290830612,73,130
0.616529569029808,74,130
0.634647473692894,75,130
0.6510232239961624,76,130
0.6611900478601456,77,130
0.674895778298378,78,130
0.6821606904268265,79,130
0.6905789226293564,80,130
0.6934783011674881,81,130
0.69278384745121,82,130
0.6934904307126999,83,130
0.6953368782997131,84,130
0.6895775198936462,85,130
0.672484964132309,86,130
0.6610996574163437,87,130
0.6502182632684708,88,130
0.6464501470327377,89,130
0.6447040885686874,90,130
0.6393654197454453,91,130
0.6327408105134964,92,130
0.6240171417593956,93,130
0.6249101310968399,94,130
0.6269437819719315,95,130
0.6287777870893478,96,130
0.6318180710077286,97,130
0.6368629932403564,98,130
0.6373922973871231,99,130
0.6297068744897842,100,130
0.6226418912410736,101,130
0.6171270534396172,102,130
0.6092103272676468,103,130
0.6052817031741142,104,130
0.607423722743988,105,130
0.5923421606421471,106,130
0.5899726822972298,107,130
0.5867696553468704,108,130
0.5842910408973694,109,130
0.5942344292998314,110,130
0.6023069620132446,111,130
0.6025100871920586,112,130
0.6075740680098534,113,130
0.6113295704126358,114,130
0.611490823328495,115,130
0.6186182424426079,116,130
0.6250881105661392,117,130
0.6351429671049118,118,130
0.6517372280359268,119,130
0.6628387421369553,120,130
0.6681048572063446,121,130
0.6711732149124146,122,130
0.6771803200244904,123,130
0.6831312030553818,124,130
0.6912870854139328,125,130
0.6942640691995621,126,130
0.7003532946109772,127,130
0.7000958025455475,128,130
0.7054547369480133,129,130
0.7045132368803024,130,130
0.6986778825521469,131,130
0.6868617683649063,132,130
0.6800239533185959,133,130
0.6727958917617798,134,130
0.6652318686246872,135,130
0.6599458903074265,136,130
0.6596430689096451,137,130
0.6642690598964691,138,130
0.661298468708992,139,130
0.6610777229070663,140,130
0.6636769473552704,141,130
0.6651962846517563,142,130
0.6662414073944092,143,130
0.6681497395038605,144,130
0.6675773710012436,145,130
0.6629403531551361,146,130
0.6496614664793015,147,130
0.6420791149139404,148,130
0.6330089271068573,149,130
0.4021763950586319,0,131
0.40873539447784424,1,131
0.4236461967229843,2,131
0.43866536766290665,3,131
0.4410231336951256,4,131
0.44375595450401306,5,131
0.451756801456213,6,131
0.46150127425789833,7,131
0.46431633085012436,8,131
0.4620467275381088,9,131
0.4572097472846508,10,131
0.45479557663202286,11,131
0.4556204378604889,12,131
0.4587390869855881,13,131
0.45695872604846954,14,131
0.45301829650998116,15,131
0.4542419947683811,16,131
0.4585333280265331,17,131
0.4673900417983532,18,131
0.47729919478297234,19,131
0.4820605032145977,20,131
0.49294256418943405,21,131
0.5019700671546161,22,131
0.5118374302983284,23,131
0.5263410694897175,24,131
0.5345983803272247,25,131
0.5454869531095028,26,131
0.5573634058237076,27,131
0.5698869749903679,28,131
0.5833477601408958,29,131
0.5949450582265854,30,131
0.6030729562044144,31,131
0.6140861436724663,32,131
0.6178364008665085,33,131
0.6218802481889725,34,131
0.6303215771913528,35,131
0.6364740431308746,36,131
0.6386043131351471,37,131
0.6381751596927643,38,131
0.6390865445137024,39,131
0.6305247694253922,40,131
0.6246844679117203,41,131
0.6268313825130463,42,131
0.6302010118961334,43,131
0.624167300760746,44,131
0.6146813184022903,45,131
0.6114757880568504,46,131
0.5998150184750557,47,131
0.5879925787448883,48,131
0.5762642845511436,49,131
0.5685535445809364,50,131
0.5629885494709015,51,131
0.5495352372527122,52,131
0.5333024971187115,53,131
0.5229365304112434,54,131
0.5193184278905392,55,131
0.5079826666042209,56,131
0.5085578933358192,57,131
0.5068614440970123,58,131
0.5052827848121524,59,131
0.5073004546575248,60,131
0.5081321028992534,61,131
0.5125312563031912,62,131
0.5134157827124,63,131
0.5201836209744215,64,131
0.5265219882130623,65,131
0.52528534270823,66,131
0.5406625978648663,67,131
0.5452833734452724,68,131
0.5578597448766232,69,131
0.577273316681385,70,131
0.5872053056955338,71,131
0.5890556201338768,72,131
0.597199022769928,73,131
0.6114509925246239,74,131
0.6336452513933182,75,131
0.644718199968338,76,131
0.6527080684900284,77,131
0.666141152381897,78,131
0.6788777410984039,79,131
0.683749258518219,80,131
0.6856750696897507,81,131
0.6877732574939728,82,131
0.6860878020524979,83,131
0.6851174533367157,84,131
0.6677249073982239,85,131
0.6587333083152771,86,131
0.6499230265617371,87,131
0.6371887177228928,88,131
0.6332214772701263,89,131
0.6313315033912659,90,131
0.6294694095849991,91,131
0.6204154193401337,92,131
0.62100650370121,93,131
0.6216039955615997,94,131
0.6228445991873741,95,131
0.6275971233844757,96,131
0.6354553252458572,97,131
0.6398797780275345,98,131
0.639112800359726,99,131
0.6267109364271164,100,131
0.6204568296670914,101,131
0.6132409498095512,102,131
0.6147706881165504,103,131
0.6148237511515617,104,131
0.6050315797328949,105,131
0.5981567427515984,106,131
0.5919334590435028,107,131
0.5861552208662033,108,131
0.5833552554249763,109,131
0.5897241607308388,110,131
0.5939021110534668,111,131
0.593112900853157,112,131
0.5938726663589478,113,131
0.6010982319712639,114,131
0.6058330535888672,115,131
0.6103646829724312,116,131
0.62312301248312,117,131
0.6341418623924255,118,131
0.649376317858696,119,131
0.6649409234523773,120,131
0.6700437664985657,121,131
0.6725631654262543,122,131
0.6783065497875214,123,131
0.6875789016485214,124,131
0.6932369321584702,125,131
0.6992969810962677,126,131
0.7022355049848557,127,131
0.7031993567943573,128,131
0.7023436278104782,129,131
0.7029652744531631,130,131
0.6981665343046188,131,131
0.6806408315896988,132,131
0.6656031459569931,133,131
0.6585726886987686,134,131
0.6527885496616364,135,131
0.6551925837993622,136,131
0.6568980365991592,137,131
0.6594130396842957,138,131
0.6591729819774628,139,131
0.6558085680007935,140,131
0.6655280888080597,141,131
0.6676553785800934,142,131
0.6669912189245224,143,131
0.6654186695814133,144,131
0.664599820971489,145,131
0.6563111692667007,146,131
0.6556697189807892,147,131
0.6503726094961166,148,131
0.6368808597326279,149,131
0.40415793657302856,0,132
0.4123442471027374,1,132
0.42350786179304123,2,132
0.4358087554574013,3,132
0.44252006337046623,4,132
0.4492070972919464,5,132
0.45947886630892754,6,132
0.46836359426379204,7,132
0.47124365344643593,8,132
0.47076310962438583,9,132
0.46081239730119705,10,132
0.45858945325016975,11,132
0.45650796219706535,12,132
0.45703282952308655,13,132
0.4582665339112282,14,132
0.4579523056745529,15,132
0.45880164578557014,16,132
0.4605356678366661,17,132
0.4692203067243099,18,132
0.4775367435067892,19,132
0.49299172358587384,20,132
0.5066488245502114,21,132
0.5101894838735461,22,132
0.5238078013062477,23,132
0.5395829491317272,24,132
0.5465644635260105,25,132
0.5569560378789902,26,132
0.5617430545389652,27,132
0.5704594552516937,28,132
0.5877902656793594,29,132
0.6000362038612366,30,132
0.6054219827055931,31,132
0.6166706383228302,32,132
0.623557411134243,33,132
0.6367578357458115,34,132
0.6472902745008469,35,132
0.6535898298025131,36,132
0.6558646410703659,37,132
0.65076744556427,38,132
0.6463590115308762,39,132
0.6416550576686859,40,132
0.6352306008338928,41,132
0.6339692026376724,42,132
0.6358510404825211,43,132
0.6217529848217964,44,132
0.6151117011904716,45,132
0.6107932701706886,46,132
0.6019443497061729,47,132
0.5915643125772476,48,132
0.5827619209885597,49,132
0.5783820524811745,50,132
0.5640179738402367,51,132
0.5521387942135334,52,132
0.5372422225773335,53,132
0.5232773646712303,54,132
0.513137336820364,55,132
0.5107299480587244,56,132
0.5114497756585479,57,132
0.5052431020885706,58,132
0.5006574171129614,59,132
0.502228848868981,60,132
0.5055959867313504,61,132
0.5122931823134422,62,132
0.5132879428565502,63,132
0.5210655890405178,64,132
0.5318839810788631,65,132
0.5404182262718678,66,132
0.5480649061501026,67,132
0.5514001026749611,68,132
0.5584161467850208,69,132
0.5783384740352631,70,132
0.5873955860733986,71,132
0.5901966094970703,72,132
0.5966416895389557,73,132
0.6049851775169373,74,132
0.6250000596046448,75,132
0.6419256925582886,76,132
0.6460150927305222,77,132
0.6604660749435425,78,132
0.6723520457744598,79,132
0.6782267242670059,80,132
0.6802718937397003,81,132
0.6801209300756454,82,132
0.6758958846330643,83,132
0.66737200319767,84,132
0.6507136970758438,85,132
0.6392727643251419,86,132
0.6335780024528503,87,132
0.6236360296607018,88,132
0.6215871050953865,89,132
0.6172891110181808,90,132
0.6150955557823181,91,132
0.6127783805131912,92,132
0.6131413578987122,93,132
0.6173221915960312,94,132
0.6203915774822235,95,132
0.6221115067601204,96,132
0.6288598626852036,97,132
0.636357992887497,98,132
0.6391139477491379,99,132
0.633003905415535,100,132
0.623400054872036,101,132
0.6157394498586655,102,132
0.6138370409607887,103,132
0.6114648878574371,104,132
0.6043281406164169,105,132
0.6011432930827141,106,132
0.5903022885322571,107,132
0.5834693536162376,108,132
0.578025221824646,109,132
0.5804637968540192,110,132
0.5809551700949669,111,132
0.5805338695645332,112,132
0.5805867463350296,113,132
0.5917969793081284,114,132
0.5997112542390823,115,132
0.6050346940755844,116,132
0.6179108694195747,117,132
0.6325811892747879,118,132
0.6491887122392654,119,132
0.6663312315940857,120,132
0.6714695990085602,121,132
0.6758650243282318,122,132
0.6751709133386612,123,132
0.6840083748102188,124,132
0.6925133764743805,125,132
0.6989306807518005,126,132
0.6970418989658356,127,132
0.6960806101560593,128,132
0.6989960372447968,129,132
0.6950952708721161,130,132
0.6835061758756638,131,132
0.6649125218391418,132,132
0.6493289619684219,133,132
0.6458359211683273,134,132
0.6410415768623352,135,132
0.6472692489624023,136,132
0.6495432257652283,137,132
0.6483225971460342,138,132
0.6508103162050247,139,132
0.6488113552331924,140,132
0.6564054191112518,141,132
0.6638380587100983,142,132
0.6644537895917892,143,132
0.6613294035196304,144,132
0.6636177003383636,145,132
0.6619668453931808,146,132
0.6626397371292114,147,132
0.6559885740280151,148,132
0.6406079083681107,149,132
0.4053681641817093,0,133
0.41331565380096436,1,133
0.42131368070840836,2,133
0.4320640116930008,3,133
0.44226915016770363,4,133
0.4514099806547165,5,133
0.464298989623785,6,133
0.4684159681200981,7,133
0.47325778380036354,8,133
0.4773391354829073,9,133
0.4699352663010359,10,133
0.4593725949525833,11,133
0.4556329473853111,12,133
0.4600730277597904,13,133
0.4600393921136856,14,133
0.460861150175333,15,133
0.4577833227813244,16,133
0.46215757727622986,17,133
0.47087850980460644,18,133
0.4807176776230335,19,133
0.4990096699912101,20,133
0.5128884967416525,21,133
0.5190090611577034,22,133
0.5326077453792095,23,133
0.5457608588039875,24,133
0.5545870177447796,25,133
0.563373513519764,26,133
0.564135953783989,27,133
0.5732312202453613,28,133
0.5909130051732063,29,133
0.6034533008933067,30,133
0.6143313199281693,31,133
0.6215457171201706,32,133
0.6300484836101532,33,133
0.6460453420877457,34,133
0.6533530801534653,35,133
0.6612853854894638,36,133
0.6612310111522675,37,133
0.6537467837333679,38,133
0.6487280279397964,39,133
0.6454170644283295,40,133
0.6429442018270493,41,133
0.640349805355072,42,133
0.6332700103521347,43,133
0.6205338016152382,44,133
0.6153819039463997,45,133
0.6092532053589821,46,133
0.5991238355636597,47,133
0.5900078415870667,48,133
0.5809771865606308,49,133
0.5735412091016769,50,133
0.5618312284350395,51,133
0.550540391355753,52,133
0.5357514172792435,53,133
0.5222263541072607,54,133
0.5116778174415231,55,133
0.5120636662468314,56,133
0.5086268745362759,57,133
0.49955553928157315,58,133
0.4923896286636591,59,133
0.49497918877750635,60,133
0.5053417212329805,61,133
0.5168448779731989,62,133
0.5188241451978683,63,133
0.5238188151270151,64,133
0.538889929652214,65,133
0.5480245091021061,66,133
0.5534822903573513,67,133
0.5584933087229729,68,133
0.5662867426872253,69,133
0.5820104479789734,70,133
0.5902635976672173,71,133
0.5943962708115578,72,133
0.6017421409487724,73,133
0.6071059256792068,74,133
0.6198048442602158,75,133
0.6345053613185883,76,133
0.6470857262611389,77,133
0.6590137630701065,78,133
0.6702452898025513,79,133
0.6730577051639557,80,133
0.6783014088869095,81,133
0.6741079539060593,82,133
0.6636288017034531,83,133
0.6543108969926834,84,133
0.6324494481086731,85,133
0.6202125251293182,86,133
0.6132390573620796,87,133
0.6095814481377602,88,133
0.6104907169938087,89,133
0.6172112971544266,90,133
0.6102677136659622,91,133
0.6070425137877464,92,133
0.6054537519812584,93,133
0.6070614159107208,94,133
0.6147459894418716,95,133
0.6196384951472282,96,133
0.627848356962204,97,133
0.6350375264883041,98,133
0.6330865770578384,99,133
0.629952609539032,100,133
0.6283812373876572,101,133
0.6170162037014961,102,133
0.6093525364995003,103,133
0.6065730899572372,104,133
0.5997376888990402,105,133
0.5940812528133392,106,133
0.5846477821469307,107,133
0.5806626379489899,108,133
0.5760814920067787,109,133
0.5790890082716942,110,133
0.5808481648564339,111,133
0.5744388252496719,112,133
0.5773230195045471,113,133
0.592032827436924,114,133
0.5992875322699547,115,133
0.6053754836320877,116,133
0.6209193915128708,117,133
0.6328667253255844,118,133
0.645117923617363,119,133
0.6584263294935226,120,133
0.6668740212917328,121,133
0.6708778440952301,122,133
0.6723912358283997,123,133
0.6824921816587448,124,133
0.6836725771427155,125,133
0.6861901730298996,126,133
0.6796415895223618,127,133
0.6829763203859329,128,133
0.6938709765672684,129,133
0.6877003610134125,130,133
0.6728216260671616,131,133
0.6571844220161438,132,133
0.6471679508686066,133,133
0.6423775553703308,134,133
0.6392807811498642,135,133
0.6421223133802414,136,133
0.6392088830471039,137,133
0.6409711688756943,138,133
0.6433356553316116,139,133
0.6510455012321472,140,133
0.656763106584549,141,133
0.6622549742460251,142,133
0.6643330305814743,143,133
0.6676310747861862,144,133
0.6621807664632797,145,133
0.6633424013853073,146,133
0.664264440536499,147,133
0.659746915102005,148,133
0.6483723223209381,149,133
0.4033505395054817,0,134
0.41451437771320343,1,134
0.4249539375305176,2,134
0.43400291353464127,3,134
0.446556031703949,4,134
0.457981139421463,5,134
0.4651603475213051,6,134
0.46696333587169647,7,134
0.4726461861282587,8,134
0.47010630927979946,9,134
0.4724022839218378,10,134
0.46921479143202305,11,134
0.46398821100592613,12,134
0.46224483475089073,13,134
0.4607710838317871,14,134
0.46089816465973854,15,134
0.461064238101244,16,134
0.46890704333782196,17,134
0.47993482649326324,18,134
0.49235270312055945,19,134
0.5083906380459666,20,134
0.5180484689772129,21,134
0.5317668169736862,22,134
0.5393878482282162,23,134
0.5494329333305359,24,134
0.5556480847299099,25,134
0.5600745715200901,26,134
0.5675607398152351,27,134
0.5772701501846313,28,134
0.5948417112231255,29,134
0.6066403985023499,30,134
0.6121821850538254,31,134
0.6230914071202278,32,134
0.6304849684238434,33,134
0.6431930810213089,34,134
0.6510449051856995,35,134
0.6602762788534164,36,134
0.6574827134609222,37,134
0.6560257077217102,38,134
0.6504989117383957,39,134
0.6441422700881958,40,134
0.6498781442642212,41,134
0.6466551721096039,42,134
0.6349856704473495,43,134
0.6215186417102814,44,134
0.611463151872158,45,134
0.600027784705162,46,134
0.5952721908688545,47,134
0.5833069384098053,48,134
0.5744964182376862,49,134
0.5652705058455467,50,134
0.5575740411877632,51,134
0.5466444417834282,52,134
0.5314633771777153,53,134
0.5219962373375893,54,134
0.5153451738879085,55,134
0.5078318109735847,56,134
0.5014403415843844,57,134
0.49231922067701817,58,134
0.48879990726709366,59,134
0.49370500864461064,60,134
0.5075034173205495,61,134
0.5214198119938374,62,134
0.5222949367016554,63,134
0.5297046322375536,64,134
0.5413233153522015,65,134
0.553712110966444,66,134
0.5592016093432903,67,134
0.5611838847398758,68,134
0.5721751302480698,69,134
0.585863396525383,70,134
0.5959891453385353,71,134
0.5992515683174133,72,134
0.6032251939177513,73,134
0.6113639026880264,74,134
0.6283482909202576,75,134
0.6359052956104279,76,134
0.6458868235349655,77,134
0.6556842029094696,78,134
0.669120192527771,79,134
0.6717699468135834,80,134
0.6703921109437943,81,134
0.6623587012290955,82,134
0.6505912095308304,83,134
0.6383003890514374,84,134
0.6199977174401283,85,134
0.6146114617586136,86,134
0.5988556668162346,87,134
0.5979762747883797,88,134
0.6069604232907295,89,134
0.606011688709259,90,134
0.6010748147964478,91,134
0.597560852766037,92,134
0.6004711985588074,93,134
0.6059125885367393,94,134
0.6115152463316917,95,134
0.6174773573875427,96,134
0.626321330666542,97,134
0.627607449889183,98,134
0.6207572892308235,99,134
0.6229580566287041,100,134
0.6242421492934227,101,134
0.6180038899183273,102,134
0.6101485192775726,103,134
0.6093915402889252,104,134
0.6023072376847267,105,134
0.591876208782196,106,134
0.582204096019268,107,134
0.5760269612073898,108,134
0.5747415572404861,109,134
0.5722213461995125,110,134
0.5740411877632141,111,134
0.5698263198137283,112,134
0.5732937678694725,113,134
0.5833262130618095,114,134
0.5925714671611786,115,134
0.6064470037817955,116,134
0.6230247765779495,117,134
0.6372535824775696,118,134
0.6431504189968109,119,134
0.6485871970653534,120,134
0.6518730521202087,121,134
0.6547519862651825,122,134
0.6632437109947205,123,134
0.6693075448274612,124,134
0.6734041720628738,125,134
0.6720120161771774,126,134
0.6642653048038483,127,134
0.6688055545091629,128,134
0.6729778051376343,129,134
0.6746626049280167,130,134
0.6693709492683411,131,134
0.6542414128780365,132,134
0.6422877162694931,133,134
0.6402631551027298,134,134
0.6377337574958801,135,134
0.636153370141983,136,134
0.6370278000831604,137,134
0.6395496428012848,138,134
0.6439576297998428,139,134
0.6491925865411758,140,134
0.6555225253105164,141,134
0.6618792563676834,142,134
0.6683169901371002,143,134
0.6662289351224899,144,134
0.659222275018692,145,134
0.6593245714902878,146,134
0.6574285924434662,147,134
0.6588711142539978,148,134
0.6471814513206482,149,134
0.41086283326148987,0,135
0.42049452662467957,1,135
0.42860229313373566,2,135
0.43690599501132965,3,135
0.4498731680214405,4,135
0.4598306827247143,5,135
0.4640498384833336,6,135
0.46443578973412514,7,135
0.4729106668382883,8,135
0.470612745732069,9,135
0.4753308333456516,10,135
0.4767531268298626,11,135
0.47182653471827507,12,135
0.4675190784037113,13,135
0.46421845629811287,14,135
0.46106574684381485,15,135
0.461832195520401,16,135
0.4719325080513954,17,135
0.4875834593549371,18,135
0.5006573531427421,19,135
0.5088432794436812,20,135
0.5294310674071312,21,135
0.5438969619572163,22,135
0.5469471625983715,23,135
0.5522818937897682,24,135
0.5528094135224819,25,135
0.5612571984529495,26,135
0.5696534439921379,27,135
0.5798754170536995,28,135
0.5992260277271271,29,135
0.6104585826396942,30,135
0.6143335327506065,31,135
0.6249302327632904,32,135
0.6359458714723587,33,135
0.6439535617828369,34,135
0.6485826671123505,35,135
0.65632663667202,36,135
0.6544835418462753,37,135
0.6577607989311218,38,135
0.6482469588518143,39,135
0.6498279422521591,40,135
0.6405398398637772,41,135
0.6359822005033493,42,135
0.6295615136623383,43,135
0.619492694735527,44,135
0.6123136281967163,45,135
0.6010353863239288,46,135
0.5987501889467239,47,135
0.5850584283471107,48,135
0.575529657304287,49,135
0.5599276721477509,50,135
0.5514884293079376,51,135
0.5477585606276989,52,135
0.5341700464487076,53,135
0.522012697532773,54,135
0.5199553817510605,55,135
0.5100554451346397,56,135
0.49914455314865336,57,135
0.4917385168373585,58,135
0.4910672390833497,59,135
0.4931801143102348,60,135
0.509450213983655,61,135
0.5239592827856541,62,135
0.5297347884625196,63,135
0.5399838052690029,64,135
0.5508413389325142,65,135
0.5616772659122944,66,135
0.5676166415214539,67,135
0.574495367705822,68,135
0.5803884118795395,69,135
0.5907205641269684,70,135
0.5983964502811432,71,135
0.6037597879767418,72,135
0.6075336635112762,73,135
0.6159911304712296,74,135
0.6329650580883026,75,135
0.6401019990444183,76,135
0.6517456918954849,77,135
0.6613916307687759,78,135
0.6703979671001434,79,135
0.667726457118988,80,135
0.6638804823160172,81,135
0.6403440684080124,82,135
0.6292469054460526,83,135
0.6224810183048248,84,135
0.6174660101532936,85,135
0.6059626415371895,86,135
0.5931573659181595,87,135
0.5881561413407326,88,135
0.5892535001039505,89,135
0.5901234522461891,90,135
0.587342694401741,91,135
0.5904147997498512,92,135
0.5964460074901581,93,135
0.6050126105546951,94,135
0.6107758954167366,95,135
0.6192378327250481,96,135
0.6273769438266754,97,135
0.6277313381433487,98,135
0.6192990317940712,99,135
0.6201168447732925,100,135
0.6202788352966309,101,135
0.6179119348526001,102,135
0.6163609102368355,103,135
0.6134120225906372,104,135
0.6090548485517502,105,135
0.5907448455691338,106,135
0.5790135338902473,107,135
0.5682169422507286,108,135
0.5684544593095779,109,135
0.5645073801279068,110,135
0.5650899112224579,111,135
0.5641141533851624,112,135
0.5693266317248344,113,135
0.5837164297699928,114,135
0.5885248109698296,115,135
0.609328493475914,116,135
0.6272127777338028,117,135
0.6347790211439133,118,135
0.6416155248880386,119,135
0.6409183144569397,120,135
0.639617845416069,121,135
0.6388320922851562,122,135
0.6467885076999664,123,135
0.6622342616319656,124,135
0.6578699946403503,125,135
0.6523164063692093,126,135
0.6557406187057495,127,135
0.6511732041835785,128,135
0.6593241989612579,129,135
0.664749413728714,130,135
0.6620065867900848,131,135
0.6537356227636337,132,135
0.6425207704305649,133,135
0.6367740035057068,134,135
0.6357113867998123,135,135
0.6385003477334976,136,135
0.6317947059869766,137,135
0.6344084590673447,138,135
0.639962375164032,139,135
0.6491659581661224,140,135
0.649718776345253,141,135
0.6565333157777786,142,135
0.6611131429672241,143,135
0.6599239706993103,144,135
0.656392440199852,145,135
0.6532750725746155,146,135
0.6462496817111969,147,135
0.6572918146848679,148,135
0.6489010751247406,149,135
0.42109575122594833,0,136
0.42778830230236053,1,136
0.4364536255598068,2,136
0.44563423097133636,3,136
0.45520591735839844,4,136
0.4637502133846283,5,136
0.46702856570482254,6,136
0.4682121053338051,7,136
0.4765980690717697,8,136
0.4791197795420885,9,136
0.4801229238510132,10,136
0.48194828256964684,11,136
0.47670011781156063,12,136
0.46823763847351074,13,136
0.4680379405617714,14,136
0.46685419976711273,15,136
0.4622078537940979,16,136
0.4732887241989374,17,136
0.4904225179925561,18,136
0.5013945177197456,19,136
0.5132729150354862,20,136
0.5339348614215851,21,136
0.5462485365569592,22,136
0.550483338534832,23,136
0.555264700204134,24,136
0.5584720894694328,25,136
0.5703274384140968,26,136
0.5766052827239037,27,136
0.5926401764154434,28,136
0.6009532287716866,29,136
0.6103763729333878,30,136
0.6182539388537407,31,136
0.6288334131240845,32,136
0.6349031925201416,33,136
0.640399232506752,34,136
0.6487000733613968,35,136
0.65586918592453,36,136
0.6532434821128845,37,136
0.6539670675992966,38,136
0.6461866945028305,39,136
0.6462788879871368,40,136
0.6370816826820374,41,136
0.6294934451580048,42,136
0.6270387023687363,43,136
0.6213642880320549,44,136
0.6141910329461098,45,136
0.6056621372699738,46,136
0.5964277610182762,47,136
0.5830921977758408,48,136
0.5753400549292564,49,136
0.5624949410557747,50,136
0.5451175570487976,51,136
0.5399194806814194,52,136
0.5313137657940388,53,136
0.5179377011954784,54,136
0.5131476623937488,55,136
0.5077370088547468,56,136
0.49914830789202824,57,136
0.49401728995144367,58,136
0.49889490578789264,59,136
0.5003789502370637,60,136
0.5121667273342609,61,136
0.5287089832127094,62,136
0.5409484431147575,63,136
0.549893219023943,64,136
0.5614722184836864,65,136
0.5688062235713005,66,136
0.5746206566691399,67,136
0.5781697258353233,68,136
0.5804240852594376,69,136
0.5960586294531822,70,136
0.6039818450808525,71,136
0.611621305346489,72,136
0.6192183420062065,73,136
0.6292579770088196,74,136
0.6340826749801636,75,136
0.6417640894651413,76,136
0.6460618078708649,77,136
0.654521033167839,78,136
0.6566250324249268,79,136
0.6449686735868454,80,136
0.6385274976491928,81,136
0.6325376480817795,82,136
0.6228208988904953,83,136
0.6184244528412819,84,136
0.610690675675869,85,136
0.595360241830349,86,136
0.5817631334066391,87,136
0.5771864578127861,88,136
0.5774766877293587,89,136
0.5802338868379593,90,136
0.5821518450975418,91,136
0.5860390737652779,92,136
0.5929616615176201,93,136
0.5992932841181755,94,136
0.6072033271193504,95,136
0.6182011365890503,96,136
0.6260357052087784,97,136
0.6291411966085434,98,136
0.6182907298207283,99,136
0.617633692920208,100,136
0.6238132491707802,101,136
0.6271760612726212,102,136
0.6237524449825287,103,136
0.6236158832907677,104,136
0.6176988855004311,105,136
0.599847674369812,106,136
0.578647293150425,107,136
0.5625661164522171,108,136
0.5592746660113335,109,136
0.5576251298189163,110,136
0.5621649697422981,111,136
0.5650615841150284,112,136
0.5728325843811035,113,136
0.5852810591459274,114,136
0.589046336710453,115,136
0.6039557680487633,116,136
0.6193685457110405,117,136
0.6290370523929596,118,136
0.6330143064260483,119,136
0.6262126713991165,120,136
0.6325527131557465,121,136
0.6277190446853638,122,136
0.645629271864891,123,136
0.654571533203125,124,136
0.646756961941719,125,136
0.6389434784650803,126,136
0.6420202851295471,127,136
0.6410837024450302,128,136
0.6457984745502472,129,136
0.652189090847969,130,136
0.6539527922868729,131,136
0.6522519141435623,132,136
0.6433627754449844,133,136
0.6339972466230392,134,136
0.6338609606027603,135,136
0.6359149813652039,136,136
0.6318536996841431,137,136
0.6355839222669601,138,136
0.6405916512012482,139,136
0.6472475975751877,140,136
0.6501336395740509,141,136
0.6532307118177414,142,136
0.6578325480222702,143,136
0.6594199985265732,144,136
0.6572490632534027,145,136
0.651332825422287,146,136
0.6503921449184418,147,136
0.6506576389074326,148,136
0.6427534073591232,149,136
0.4311163127422333,0,137
0.4365627095103264,1,137
0.4429078698158264,2,137
0.4508710689842701,3,137
0.45937132462859154,4,137
0.4635862000286579,5,137
0.4641350395977497,6,137
0.4684998206794262,7,137
0.4748627245426178,8,137
0.4791121557354927,9,137
0.480835260823369,10,137
0.48123463429510593,11,137
0.47985399700701237,12,137
0.47335848584771156,13,137
0.4708500877022743,14,137
0.4772808589041233,15,137
0.4739672429859638,16,137
0.4808444455265999,17,137
0.49107362050563097,18,137
0.5064648031257093,19,137
0.5158367920666933,20,137
0.5336538925766945,21,137
0.5446893908083439,22,137
0.549926795065403,23,137
0.5520985424518585,24,137
0.5582558214664459,25,137
0.5718826428055763,26,137
0.5779737904667854,27,137
0.5855777859687805,28,137
0.595621719956398,29,137
0.6095518618822098,30,137
0.6199155151844025,31,137
0.628797248005867,32,137
0.6278749853372574,33,137
0.639294758439064,34,137
0.6475747972726822,35,137
0.6473684906959534,36,137
0.6454332023859024,37,137
0.6408870667219162,38,137
0.6393461674451828,39,137
0.6357227861881256,40,137
0.62940514087677,41,137
0.6268380880355835,42,137
0.6284225285053253,43,137
0.6207117587327957,44,137
0.6155804768204689,45,137
0.6041299626231194,46,137
0.5938583165407181,47,137
0.580255538225174,48,137
0.5681548565626144,49,137
0.5545891746878624,50,137
0.5430643707513809,51,137
0.5379091277718544,52,137
0.5285505279898643,53,137
0.5169544834643602,54,137
0.5097517715767026,55,137
0.5024757136125118,56,137
0.5007144666742533,57,137
0.497650807723403,58,137
0.5018332103500143,59,137
0.5059434338472784,60,137
0.517879007384181,61,137
0.535246517509222,62,137
0.5517842844128609,63,137
0.5610057786107063,64,137
0.5724724382162094,65,137
0.5771516561508179,66,137
0.5782026425004005,67,137
0.5827030688524246,68,137
0.5869724154472351,69,137
0.6010039895772934,70,137
0.6090948507189751,71,137
0.6234162077307701,72,137
0.6353264153003693,73,137
0.6335542052984238,74,137
0.6331971436738968,75,137
0.6384253054857254,76,137
0.6409520357847214,77,137
0.6445261538028717,78,137
0.6365300863981247,79,137
0.6326890289783478,80,137
0.6263045966625214,81,137
0.6210950314998627,82,137
0.6135837882757187,83,137
0.6039964333176613,84,137
0.5959757193922997,85,137
0.5812522992491722,86,137
0.5635334178805351,87,137
0.5622745230793953,88,137
0.565049909055233,89,137
0.5725347027182579,90,137
0.5813698545098305,91,137
0.5813355222344398,92,137
0.5926912128925323,93,137
0.5978868380188942,94,137
0.603351466357708,95,137
0.6094612553715706,96,137
0.6172545850276947,97,137
0.621150478720665,98,137
0.6213724911212921,99,137
0.6196438148617744,100,137
0.6239480301737785,101,137
0.6265575289726257,102,137
0.6290857940912247,103,137
0.6275836378335953,104,137
0.6194199249148369,105,137
0.6025062426924706,106,137
0.5783357992768288,107,137
0.5643690600991249,108,137
0.5551818534731865,109,137
0.5534320399165154,110,137
0.5572018250823021,111,137
0.5667516440153122,112,137
0.5776122584939003,113,137
0.5844662636518478,114,137
0.5852920785546303,115,137
0.5965873971581459,116,137
0.6046731323003769,117,137
0.6150317639112473,118,137
0.6206414103507996,119,137
0.6189895570278168,120,137
0.6177632063627243,121,137
0.622557669878006,122,137
0.6332881450653076,123,137
0.6390343606472015,124,137
0.638699933886528,125,137
0.6301576644182205,126,137
0.6318010687828064,127,137
0.6340537816286087,128,137
0.6401268392801285,129,137
0.6436260938644409,130,137
0.6467958390712738,131,137
0.6411660313606262,132,137
0.6365131437778473,133,137
0.627399206161499,134,137
0.6241953745484352,135,137
0.6310051828622818,136,137
0.6327139139175415,137,137
0.6343155652284622,138,137
0.6423196196556091,139,137
0.6487345546483994,140,137
0.6540985256433487,141,137
0.6509707719087601,142,137
0.654543086886406,143,137
0.6578555703163147,144,137
0.6568734794855118,145,137
0.6531646102666855,146,137
0.6493470370769501,147,137
0.6410647034645081,148,137
0.6333793848752975,149,137
0.44114014133810997,0,138
0.44910579919815063,1,138
0.4529508277773857,2,138
0.4580690562725067,3,138
0.4614797607064247,4,138
0.4566061459481716,5,138
0.4608921594917774,6,138
0.46360401064157486,7,138
0.4702743999660015,8,138
0.47711750864982605,9,138
0.48002032563090324,10,138
0.4823863934725523,11,138
0.48395483009517193,12,138
0.4825740307569504,13,138
0.4813695754855871,14,138
0.48156188800930977,15,138
0.4866104135289788,16,138
0.485880215652287,17,138
0.49753793864510953,18,138
0.5137638719752431,19,138
0.5280110947787762,20,138
0.536859892308712,21,138
0.5422377176582813,22,138
0.5452621467411518,23,138
0.548498846590519,24,138
0.5499380715191364,25,138
0.5586576797068119,26,138
0.5659807696938515,27,138
0.5812319666147232,28,138
0.5921453684568405,29,138
0.6048981472849846,30,138
0.6170457005500793,31,138
0.6243623271584511,32,138
0.6211660504341125,33,138
0.6302724927663803,34,138
0.6371753960847855,35,138
0.6393057852983475,36,138
0.6393512487411499,37,138
0.6303673684597015,38,138
0.6273384690284729,39,138
0.624919056892395,40,138
0.6238395348191261,41,138
0.6222002059221268,42,138
0.62211824208498,43,138
0.6145152300596237,44,138
0.6065860688686371,45,138
0.6035966500639915,46,138
0.5858757793903351,47,138
0.5757645443081856,48,138
0.5619959384202957,49,138
0.5525122955441475,50,138
0.5428367294371128,51,138
0.5363459885120392,52,138
0.526751983910799,53,138
0.5145563147962093,54,138
0.5063807652331889,55,138
0.5055770771577954,56,138
0.5047279885038733,57,138
0.4999320696297218,58,138
0.5050972565077245,59,138
0.5087592042982578,60,138
0.5218961220234632,61,138
0.5417475812137127,62,138
0.5572430603206158,63,138
0.5696598142385483,64,138
0.5791115984320641,65,138
0.5868490189313889,66,138
0.5891591459512711,67,138
0.5917537733912468,68,138
0.600920245051384,69,138
0.6086678057909012,70,138
0.6216379180550575,71,138
0.636256754398346,72,138
0.6405602246522903,73,138
0.644006684422493,74,138
0.6405991017818451,75,138
0.6416608691215515,76,138
0.6325199007987976,77,138
0.6266776323318481,78,138
0.6262935996055603,79,138
0.6242360100150108,80,138
0.6154327243566513,81,138
0.6100535914301872,82,138
0.604119710624218,83,138
0.5974660813808441,84,138
0.5853597894310951,85,138
0.5705506652593613,86,138
0.5564634576439857,87,138
0.5494678057730198,88,138
0.5542500093579292,89,138
0.5622610673308372,90,138
0.5725515708327293,91,138
0.5797954574227333,92,138
0.5855846703052521,93,138
0.5920685082674026,94,138
0.5948993489146233,95,138
0.6020045652985573,96,138
0.6100709289312363,97,138
0.6145264282822609,98,138
0.6165326237678528,99,138
0.6150451302528381,100,138
0.6207742467522621,101,138
0.6242805123329163,102,138
0.6251367926597595,103,138
0.6223825067281723,104,138
0.6115822419524193,105,138
0.5942833796143532,106,138
0.5767683386802673,107,138
0.563839890062809,108,138
0.5536139234900475,109,138
0.5499957278370857,110,138
0.5515949465334415,111,138
0.5632942169904709,112,138
0.5763885453343391,113,138
0.5857439488172531,114,138
0.587671734392643,115,138
0.5935666486620903,116,138
0.5974917188286781,117,138
0.6067729368805885,118,138
0.6168962568044662,119,138
0.6121625155210495,120,138
0.6097347289323807,121,138
0.6174935102462769,122,138
0.6191290766000748,123,138
0.6229233518242836,124,138
0.6234827190637589,125,138
0.6229644268751144,126,138
0.6273492276668549,127,138
0.6246053948998451,128,138
0.6310981512069702,129,138
0.6305716335773468,130,138
0.6304255574941635,131,138
0.6343983113765717,132,138
0.6342907100915909,133,138
0.6237815320491791,134,138
0.625891238451004,135,138
0.633765384554863,136,138
0.6368127912282944,137,138
0.636201947927475,138,138
0.6450012624263763,139,138
0.6549792885780334,140,138
0.6614464074373245,141,138
0.6551632732152939,142,138
0.6560090780258179,143,138
0.6608724445104599,144,138
0.6540756672620773,145,138
0.6503039002418518,146,138
0.6477183252573013,147,138
0.6380235552787781,148,138
0.6265569925308228,149,138
0.44782308861613274,0,139
0.45625100284814835,1,139
0.45749613642692566,2,139
0.46147526055574417,3,139
0.46043700724840164,4,139
0.4594184458255768,5,139
0.45980696752667427,6,139
0.4623970426619053,7,139
0.46971600130200386,8,139
0.47645888663828373,9,139
0.47560547664761543,10,139
0.47973665595054626,11,139
0.4795136246830225,12,139
0.48184528946876526,13,139
0.4864717833697796,14,139
0.48985217697918415,15,139
0.4955631108023226,16,139
0.4954474912956357,17,139
0.5032674144022167,18,139
0.5145846512168646,19,139
0.5321272723376751,20,139
0.5395538806915283,21,139
0.5420566499233246,22,139
0.5455293729901314,23,139
0.5467701256275177,24,139
0.5502665899693966,25,139
0.5566814094781876,26,139
0.5696784555912018,27,139
0.5845366343855858,28,139
0.5921152830123901,29,139
0.6014689579606056,30,139
0.6134106442332268,31,139
0.6180500164628029,32,139
0.613066740334034,33,139
0.6135740429162979,34,139
0.6193118691444397,35,139
0.622745618224144,36,139
0.6234751492738724,37,139
0.6207867711782455,38,139
0.6204389408230782,39,139
0.6173828840255737,40,139
0.6138396635651588,41,139
0.616075411438942,42,139
0.6144959703087807,43,139
0.5994735434651375,44,139
0.5947060212492943,45,139
0.5884866863489151,46,139
0.5785101726651192,47,139
0.572458416223526,48,139
0.5638482347130775,49,139
0.5521905496716499,50,139
0.5460275448858738,51,139
0.5322499424219131,52,139
0.5263819359242916,53,139
0.5160487089306116,54,139
0.5060657444410026,55,139
0.5024256678298116,56,139
0.5039005980361253,57,139
0.5018249409040436,58,139
0.5035443573724478,59,139
0.5069395345635712,60,139
0.5251089669764042,61,139
0.54047080129385,62,139
0.5575136095285416,63,139
0.5736206769943237,64,139
0.580445408821106,65,139
0.5887985602021217,66,139
0.5917794555425644,67,139
0.5977906808257103,68,139
0.6091735735535622,69,139
0.6144453436136246,70,139
0.6242987737059593,71,139
0.6324966251850128,72,139
0.6363141536712646,73,139
0.6416193246841431,74,139
0.6387239098548889,75,139
0.6376082748174667,76,139
0.6257632225751877,77,139
0.620184101164341,78,139
0.620095320045948,79,139
0.616590291261673,80,139
0.611637532711029,81,139
0.6062451601028442,82,139
0.6030867397785187,83,139
0.5933825597167015,84,139
0.5785723701119423,85,139
0.5662580728530884,86,139
0.5590685233473778,87,139
0.5510606952011585,88,139
0.5552378371357918,89,139
0.5565278306603432,90,139
0.5606049820780754,91,139
0.566632054746151,92,139
0.5756601095199585,93,139
0.5819015428423882,94,139
0.5855899825692177,95,139
0.5909026861190796,96,139
0.596008338034153,97,139
0.605731911957264,98,139
0.6108130440115929,99,139
0.6119461208581924,100,139
0.6212568506598473,101,139
0.6196610853075981,102,139
0.6175173744559288,103,139
0.6097293198108673,104,139
0.601439043879509,105,139
0.5896093398332596,106,139
0.5765135809779167,107,139
0.5602215826511383,108,139
0.5530641078948975,109,139
0.5519636496901512,110,139
0.5529529899358749,111,139
0.5608056411147118,112,139
0.5710631459951401,113,139
0.5818302109837532,114,139
0.5864415392279625,115,139
0.5928728505969048,116,139
0.5936940312385559,117,139
0.5981599688529968,118,139
0.6064008697867393,119,139
0.6044273003935814,120,139
0.602900929749012,121,139
0.6094770729541779,122,139
0.6131552681326866,123,139
0.612677127122879,124,139
0.6145268976688385,125,139
0.6180830076336861,126,139
0.6181047409772873,127,139
0.6180998608469963,128,139
0.6174829378724098,129,139
0.6154652163386345,130,139
0.6195736974477768,131,139
0.6180423498153687,132,139
0.6215780377388,133,139
0.6224909275770187,134,139
0.6228220537304878,135,139
0.6271796673536301,136,139
0.6340764313936234,137,139
0.640351727604866,138,139
0.6551364660263062,139,139
0.6624521911144257,140,139
0.6678935885429382,141,139
0.6565920412540436,142,139
0.6566624790430069,143,139
0.6569127440452576,144,139
0.6513437479734421,145,139
0.6432397961616516,146,139
0.6402904987335205,147,139
0.6326385736465454,148,139
0.6185396909713745,149,139
0.4532613679766655,0,140
0.45676420256495476,1,140
0.4560249224305153,2,140
0.45892464369535446,3,140
0.45785389840602875,4,140
0.4574701711535454,5,140
0.460406880825758,6,140
0.46403737366199493,7,140
0.47132227569818497,8,140
0.47357750684022903,9,140
0.47581783682107925,10,140
0.4798473250120878,11,140
0.4822379518300295,12,140
0.48443587217479944,13,140
0.4943606136366725,14,140
0.5006572069250979,15,140
0.5024534603580832,16,140
0.5002157342823921,17,140
0.5047300937585533,18,140
0.514121406711638,19,140
0.5178450047969818,20,140
0.53063989803195,21,140
0.542159590870142,22,140
0.5466767214238644,23,140
0.5415647067129612,24,140
0.5465670973062515,25,140
0.5577948093414307,26,140
0.5707377046346664,27,140
0.5827918499708176,28,140
0.5908371433615685,29,140
0.6000682041049004,30,140
0.6057971566915512,31,140
0.6063997372984886,32,140
0.607625812292099,33,140
0.6051632314920425,34,140
0.6051048710942268,35,140
0.6073992848396301,36,140
0.6094447299838066,37,140
0.6159253045916557,38,140
0.6143682673573494,39,140
0.6123940348625183,40,140
0.6096486747264862,41,140
0.6091271340847015,42,140
0.6034914031624794,43,140
0.5949667170643806,44,140
0.5914353132247925,45,140
0.5822970047593117,46,140
0.5765008553862572,47,140
0.5745379626750946,48,140
0.5657267645001411,49,140
0.5514368861913681,50,140
0.5414349250495434,51,140
0.5256142877042294,52,140
0.5183825455605984,53,140
0.5138833727687597,54,140
0.5087032048031688,55,140
0.5086764022707939,56,140
0.5074828551150858,57,140
0.5073494333773851,58,140
0.5061027617193758,59,140
0.5117530105635524,60,140
0.5304120946675539,61,140
0.543008379638195,62,140
0.5575901344418526,63,140
0.5727402493357658,64,140
0.5862861201167107,65,140
0.5908696427941322,66,140
0.5956875011324883,67,140
0.5982812643051147,68,140
0.6074226349592209,69,140
0.6158476322889328,70,140
0.6192830502986908,71,140
0.6242997273802757,72,140
0.629102498292923,73,140
0.6302434504032135,74,140
0.6275002807378769,75,140
0.622577004134655,76,140
0.6272447109222412,77,140
0.6266956478357315,78,140
0.617620013654232,79,140
0.6100596338510513,80,140
0.607568696141243,81,140
0.6040497869253159,82,140
0.6007945463061333,83,140
0.5957002192735672,84,140
0.5797136053442955,85,140
0.5699092298746109,86,140
0.5625985264778137,87,140
0.5565669238567352,88,140
0.5561141557991505,89,140
0.5531849265098572,90,140
0.5510579720139503,91,140
0.5526296757161617,92,140
0.5633351653814316,93,140
0.57032909989357,94,140
0.5763878300786018,95,140
0.5841047614812851,96,140
0.588945597410202,97,140
0.5965532138943672,98,140
0.5999818667769432,99,140
0.6056632995605469,100,140
0.6114228367805481,101,140
0.6176360324025154,102,140
0.6095664724707603,103,140
0.6026237159967422,104,140
0.5946841090917587,105,140
0.5874978974461555,106,140
0.5732913985848427,107,140
0.5599401593208313,108,140
0.5498061515390873,109,140
0.5494428724050522,110,140
0.5503273941576481,111,140
0.5565999522805214,112,140
0.5703053921461105,113,140
0.5824875012040138,114,140
0.5889245271682739,115,140
0.5957583039999008,116,140
0.5968068838119507,117,140
0.5947000235319138,118,140
0.6003957688808441,119,140
0.6000216826796532,120,140
0.5993491187691689,121,140
0.5970713943243027,122,140
0.6052252948284149,123,140
0.6092017218470573,124,140
0.6084115654230118,125,140
0.610067293047905,126,140
0.6093485504388809,127,140
0.6063851192593575,128,140
0.6058854907751083,129,140
0.6091826558113098,130,140
0.6179356649518013,131,140
0.6157181337475777,132,140
0.6162703111767769,133,140
0.6216450333595276,134,140
0.622066356241703,135,140
0.6254428029060364,136,140
0.6334888190031052,137,140
0.6405510157346725,138,140
0.6560352742671967,139,140
0.6647049188613892,140,140
0.6630449146032333,141,140
0.6539352834224701,142,140
0.6485032886266708,143,140
0.6491025537252426,144,140
0.6458170264959335,145,140
0.6338122934103012,146,140
0.6326482594013214,147,140
0.6217761933803558,148,140
0.6101762354373932,149,140
0.44972266629338264,0,141
0.4503773935139179,1,141
0.45129820331931114,2,141
0.457022562623024,3,141
0.45980314165353775,4,141
0.4578291103243828,5,141
0.4621085524559021,6,141
0.46334727108478546,7,141
0.46607812866568565,8,141
0.469703521579504,9,141
0.4727253429591656,10,141
0.4746873024851084,11,141
0.4795460235327482,12,141
0.48307533748447895,13,141
0.4932784275151789,14,141
0.5044813882559538,15,141
0.5084484415128827,16,141
0.5066991290077567,17,141
0.5116580985486507,18,141
0.5194186978042126,19,141
0.5202406160533428,20,141
0.5318839251995087,21,141
0.5403820686042309,22,141
0.5482945293188095,23,141
0.5464051067829132,24,141
0.5531913489103317,25,141
0.5691482201218605,26,141
0.5833845287561417,27,141
0.5915514752268791,28,141
0.5981521457433701,29,141
0.6053684949874878,30,141
0.6097463443875313,31,141
0.6110528632998466,32,141
0.6049586832523346,33,141
0.6008992120623589,34,141
0.5999616906046867,35,141
0.6013636440038681,36,141
0.6020777449011803,37,141
0.6078595966100693,38,141
0.6094112768769264,39,141
0.6109701991081238,40,141
0.6068078130483627,41,141
0.6040761768817902,42,141
0.6002027541399002,43,141
0.5895241722464561,44,141
0.5851019993424416,45,141
0.5790188163518906,46,141
0.569820761680603,47,141
0.5704765394330025,48,141
0.565522812306881,49,141
0.555235356092453,50,141
0.539851900190115,51,141
0.5300695728510618,52,141
0.5233957376331091,53,141
0.5165053904056549,54,141
0.5167744066566229,55,141
0.5184321478009224,56,141
0.5172389764338732,57,141
0.5120600890368223,58,141
0.5120927933603525,59,141
0.5202054847031832,60,141
0.5344419926404953,61,141
0.5450819656252861,62,141
0.5593639649450779,63,141
0.5704292356967926,64,141
0.583851583302021,65,141
0.5858316272497177,66,141
0.5963122248649597,67,141
0.6019322574138641,68,141
0.6020899638533592,69,141
0.609940841794014,70,141
0.6146774590015411,71,141
0.6110490411520004,72,141
0.6126221939921379,73,141
0.610636793076992,74,141
0.6045539304614067,75,141
0.6071544736623764,76,141
0.6160196736454964,77,141
0.6177078634500504,78,141
0.6083041653037071,79,141
0.596591979265213,80,141
0.6000730395317078,81,141
0.599610261619091,82,141
0.5970157384872437,83,141
0.5918542891740799,84,141
0.5763418525457382,85,141
0.5673492178320885,86,141
0.5621338076889515,87,141
0.5537415221333504,88,141
0.5597064979374409,89,141
0.5575192831456661,90,141
0.548171654343605,91,141
0.5466004982590675,92,141
0.5511098615825176,93,141
0.5633651092648506,94,141
0.5735669583082199,95,141
0.583164818584919,96,141
0.5861296653747559,97,141
0.58040601760149,98,141
0.5863641276955605,99,141
0.596841461956501,100,141
0.6022126004099846,101,141
0.5950490087270737,102,141
0.592847652733326,103,141
0.5889901667833328,104,141
0.5866125226020813,105,141
0.5812782645225525,106,141
0.5729926079511642,107,141
0.5606331191956997,108,141
0.5541932731866837,109,141
0.5495593883097172,110,141
0.5504963509738445,111,141
0.5569893755018711,112,141
0.5717095136642456,113,141
0.5854438617825508,114,141
0.5950256735086441,115,141
0.6017057448625565,116,141
0.6026130244135857,117,141
0.6039929389953613,118,141
0.6007084846496582,119,141
0.5912819653749466,120,141
0.5864535942673683,121,141
0.5881134942173958,122,141
0.5968847870826721,123,141
0.6009270697832108,124,141
0.6055751517415047,125,141
0.6071854084730148,126,141
0.6113876551389694,127,141
0.6098942458629608,128,141
0.6106543987989426,129,141
0.6103508099913597,130,141
0.6159225553274155,131,141
0.615998737514019,132,141
0.6168250218033791,133,141
0.6224748566746712,134,141
0.626984253525734,135,141
0.6342973560094833,136,141
0.6431776285171509,137,141
0.6474841237068176,138,141
0.6574335992336273,139,141
0.6620877981185913,140,141
0.6564725339412689,141,141
0.643333688378334,142,141
0.6389952600002289,143,141
0.646027535200119,144,141
0.6470128297805786,145,141
0.6423251330852509,146,141
0.6411345899105072,147,141
0.6260364204645157,148,141
0.6109900996088982,149,141
0.4481756240129471,0,142
0.44710760191082954,1,142
0.4477827660739422,2,142
0.45416969060897827,3,142
0.46264659613370895,4,142
0.4636320397257805,5,142
0.4646715559065342,6,142
0.46495646610856056,7,142
0.4670337475836277,8,142
0.4687046632170677,9,142
0.4674132540822029,10,142
0.47591897286474705,11,142
0.478373633697629,12,142
0.4836877342313528,13,142
0.48926838859915733,14,142
0.5003543065395206,15,142
0.5070516164414585,16,142
0.5087575577199459,17,142
0.5130326682701707,18,142
0.5142944874241948,19,142
0.5209910161793232,20,142
0.5359448716044426,21,142
0.5476746931672096,22,142
0.5530853122472763,23,142
0.5569078624248505,24,142
0.5627209916710854,25,142
0.5726638585329056,26,142
0.5811891928315163,27,142
0.5885403007268906,28,142
0.5959267020225525,29,142
0.6017152369022369,30,142
0.6072864979505539,31,142
0.6070238947868347,32,142
0.5970145389437675,33,142
0.594116136431694,34,142
0.5921403169631958,35,142
0.5979302749037743,36,142
0.5986541733145714,37,142
0.6035915091633797,38,142
0.6070185527205467,39,142
0.6051192581653595,40,142
0.5998266860842705,41,142
0.5977929458022118,42,142
0.5974196493625641,43,142
0.5892844423651695,44,142
0.5841715782880783,45,142
0.5787968188524246,46,142
0.5720302686095238,47,142
0.5677538812160492,48,142
0.5579790733754635,49,142
0.5479060336947441,50,142
0.5395186617970467,51,142
0.5303772184997797,52,142
0.5238959304988384,53,142
0.520856162533164,54,142
0.5183015707880259,55,142
0.5191704053431749,56,142
0.5166714582592249,57,142
0.5173527039587498,58,142
0.5176982767879963,59,142
0.5274810865521431,60,142
0.5386520773172379,61,142
0.5519610345363617,62,142
0.5657880902290344,63,142
0.5719563364982605,64,142
0.5783510357141495,65,142
0.5824820622801781,66,142
0.5956803560256958,67,142
0.6048483923077583,68,142
0.6019376218318939,69,142
0.5993201360106468,70,142
0.6021278500556946,71,142
0.5999213084578514,72,142
0.6000510081648827,73,142
0.5950726941227913,74,142
0.5913853347301483,75,142
0.5962086915969849,76,142
0.5990812331438065,77,142
0.5993408784270287,78,142
0.6011054590344429,79,142
0.5962666869163513,80,142
0.5933217704296112,81,142
0.5924753770232201,82,142
0.5891982316970825,83,142
0.5801219940185547,84,142
0.5687577351927757,85,142
0.5654995515942574,86,142
0.5577696152031422,87,142
0.5530262887477875,88,142
0.5567798130214214,89,142
0.5590562894940376,90,142
0.5508985407650471,91,142
0.5481846295297146,92,142
0.5488239265978336,93,142
0.562944583594799,94,142
0.572108268737793,95,142
0.5756435543298721,96,142
0.5740056484937668,97,142
0.5758760422468185,98,142
0.5779815316200256,99,142
0.585405170917511,100,142
0.588328056037426,101,142
0.5855342000722885,102,142
0.5848420560359955,103,142
0.588224358856678,104,142
0.584293968975544,105,142
0.5796978324651718,106,142
0.5712511166930199,107,142
0.5627685561776161,108,142
0.5528743304312229,109,142
0.5465610474348068,110,142
0.5490880087018013,111,142
0.5588396042585373,112,142
0.5693846493959427,113,142
0.5849479585886002,114,142
0.6024294346570969,115,142
0.6112877950072289,116,142
0.6025388911366463,117,142
0.604068361222744,118,142
0.6017502844333649,119,142
0.5947534665465355,120,142
0.5915687680244446,121,142
0.5910028219223022,122,142
0.5946599543094635,123,142
0.5953133255243301,124,142
0.5987144559621811,125,142
0.6051274240016937,126,142
0.6026434823870659,127,142
0.5998871624469757,128,142
0.6031357571482658,129,142
0.6058849766850471,130,142
0.6073426380753517,131,142
0.6067271158099174,132,142
0.6130041927099228,133,142
0.6198983117938042,134,142
0.6266330778598785,135,142
0.6283091753721237,136,142
0.6335627734661102,137,142
0.6435693651437759,138,142
0.6477405428886414,139,142
0.6469739824533463,140,142
0.6427281498908997,141,142
0.6307482421398163,142,142
0.6286898255348206,143,142
0.6356585472822189,144,142
0.6350300312042236,145,142
0.6290031969547272,146,142
0.6273379772901535,147,142
0.6174879968166351,148,142
0.6055215299129486,149,142
0.4421098381280899,0,143
0.4442911706864834,1,143
0.4496491476893425,2,143
0.45922891050577164,3,143
0.4629538618028164,4,143
0.4627392403781414,5,143
0.47255406342446804,6,143
0.4673345424234867,7,143
0.4635765068233013,8,143
0.46386272460222244,9,143
0.47171105071902275,10,143
0.4761370439082384,11,143
0.4801657721400261,12,143
0.4832722321152687,13,143
0.4901787517592311,14,143
0.49759582011029124,15,143
0.499739474238595,16,143
0.5079936282709241,17,143
0.5117004355415702,18,143
0.5144030191004276,19,143
0.5215767379850149,20,143
0.5359064154326916,21,143
0.5483129359781742,22,143
0.5590093769133091,23,143
0.5669933184981346,24,143
0.5711362212896347,25,143
0.5775834694504738,26,143
0.5822852328419685,27,143
0.5880773216485977,28,143
0.5942668840289116,29,143
0.5970645695924759,30,143
0.5963450744748116,31,143
0.5953794345259666,32,143
0.5910011827945709,33,143
0.5847563147544861,34,143
0.5861058086156845,35,143
0.5924476459622383,36,143
0.5930968597531319,37,143
0.5930177047848701,38,143
0.5927159264683723,39,143
0.5954704359173775,40,143
0.5929858759045601,41,143
0.5905095860362053,42,143
0.5898765474557877,43,143
0.5820437371730804,44,143
0.5817046612501144,45,143
0.5741353556513786,46,143
0.5685677975416183,47,143
0.5637437552213669,48,143
0.5510318577289581,49,143
0.5420310087502003,50,143
0.5351351015269756,51,143
0.5287859495729208,52,143
0.5262638162821531,53,143
0.5241489037871361,54,143
0.5265066660940647,55,143
0.522349314764142,56,143
0.5251860376447439,57,143
0.5229462366551161,58,143
0.5304548069834709,59,143
0.5376461111009121,60,143
0.5450220108032227,61,143
0.5557673797011375,62,143
0.5651811510324478,63,143
0.5720128566026688,64,143
0.5811176747083664,65,143
0.5878036990761757,66,143
0.592314176261425,67,143
0.6018853336572647,68,143
0.5990827605128288,69,143
0.5934261605143547,70,143
0.5907032042741776,71,143
0.5852251127362251,72,143
0.5802629664540291,73,143
0.5722827315330505,74,143
0.5789500698447227,75,143
0.5830670520663261,76,143
0.5870735868811607,77,143
0.5938280895352364,78,143
0.5963368713855743,79,143
0.5928682833909988,80,143
0.5973857045173645,81,143
0.594141274690628,82,143
0.5859764143824577,83,143
0.5775244534015656,84,143
0.5692414492368698,85,143
0.5592353008687496,86,143
0.5578423850238323,87,143
0.5593706034123898,88,143
0.5594420209527016,89,143
0.5628514960408211,90,143
0.558027021586895,91,143
0.5531117469072342,92,143
0.5561477579176426,93,143
0.5664047002792358,94,143
0.5733845457434654,95,143
0.5768070966005325,96,143
0.5766120925545692,97,143
0.5748278349637985,98,143
0.571837492287159,99,143
0.5763929262757301,100,143
0.5824431404471397,101,143
0.576602540910244,102,143
0.5769811421632767,103,143
0.5802701115608215,104,143
0.5785681009292603,105,143
0.5728533640503883,106,143
0.5697940364480019,107,143
0.5614343397319317,108,143
0.5508574098348618,109,143
0.543431993573904,110,143
0.552566334605217,111,143
0.560079775750637,112,143
0.5692469924688339,113,143
0.5838825553655624,114,143
0.5999832451343536,115,143
0.6112735792994499,116,143
0.6106744557619095,117,143
0.6106738299131393,118,143
0.6110271215438843,119,143
0.6040195301175117,120,143
0.5951084569096565,121,143
0.5937268137931824,122,143
0.5928903967142105,123,143
0.5875647664070129,124,143
0.5894109383225441,125,143
0.5968688353896141,126,143
0.6022415980696678,127,143
0.6046319380402565,128,143
0.6064320951700211,129,143
0.6097715422511101,130,143
0.605500154197216,131,143
0.6044442132115364,132,143
0.6088883131742477,133,143
0.6192791014909744,134,143
0.6252214014530182,135,143
0.6254919171333313,136,143
0.6271944046020508,137,143
0.6328885406255722,138,143
0.6364417672157288,139,143
0.6346704512834549,140,143
0.6201492100954056,141,143
0.6200452223420143,142,143
0.6184841990470886,143,143
0.6275555044412613,144,143
0.6185900866985321,145,143
0.6132299825549126,146,143
0.610956959426403,147,143
0.6024683192372322,148,143
0.5918247774243355,149,143
0.4380820170044899,0,144
0.44206497445702553,1,144
0.4509059526026249,2,144
0.4619273357093334,3,144
0.46607687696814537,4,144
0.4725971482694149,5,144
0.47340670786798,6,144
0.47288208082318306,7,144
0.47003934532403946,8,144
0.46790410205721855,9,144
0.47090807370841503,10,144
0.47518428042531013,11,144
0.48049631528556347,12,144
0.4866731660440564,13,144
0.49321331549435854,14,144
0.4998294669785537,15,144
0.504605729598552,16,144
0.5083881411701441,17,144
0.5134247979149222,18,144
0.5147417774423957,19,144
0.5221924651414156,20,144
0.5326399840414524,21,144
0.5474826656281948,22,144
0.562572754919529,23,144
0.5704921185970306,24,144
0.5744731649756432,25,144
0.576744556427002,26,144
0.5843357592821121,27,144
0.5918025895953178,28,144
0.5938025712966919,29,144
0.5902977809309959,30,144
0.5908625423908234,31,144
0.5863509625196457,32,144
0.5833303406834602,33,144
0.5785070657730103,34,144
0.5757372230291367,35,144
0.5835537910461426,36,144
0.5886050537228584,37,144
0.5874911770224571,38,144
0.579621396958828,39,144
0.5830932110548019,40,144
0.582287609577179,41,144
0.5817061364650726,42,144
0.5739496350288391,43,144
0.5729832649230957,44,144
0.5778821408748627,45,144
0.574385903775692,46,144
0.563189223408699,47,144
0.5550985261797905,48,144
0.5443803854286671,49,144
0.5341768637299538,50,144
0.5290529169142246,51,144
0.5277227275073528,52,144
0.524840135127306,53,144
0.5203803926706314,54,144
0.5220176111906767,55,144
0.5233090706169605,56,144
0.5323469825088978,57,144
0.5336809530854225,58,144
0.5390360690653324,59,144
0.5398403219878674,60,144
0.5487397983670235,61,144
0.5499999113380909,62,144
0.5632446631789207,63,144
0.5702504217624664,64,144
0.5790576264262199,65,144
0.5879606902599335,66,144
0.5945617482066154,67,144
0.5951636582612991,68,144
0.5938189551234245,69,144
0.5854515805840492,70,144
0.578283779323101,71,144
0.5755852833390236,72,144
0.5682951137423515,73,144
0.5597122982144356,74,144
0.5724658221006393,75,144
0.5770470798015594,76,144
0.5818443223834038,77,144
0.5964163765311241,78,144
0.5978377759456635,79,144
0.6025101840496063,80,144
0.6058898940682411,81,144
0.5967536196112633,82,144
0.5904064998030663,83,144
0.5848802253603935,84,144
0.5646031424403191,85,144
0.5601225905120373,86,144
0.5664952322840691,87,144
0.568472258746624,88,144
0.5608770437538624,89,144
0.5615147091448307,90,144
0.5655355751514435,91,144
0.5626356899738312,92,144
0.5666086599230766,93,144
0.5720203220844269,94,144
0.5784066244959831,95,144
0.580584317445755,96,144
0.5737671256065369,97,144
0.5798759534955025,98,144
0.5782020911574364,99,144
0.5791834816336632,100,144
0.5795141607522964,101,144
0.5747717842459679,102,144
0.5715183019638062,103,144
0.5712001472711563,104,144
0.571699433028698,105,144
0.5703039169311523,106,144
0.5640899837017059,107,144
0.5605760291218758,108,144
0.5543813034892082,109,144
0.5454517416656017,110,144
0.5500003322958946,111,144
0.5564878433942795,112,144
0.5656225755810738,113,144
0.576238252222538,114,144
0.5942157283425331,115,144
0.6062089875340462,116,144
0.6133847832679749,117,144
0.6176064983010292,118,144
0.6144757494330406,119,144
0.6097139492630959,120,144
0.6017793789505959,121,144
0.5981019213795662,122,144
0.5938263610005379,123,144
0.5881672203540802,124,144
0.5852791145443916,125,144
0.5924233719706535,126,144
0.6005319878458977,127,144
0.6011127382516861,128,144
0.6010919660329819,129,144
0.604470506310463,130,144
0.6083720996975899,131,144
0.6034573540091515,132,144
0.602416381239891,133,144
0.6072818115353584,134,144
0.6132664605975151,135,144
0.6155145540833473,136,144
0.6202156096696854,137,144
0.6199465692043304,138,144
0.6240518987178802,139,144
0.6241960898041725,140,144
0.6126331314444542,141,144
0.6119726896286011,142,144
0.6151569858193398,143,144
0.6167910546064377,144,144
0.6078764721751213,145,144
0.5990037471055984,146,144
0.5941285714507103,147,144
0.5903331190347672,148,144
0.5804505571722984,149,144
0.4453866183757782,0,145
0.4498698487877846,1,145
0.45580146461725235,2,145
0.46533893793821335,3,145
0.4688100088387728,4,145
0.4706517197191715,5,145
0.47081195563077927,6,145
0.47414237447082996,7,145
0.4752029422670603,8,145
0.47103120759129524,9,145
0.4715160448104143,10,145
0.4769915007054806,11,145
0.48396686650812626,12,145
0.4904142953455448,13,145
0.4987131138332188,14,145
0.505123742390424,15,145
0.5063769035041332,16,145
0.511463513597846,17,145
0.5178809408098459,18,145
0.5179379433393478,19,145
0.521849999204278,20,145
0.5360172539949417,21,145
0.551580298691988,22,145
0.566167026758194,23,145
0.5750248655676842,24,145
0.5755062848329544,25,145
0.5823441445827484,26,145
0.5857363045215607,27,145
0.5902283638715744,28,145
0.5884237214922905,29,145
0.5882247760891914,30,145
0.5892216339707375,31,145
0.5778927057981491,32,145
0.5714011043310165,33,145
0.5686066895723343,34,145
0.5671712160110474,35,145
0.5738518834114075,36,145
0.5811116620898247,37,145
0.5835644602775574,38,145
0.5773796513676643,39,145
0.5722408890724182,40,145
0.5687612667679787,41,145
0.5711294189095497,42,145
0.5682577639818192,43,145
0.5673394501209259,44,145
0.5662679001688957,45,145
0.5635174885392189,46,145
0.5535438545048237,47,145
0.5459724366664886,48,145
0.5347575955092907,49,145
0.5255045369267464,50,145
0.5270011480897665,51,145
0.5261990986764431,52,145
0.5166100282222033,53,145
0.5200032740831375,54,145
0.5210969038307667,55,145
0.5266778692603111,56,145
0.5368669778108597,57,145
0.5382440760731697,58,145
0.5409495271742344,59,145
0.5386727340519428,60,145
0.5436818450689316,61,145
0.5499563068151474,62,145
0.5564133077859879,63,145
0.5657830908894539,64,145
0.5730815976858139,65,145
0.5824915915727615,66,145
0.5886636450886726,67,145
0.5880650132894516,68,145
0.5866823717951775,69,145
0.5777337849140167,70,145
0.5686495453119278,71,145
0.5634258538484573,72,145
0.5582545883953571,73,145
0.5580244697630405,74,145
0.5680765882134438,75,145
0.5732350051403046,76,145
0.5821790620684624,77,145
0.5951957628130913,78,145
0.5998264476656914,79,145
0.6008853241801262,80,145
0.6051509007811546,81,145
0.6090321019291878,82,145
0.5977717265486717,83,145
0.5832599028944969,84,145
0.5681366622447968,85,145
0.5641436353325844,86,145
0.5682357624173164,87,145
0.5668596923351288,88,145
0.5676818564534187,89,145
0.5691508874297142,90,145
0.5663755834102631,91,145
0.568460151553154,92,145
0.5699069276452065,93,145
0.5762021988630295,94,145
0.5814680978655815,95,145
0.5863250270485878,96,145
0.5867649465799332,97,145
0.5862800106406212,98,145
0.5885489955544472,99,145
0.5828956440091133,100,145
0.5766395628452301,101,145
0.5695951953530312,102,145
0.5659028589725494,103,145
0.5666925236582756,104,145
0.5665871649980545,105,145
0.5662370026111603,106,145
0.5624733120203018,107,145
0.5547859184443951,108,145
0.5484814643859863,109,145
0.5456941537559032,110,145
0.548949096351862,111,145
0.5519082807004452,112,145
0.5605073347687721,113,145
0.5719727873802185,114,145
0.5923301577568054,115,145
0.6035591289401054,116,145
0.6210087835788727,117,145
0.6217416524887085,118,145
0.6175161823630333,119,145
0.6123710051178932,120,145
0.6043740883469582,121,145
0.6002268120646477,122,145
0.5949695035815239,123,145
0.5864155068993568,124,145
0.5756129026412964,125,145
0.5806889608502388,126,145
0.5881927311420441,127,145
0.5917173102498055,128,145
0.5973326563835144,129,145
0.604254312813282,130,145
0.6041464805603027,131,145
0.6047657951712608,132,145
0.6043713465332985,133,145
0.6045968309044838,134,145
0.6040965467691422,135,145
0.6098833233118057,136,145
0.6119814515113831,137,145
0.6142178997397423,138,145
0.6192661300301552,139,145
0.6178111881017685,140,145
0.6032785624265671,141,145
0.6058683544397354,142,145
0.6083381623029709,143,145
0.6033681258559227,144,145
0.598701149225235,145,145
0.5910417288541794,146,145
0.5819852873682976,147,145
0.5768677592277527,148,145
0.5687606856226921,149,145
0.4538928456604481,0,146
0.4582495428621769,1,146
0.4599634148180485,2,146
0.46402497589588165,3,146
0.464336384087801,4,146
0.46730242297053337,5,146
0.469805471599102,6,146
0.47246839851140976,7,146
0.47229103930294514,8,146
0.4736277498304844,9,146
0.4718744680285454,10,146
0.47652120143175125,11,146
0.48337953351438046,12,146
0.4916155468672514,13,146
0.5032717096619308,14,146
0.510357579216361,15,146
0.5096375970169902,16,146
0.5132712740451097,17,146
0.51912622153759,18,146
0.5205583311617374,19,146
0.5273121427744627,20,146
0.5413643196225166,21,146
0.5568838305771351,22,146
0.5682307258248329,23,146
0.5770015940070152,24,146
0.5830718725919724,25,146
0.58730798214674,26,146
0.5861709043383598,27,146
0.5839343890547752,28,146
0.5815693438053131,29,146
0.5841552168130875,30,146
0.5815631523728371,31,146
0.5709228813648224,32,146
0.5669859424233437,33,146
0.5605013184249401,34,146
0.5533327683806419,35,146
0.5583700388669968,36,146
0.5645658001303673,37,146
0.5707827135920525,38,146
0.5687162652611732,39,146
0.5621006563305855,40,146
0.5601851716637611,41,146
0.5602423064410686,42,146
0.5589315705001354,43,146
0.5590064227581024,44,146
0.5608295723795891,45,146
0.5525021031498909,46,146
0.5459460206329823,47,146
0.5399573184549809,48,146
0.5325928069651127,49,146
0.5254311747848988,50,146
0.5257147196680307,51,146
0.5230112988501787,52,146
0.5239119026809931,53,146
0.5211288370192051,54,146
0.5261596478521824,55,146
0.5287450440227985,56,146
0.5274814795702696,57,146
0.5346588417887688,58,146
0.5379143059253693,59,146
0.5377229303121567,60,146
0.5413305088877678,61,146
0.5411088466644287,62,146
0.5477088540792465,63,146
0.5587269812822342,64,146
0.5673029869794846,65,146
0.5761823654174805,66,146
0.5771116614341736,67,146
0.5805768072605133,68,146
0.5846948623657227,69,146
0.5770049467682838,70,146
0.5665956363081932,71,146
0.5560149736702442,72,146
0.5533041059970856,73,146
0.559845507144928,74,146
0.5598552450537682,75,146
0.5673954859375954,76,146
0.5809385254979134,77,146
0.598949134349823,78,146
0.604234516620636,79,146
0.6035246104001999,80,146
0.6072944328188896,81,146
0.6078953221440315,82,146
0.5933461040258408,83,146
0.5815563052892685,84,146
0.5746153891086578,85,146
0.5714385956525803,86,146
0.5698099210858345,87,146
0.5703123509883881,88,146
0.5745421871542931,89,146
0.5739331990480423,90,146
0.5714881345629692,91,146
0.5732445642352104,92,146
0.5717832446098328,93,146
0.5821079611778259,94,146
0.5900285989046097,95,146
0.593775175511837,96,146
0.5926818773150444,97,146
0.5898226946592331,98,146
0.5906640961766243,99,146
0.5856988057494164,100,146
0.576397567987442,101,146
0.5692626535892487,102,146
0.5649927407503128,103,146
0.561191089451313,104,146
0.5595254227519035,105,146
0.5563605576753616,106,146
0.5580064170062542,107,146
0.5503351204097271,108,146
0.5497922450304031,109,146
0.5451195500791073,110,146
0.5512009412050247,111,146
0.5514264963567257,112,146
0.5567455105483532,113,146
0.5718358680605888,114,146
0.5940803438425064,115,146
0.6160374730825424,116,146
0.6256913244724274,117,146
0.626893162727356,118,146
0.6193928569555283,119,146
0.6119856759905815,120,146
0.592041440308094,121,146
0.5919372141361237,122,146
0.591831624507904,123,146
0.5841331109404564,124,146
0.5764650925993919,125,146
0.5776703953742981,126,146
0.5773174837231636,127,146
0.5845781490206718,128,146
0.5942564606666565,129,146
0.6022999510169029,130,146
0.5965900495648384,131,146
0.6022926196455956,132,146
0.607933796942234,133,146
0.6073616221547127,134,146
0.60287194699049,135,146
0.6018989533185959,136,146
0.6055678427219391,137,146
0.6119345277547836,138,146
0.6169839426875114,139,146
0.6073600649833679,140,146
0.593960627913475,141,146
0.5969290882349014,142,146
0.5916363522410393,143,146
0.589112676680088,144,146
0.5900730639696121,145,146
0.5833596885204315,146,146
0.578474722802639,147,146
0.5690974444150925,148,146
0.5583876706659794,149,146
0.45771627500653267,0,147
0.45835356041789055,1,147
0.46222125738859177,2,147
0.4627065882086754,3,147
0.4609828442335129,4,147
0.4632658213376999,5,147
0.469030300155282,6,147
0.4684411697089672,7,147
0.4654216580092907,8,147
0.4698732662945986,9,147
0.4709013905376196,10,147
0.47655390575528145,11,147
0.4844104051589966,12,147
0.49433265207335353,13,147
0.505561497528106,14,147
0.5100525617599487,15,147
0.5101748928427696,16,147
0.513867269270122,17,147
0.517900301143527,18,147
0.5229602921754122,19,147
0.5324901714920998,20,147
0.5442221015691757,21,147
0.5570962987840176,22,147
0.5660524144768715,23,147
0.5783588215708733,24,147
0.5888244211673737,25,147
0.5921303033828735,26,147
0.5912052690982819,27,147
0.5828092768788338,28,147
0.5784645155072212,29,147
0.5795204341411591,30,147
0.583418145775795,31,147
0.5757731273770332,32,147
0.5656304508447647,33,147
0.5522140674293041,34,147
0.5502607934176922,35,147
0.5561658032238483,36,147
0.5567086823284626,37,147
0.561061929911375,38,147
0.5597117319703102,39,147
0.5577462501823902,40,147
0.5506459772586823,41,147
0.549059621989727,42,147
0.5437596403062344,43,147
0.547256339341402,44,147
0.550336416810751,45,147
0.5432240217924118,46,147
0.5390980280935764,47,147
0.5366160869598389,48,147
0.5320247262716293,49,147
0.5262701194733381,50,147
0.5222614705562592,51,147
0.5187248680740595,52,147
0.5287598911672831,53,147
0.5200382471084595,54,147
0.5182396341115236,55,147
0.520454965531826,56,147
0.5205420758575201,57,147
0.5279007907956839,58,147
0.5316479541361332,59,147
0.5312288794666529,60,147
0.5394713692367077,61,147
0.5345072858035564,62,147
0.538695827126503,63,147
0.551937535405159,64,147
0.5619274750351906,65,147
0.5682029649615288,66,147
0.5706173852086067,67,147
0.578695498406887,68,147
0.5800221264362335,69,147
0.5768178030848503,70,147
0.571573980152607,71,147
0.557124424725771,72,147
0.5574744828045368,73,147
0.5570128224790096,74,147
0.5603584945201874,75,147
0.5671436116099358,76,147
0.5836583003401756,77,147
0.6020938828587532,78,147
0.6061544120311737,79,147
0.6054454520344734,80,147
0.6020230650901794,81,147
0.6036482527852058,82,147
0.587522566318512,83,147
0.5866073071956635,84,147
0.5826572999358177,85,147
0.5735320746898651,86,147
0.5763879120349884,87,147
0.5728577226400375,88,147
0.5732682198286057,89,147
0.5765814855694771,90,147
0.5744768306612968,91,147
0.5760598629713058,92,147
0.5771609917283058,93,147
0.5863096341490746,94,147
0.5944332256913185,95,147
0.5920583680272102,96,147
0.5938644930720329,97,147
0.5912600457668304,98,147
0.5896476656198502,99,147
0.5870586186647415,100,147
0.5775773823261261,101,147
0.5712881460785866,102,147
0.5618584118783474,103,147
0.5596474520862103,104,147
0.5558392889797688,105,147
0.5590770952403545,106,147
0.5595737583935261,107,147
0.5564180836081505,108,147
0.5518645420670509,109,147
0.5459285825490952,110,147
0.5561781376600266,111,147
0.5534224286675453,112,147
0.552682738751173,113,147
0.5686542615294456,114,147
0.5921288505196571,115,147
0.6110735312104225,116,147
0.6196505799889565,117,147
0.6217212900519371,118,147
0.6222258359193802,119,147
0.617243804037571,120,147
0.5988265350461006,121,147
0.5968174785375595,122,147
0.59412532299757,123,147
0.5859872251749039,124,147
0.5761062949895859,125,147
0.5750464797019958,126,147
0.5716812014579773,127,147
0.5743769854307175,128,147
0.5880595669150352,129,147
0.5914963558316231,130,147
0.5932095646858215,131,147
0.6021637842059135,132,147
0.6089055761694908,133,147
0.6067090258002281,134,147
0.5986222922801971,135,147
0.5933817923069,136,147
0.6022007614374161,137,147
0.6074212938547134,138,147
0.610081784427166,139,147
0.6124370694160461,140,147
0.5987601652741432,141,147
0.5919770002365112,142,147
0.5854127258062363,143,147
0.5811276063323021,144,147
0.5823108926415443,145,147
0.5800682157278061,146,147
0.5771832466125488,147,147
0.5703765153884888,148,147
0.55252605676651,149,147
0.46117735281586647,0,148
0.4603842981159687,1,148
0.4613220654428005,2,148
0.4607165567576885,3,148
0.4592662863433361,4,148
0.46026188507676125,5,148
0.4614729844033718,6,148
0.4639836512506008,7,148
0.46394024789333344,8,148
0.47018364630639553,9,148
0.476132670417428,10,148
0.4822302181273699,11,148
0.4876874126493931,12,148
0.49222889728844166,13,148
0.49933653586776927,14,148
0.50834721326828,15,148
0.5095884827896953,16,148
0.5094972848892212,17,148
0.5141371767967939,18,148
0.520100699737668,19,148
0.5326124355196953,20,148
0.5423728823661804,21,148
0.5546237342059612,22,148
0.5732634142041206,23,148
0.5812612697482109,24,148
0.5929765179753304,25,148
0.594166062772274,26,148
0.5927493795752525,27,148
0.5872067511081696,28,148
0.5766592100262642,29,148
0.5772509202361107,30,148
0.577659048140049,31,148
0.5713866353034973,32,148
0.562626801431179,33,148
0.5524361059069633,34,148
0.548426017165184,35,148
0.5500433146953583,36,148
0.5495899058878422,37,148
0.5499199815094471,38,148
0.5523896589875221,39,148
0.5470797680318356,40,148
0.5393450371921062,41,148
0.5356750153005123,42,148
0.5324008911848068,43,148
0.5370832905173302,44,148
0.5360499955713749,45,148
0.5344528332352638,46,148
0.5375096574425697,47,148
0.5340939536690712,48,148
0.5319566205143929,49,148
0.5172388143837452,50,148
0.5201679989695549,51,148
0.5223434157669544,52,148
0.5214452631771564,53,148
0.5163920391350985,54,148
0.5134638361632824,55,148
0.5129975993186235,56,148
0.511806508526206,57,148
0.5186853650957346,58,148
0.5175628997385502,59,148
0.5184376314282417,60,148
0.5294307395815849,61,148
0.525931254029274,62,148
0.5317324809730053,63,148
0.544650387018919,64,148
0.5580273382365704,65,148
0.5639253705739975,66,148
0.5631678849458694,67,148
0.5708760842680931,68,148
0.5730133354663849,69,148
0.574649915099144,70,148
0.5771032571792603,71,148
0.5707840844988823,72,148
0.5638780295848846,73,148
0.5625789538025856,74,148
0.5672268494963646,75,148
0.5778028294444084,76,148
0.5899543613195419,77,148
0.6030199304223061,78,148
0.6086921542882919,79,148
0.6044724956154823,80,148
0.6050704717636108,81,148
0.6035140976309776,82,148
0.5916744098067284,83,148
0.5893074050545692,84,148
0.5872471407055855,85,148
0.5854198783636093,86,148
0.5823840498924255,87,148
0.5720866918563843,88,148
0.5759907439351082,89,148
0.5807233303785324,90,148
0.5718147605657578,91,148
0.5802574157714844,92,148
0.5845178663730621,93,148
0.5890954434871674,94,148
0.5919185057282448,95,148
0.5941582843661308,96,148
0.5978473871946335,97,148
0.5988100618124008,98,148
0.5931544378399849,99,148
0.5877634510397911,100,148
0.5786958858370781,101,148
0.5695784315466881,102,148
0.5629961267113686,103,148
0.5605610720813274,104,148
0.5614721365272999,105,148
0.5631533563137054,106,148
0.564495749771595,107,148
0.5589037165045738,108,148
0.5506360903382301,109,148
0.5447736345231533,110,148
0.5547905787825584,111,148
0.5561647452414036,112,148
0.5570801198482513,113,148
0.5666737407445908,114,148
0.5835002064704895,115,148
0.6003699004650116,116,148
0.6125501692295074,117,148
0.6214601546525955,118,148
0.6247562021017075,119,148
0.6225675716996193,120,148
0.607231892645359,121,148
0.6039849072694778,122,148
0.5988586321473122,123,148
0.5861957967281342,124,148
0.5799719542264938,125,148
0.5737896412611008,126,148
0.5704543739557266,127,148
0.5758166834712029,128,148
0.5850612372159958,129,148
0.5889444872736931,130,148
0.5941813662648201,131,148
0.6034120917320251,132,148
0.603974737226963,133,148
0.6065097898244858,134,148
0.5950152724981308,135,148
0.5902310088276863,136,148
0.5983453169465065,137,148
0.6024587824940681,138,148
0.603196419775486,139,148
0.6067616641521454,140,148
0.5997940227389336,141,148
0.5932360142469406,142,148
0.5854877457022667,143,148
0.5808272510766983,144,148
0.5764636769890785,145,148
0.5753671750426292,146,148
0.5768516436219215,147,148
0.5693165957927704,148,148
0.5560896806418896,149,148
0.45978932455182076,0,149
0.45709478110074997,1,149
0.4600594975054264,2,149
0.4567905180156231,3,149
0.4554353803396225,4,149
0.4551551565527916,5,149
0.4546232968568802,6,149
0.45862527936697006,7,149
0.46294179931282997,8,149
0.47179241478443146,9,149
0.47932276502251625,10,149
0.48598367907106876,11,149
0.48746094945818186,12,149
0.49101659189909697,13,149
0.49291970767080784,14,149
0.5005278449971229,15,149
0.503189385170117,16,149
0.5100887501612306,17,149
0.5154038239270449,18,149
0.5212707258760929,19,149
0.5284302290529013,20,149
0.5383969582617283,21,149
0.551947757601738,22,149
0.5679887384176254,23,149
0.5761694088578224,24,149
0.5868429467082024,25,149
0.588405653834343,26,149
0.586346335709095,27,149
0.5782544314861298,28,149
0.5705658793449402,29,149
0.5706901028752327,30,149
0.5730865076184273,31,149
0.5688703581690788,32,149
0.5594834350049496,33,149
0.5547860227525234,34,149
0.550818033516407,35,149
0.5518456548452377,36,149
0.5480760931968689,37,149
0.5462792403995991,38,149
0.5416902266442776,39,149
0.5382841154932976,40,149
0.5310442745685577,41,149
0.5280657187104225,42,149
0.5269256886094809,43,149
0.5270173605531454,44,149
0.5268018990755081,45,149
0.5253882631659508,46,149
0.5279087387025356,47,149
0.5259820260107517,48,149
0.5239302832633257,49,149
0.5156482364982367,50,149
0.5142476912587881,51,149
0.513218043372035,52,149
0.51232307869941,53,149
0.5127796437591314,54,149
0.5130618009716272,55,149
0.5127672897651792,56,149
0.5103327995166183,57,149
0.512408290989697,58,149
0.512215324677527,59,149
0.5165532119572163,60,149
0.5232648719102144,61,149
0.5243954733014107,62,149
0.5288301855325699,63,149
0.5349828936159611,64,149
0.543180737644434,65,149
0.5487347356975079,66,149
0.5582386218011379,67,149
0.5626281350851059,68,149
0.565615713596344,69,149
0.5723077952861786,70,149
0.5734595209360123,71,149
0.5737662464380264,72,149
0.5743811652064323,73,149
0.5766609683632851,74,149
0.581193819642067,75,149
0.591714896261692,76,149
0.601974368095398,77,149
0.6087932661175728,78,149
0.6117974668741226,79,149
0.6099168509244919,80,149
0.6071614772081375,81,149
0.6020970791578293,82,149
0.597709946334362,83,149
0.5953349620103836,84,149
0.590978816151619,85,149
0.5882904678583145,86,149
0.5873209238052368,87,149
0.5770653635263443,88,149
0.576836384832859,89,149
0.5809092819690704,90,149
0.5780593156814575,91,149
0.5834354311227798,92,149
0.5820638313889503,93,149
0.58670224994421,94,149
0.5882935523986816,95,149
0.5945498570799828,96,149
0.5970049053430557,97,149
0.594955787062645,98,149
0.5920154303312302,99,149
0.5853126272559166,100,149
0.5771038606762886,101,149
0.5708741247653961,102,149
0.5672903805971146,103,149
0.565557025372982,104,149
0.5676032528281212,105,149
0.571980245411396,106,149
0.5705518946051598,107,149
0.563455805182457,108,149
0.5545801147818565,109,149
0.5513184256851673,110,149
0.5578375048935413,111,149
0.5608020611107349,112,149
0.5635359510779381,113,149
0.5677268356084824,114,149
0.58210738748312,115,149
0.5932825207710266,116,149
0.6061874479055405,117,149
0.6161014288663864,118,149
0.6228845790028572,119,149
0.6156419143080711,120,149
0.6086161807179451,121,149
0.6026521176099777,122,149
0.5967316329479218,123,149
0.5860384330153465,124,149
0.5832276865839958,125,149
0.5738063156604767,126,149
0.570988617837429,127,149
0.5750871300697327,128,149
0.5835091695189476,129,149
0.5869637355208397,130,149
0.5886574611067772,131,149
0.5894134417176247,132,149
0.5935876742005348,133,149
0.5991026610136032,134,149
0.5922577977180481,135,149
0.5869973003864288,136,149
0.5936077833175659,137,149
0.5957968682050705,138,149
0.5949732214212418,139,149
0.5970690101385117,140,149
0.5922881811857224,141,149
0.5862404555082321,142,149
0.5811190977692604,143,149
0.5721298903226852,144,149
0.569550134241581,145,149
0.5691237449645996,146,149
0.5634476840496063,147,149
0.5657384246587753,148,149
0.5601832270622253,149,149
